order_id,order_date,date_id,customer_id,store_id,employee_id,payment_method,order_status,total_revenue,total_cost
ORD0003830,2022-01-01,20220101,CUS01700,4,EMP0089,Debit Card,Completed,840.0,460.0
ORD0001773,2022-01-01,20220101,CUS01029,2,EMP0047,Debit Card,Completed,1332.0,740.0
ORD0011987,2022-01-01,20220101,CUS02153,11,EMP0173,Debit Card,Completed,520.0,260.0
ORD0009735,2022-01-01,20220101,CUS00424,2,EMP0043,Cash,Completed,344.0,210.0
ORD0007544,2022-01-01,20220101,CUS01849,10,EMP0160,Vodafone Cash,Completed,1408.0,740.0
ORD0003270,2022-01-01,20220101,CUS02303,7,EMP0128,Fawry,Completed,324.0,170.0
ORD0010894,2022-01-01,20220101,CUS01418,14,EMP0197,Vodafone Cash,Completed,828.5,420.0
ORD0003885,2022-01-01,20220101,CUS01590,14,EMP0194,InstaPay,Returned,2101.5,1080.0
ORD0009843,2022-01-01,20220101,CUS01268,4,EMP0082,  Fawry  ,Completed,1514.0,740.0
ORD0001947,2022-01-01,20220101,CUS02308,6,EMP0115,InstaPay,Completed,12945.5,12110.0
ORD0007370,2022-01-01,20220101,CUS01745,6,EMP0116,  Debit Card  ,Completed,1112.5,610.0
ORD0005761,2022-01-02,20220102,CUS02600,1,EMP0017,Debit Card,Completed,459.0,260.0
ORD0003284,2022-01-02,20220102,CUS02060,9,EMP0148,  Credit Card  ,Completed,108.0,60.0
ORD0009709,2022-01-02,20220102,CUS00704,4,EMP0083,Vodafone Cash,Completed,980.0,570.0
ORD0010942,2022-01-02,20220102,CUS00611,3,EMP0055,Debit Card,Completed,150.0,70.0
ORD0003412,2022-01-02,20220102,CUS00162,3,EMP0063,Vodafone Cash,Completed,1187.5,630.0
ORD0004900,2022-01-02,20220102,CUS02322,12,EMP0179,  Debit Card  ,Completed,1046.0,530.0
ORD0004801,2022-01-02,20220102,CUS00312,1,EMP0006,  Debit Card  ,Completed,1008.0,550.0
ORD0004599,2022-01-02,20220102,CUS01963,15,EMP0208,  InstaPay  ,Completed,1720.0,820.0
ORD0009755,2022-01-02,20220102,CUS00200,7,,Credit Card,Completed,960.5,560.0
ORD0002349,2022-01-02,20220102,CUS01585,4,EMP0091,  Fawry  ,Completed,1653.0,820.0
ORD0005584,2022-01-02,20220102,CUS02863,2,EMP0040,Cash,Completed,1620.0,870.0
ORD0006462,2022-01-02,20220102,CUS01886,1,EMP0001,Debit Card,Completed,720.0,360.0
ORD0004872,2022-01-02,20220102,CUS02790,1,EMP0025,Fawry,Completed,10040.0,9440.0
ORD0007354,2022-01-02,20220102,CUS02723,11,EMP0165,Cash,Completed,1745.0,930.0
ORD0003556,2022-01-02,20220102,CUS00337,9,EMP0148,Fawry,Cancelled,150.0,70.0
ORD0007514,2022-01-03,20220103,CUS00158,4,EMP0090,Debit Card,Completed,984.0,490.0
ORD0011781,2022-01-03,20220103,CUS01931,13,EMP0188,Cash,Completed,882.0,680.0
ORD0007012,2022-01-03,20220103,CUS01388,9,EMP0146,InstaPay,Returned,270.0,130.0
ORD0002990,2022-01-03,20220103,CUS00970,11,EMP0168,  InstaPay  ,Completed,17420.0,18100.0
ORD0009779,2022-01-03,20220103,CUS00024,10,EMP0155,Vodafone Cash,Completed,1496.0,880.0
ORD0007898,2022-01-03,20220103,CUS01384,2,EMP0029,Fawry,Completed,620.5,360.0
ORD0006630,2022-01-03,20220103,CUS02931,3,EMP0075,Credit Card,Completed,1705.0,840.0
ORD0002527,2022-01-03,20220103,CUS00863,7,EMP0128,Credit Card,Returned,140.0,70.0
ORD0011599,2022-01-03,20220103,CUS01797,4,EMP0092,Debit Card,Completed,1000.0,480.0
ORD0008200,2022-01-03,20220103,CUS00763,14,EMP0200,Fawry,Completed,250.0,120.0
ORD0008133,2022-01-03,20220103,CUS00287,3,EMP0061,Credit Card,Completed,400.0,180.0
ORD0006331,2022-01-03,20220103,CUS00926,8,EMP0138,Debit Card,Completed,144.0,80.0
ORD0011920,2022-01-03,20220103,CUS01445,5,EMP0099,Fawry,Completed,1879.0,1150.0
ORD0007389,2022-01-04,20220104,CUS01796,12,EMP0179,Vodafone Cash,Completed,1912.5,1260.0
ORD0005911,2022-01-04,20220104,CUS02048,9,EMP0148,  Fawry  ,Completed,126.0,70.0
ORD0003572,2022-01-04,20220104,CUS02975,1,EMP0008,Cash,Completed,867.0,500.0
ORD0003245,2022-01-04,20220104,CUS00890,10,EMP0153,Credit Card,Completed,126.0,70.0
ORD0008639,2022-01-04,20220104,CUS02459,5,EMP0097,Fawry,Returned,2438.5,1370.0
ORD0000613,2022-01-04,20220104,CUS01480,3,EMP0056,Cash,Completed,180.0,120.0
ORD0003217,2022-01-04,20220104,CUS01847,2,EMP0050,Cash,Completed,480.0,230.0
ORD0009497,2022-01-04,20220104,CUS01201,7,EMP0131,Credit Card,Completed,144.0,70.0
ORD0001547,2022-01-04,20220104,CUS01211,1,EMP0014,  Credit Card  ,Completed,364.0,240.0
ORD0011181,2022-01-04,20220104,CUS02923,1,EMP0007,Cash,Completed,3545.0,1760.0
ORD0008695,2022-01-04,20220104,CUS02351,2,EMP0048,Fawry,Returned,669.0,350.0
ORD0005622,2022-01-04,20220104,CUS00922,2,EMP0036,Fawry,Completed,32539.0,27040.0
ORD0005698,2022-01-04,20220104,CUS02083,6,EMP0123,Debit Card,Returned,522.0,290.0
ORD0010585,2022-01-04,20220104,CUS01845,3,EMP0060,Cash,Completed,3961.0,1970.0
ORD0008959,2022-01-05,20220105,CUS00118,5,EMP0103,InstaPay,Completed,1434.0,740.0
ORD0004075,2022-01-05,20220105,CUS02268,5,EMP0098,  Fawry  ,Completed,25450.0,24700.0
ORD0005996,2022-01-05,20220105,CUS02966,5,EMP0101,Vodafone Cash,Completed,442.0,250.0
ORD0008933,2022-01-05,20220105,CUS00282,1,EMP0005,Cash,Completed,16097.0,13210.0
ORD0009180,2022-01-05,20220105,CUS01953,1,EMP0010,Cash,Completed,8122.5,6890.0
ORD0004337,2022-01-05,20220105,CUS01321,1,EMP0021,InstaPay,Completed,378.0,210.0
ORD0007407,2022-01-05,20220105,CUS00761,3,EMP0056,  InstaPay  ,Completed,180.0,100.0
ORD0009048,2022-01-05,20220105,CUS02462,15,EMP0212,InstaPay,Returned,1696.0,890.0
ORD0001409,2022-01-05,20220105,CUS00053,3,EMP0073,Fawry,Completed,35640.0,31500.0
ORD0006533,2022-01-05,20220105,CUS02993,3,EMP0073,  InstaPay  ,Completed,482.5,260.0
ORD0004558,2022-01-05,20220105,CUS02352,5,EMP0111,Credit Card,Completed,135.0,70.0
ORD0006990,2022-01-05,20220105,CUS00896,11,EMP0164,Vodafone Cash,Completed,1125.0,590.0
ORD0011981,2022-01-05,20220105,CUS02416,2,EMP0051,  Cash  ,Completed,28594.0,30160.0
ORD0002793,2022-01-05,20220105,CUS02389,14,EMP0197,InstaPay,Cancelled,8160.0,8000.0
ORD0005004,2022-01-06,20220106,CUS01392,13,EMP0190,Fawry,Completed,747.0,450.0
ORD0008997,2022-01-06,20220106,CUS02796,12,EMP0177,Credit Card,Completed,480.0,300.0
ORD0005212,2022-01-06,20220106,CUS00312,10,EMP0156,  Fawry  ,Completed,5738.0,4610.0
ORD0005132,2022-01-06,20220106,CUS02109,6,EMP0123,Vodafone Cash,Completed,510.0,280.0
ORD0009384,2022-01-06,20220106,CUS00027,5,EMP0095,InstaPay,Completed,170.0,80.0
ORD0011794,2022-01-06,20220106,CUS00894,8,EMP0143,InstaPay,Completed,253.5,140.0
ORD0001834,2022-01-06,20220106,CUS02698,2,EMP0042,  InstaPay  ,Completed,1048.0,630.0
ORD0011552,2022-01-06,20220106,CUS02399,1,EMP0010,Debit Card,Completed,150.0,70.0
ORD0009837,2022-01-07,20220107,CUS00485,13,,Vodafone Cash,Completed,935.0,560.0
ORD0011401,2022-01-07,20220107,CUS01289,1,EMP0017,Credit Card,Completed,1472.5,700.0
ORD0006381,2022-01-07,20220107,CUS02538,1,EMP0006,InstaPay,Completed,280.0,140.0
ORD0007846,2022-01-07,20220107,CUS01069,12,EMP0184,Vodafone Cash,Completed,1740.0,870.0
ORD0000234,2022-01-07,20220107,CUS02362,1,EMP0026,InstaPay,Completed,15134.0,12020.0
ORD0001923,2022-01-07,20220107,CUS02280,6,EMP0124,Debit Card,Returned,2199.5,1110.0
ORD0007912,2022-01-07,20220107,CUS00133,7,,Debit Card,Completed,3210.5,1610.0
ORD0003882,2022-01-07,20220107,CUS01458,2,EMP0051,Debit Card,Completed,320.0,140.0
ORD0011170,2022-01-08,20220108,CUS01226,3,EMP0070,Cash,Completed,1620.0,810.0
ORD0008414,2022-01-08,20220108,CUS01391,1,EMP0028,Cash,Completed,458.0,260.0
ORD0004736,2022-01-08,20220108,CUS00681,7,EMP0128,  InstaPay  ,Completed,234.0,130.0
ORD0009892,2022-01-08,20220108,CUS02128,5,EMP0097,InstaPay,Completed,750.0,480.0
ORD0006138,2022-01-08,20220108,CUS00831,3,EMP0055,Vodafone Cash,Completed,14230.0,12690.0
ORD0000568,2022-01-08,20220108,CUS00421,7,EMP0135,  Cash  ,Completed,2236.5,1140.0
ORD0003796,2022-01-08,20220108,CUS01402,3,EMP0077,Vodafone Cash,Completed,336.0,210.0
ORD0011913,2022-01-08,20220108,CUS00640,9,EMP0147,  Credit Card  ,Completed,333.0,180.0
ORD0001218,2022-01-08,20220108,CUS02028,5,EMP0112,Debit Card,Completed,378.0,200.0
ORD0003840,2022-01-08,20220108,CUS01966,14,EMP0195,InstaPay,Completed,126.0,70.0
ORD0009786,2022-01-09,20220109,CUS00671,11,EMP0165,InstaPay,Completed,1142.5,690.0
ORD0010092,2022-01-09,20220109,CUS01602,3,EMP0060,Vodafone Cash,Completed,1530.0,750.0
ORD0009742,2022-01-09,20220109,CUS00483,6,EMP0122,Cash,Completed,726.0,360.0
ORD0005699,2022-01-09,20220109,CUS02224,4,EMP0079,Vodafone Cash,Completed,277.5,180.0
ORD0006301,2022-01-09,20220109,CUS02704,2,EMP0037,Credit Card,Completed,1461.5,730.0
ORD0006700,2022-01-09,20220109,CUS00446,11,EMP0169,Cash,Completed,11090.0,8790.0
ORD0008986,2022-01-09,20220109,CUS00592,6,EMP0120,InstaPay,Completed,342.0,180.0
ORD0011525,2022-01-09,20220109,CUS02507,5,EMP0104,Vodafone Cash,Completed,662.5,370.0
ORD0001944,2022-01-09,20220109,CUS02423,3,EMP0074,Cash,Completed,260.0,130.0
ORD0011808,2022-01-09,20220109,CUS01630,11,EMP0164,Credit Card,Completed,837.0,450.0
ORD0007767,2022-01-09,20220109,CUS02662,6,EMP0118,Cash,Completed,320.0,140.0
ORD0004495,2022-01-10,20220110,CUS02848,12,EMP0182,Debit Card,Completed,611.0,310.0
ORD0010893,2022-01-10,20220110,CUS01447,3,EMP0077,  InstaPay  ,Completed,621.5,310.0
ORD0010588,2022-01-10,20220110,CUS02694,2,EMP0036,Debit Card,Completed,493.0,280.0
ORD0001710,2022-01-10,20220110,CUS01942,7,EMP0131,Vodafone Cash,Completed,1125.0,600.0
ORD0003634,2022-01-10,20220110,CUS00322,5,EMP0112,Vodafone Cash,Completed,1050.0,500.0
ORD0010107,2022-01-11,20220111,CUS01780,4,EMP0086,Debit Card,Completed,1070.0,510.0
ORD0000696,2022-01-11,20220111,CUS01739,1,EMP0005,Fawry,Returned,816.0,660.0
ORD0001231,2022-01-11,20220111,CUS00296,8,EMP0138,Cash,Completed,21919.0,21430.0
ORD0001830,2022-01-11,20220111,CUS01008,5,,Fawry,Completed,2232.0,1150.0
ORD0002944,2022-01-11,20220111,CUS02313,12,EMP0179,Debit Card,Completed,412.0,250.0
ORD0008088,2022-01-11,20220111,CUS00678,6,EMP0118,Fawry,Completed,828.0,440.0
ORD0009421,2022-01-11,20220111,CUS02612,15,EMP0215,Cash,Returned,190.0,90.0
ORD0006707,2022-01-11,20220111,CUS01425,1,EMP0002,Vodafone Cash,Completed,27270.0,24040.0
ORD0001365,2022-01-11,20220111,CUS01881,2,EMP0048,InstaPay,Completed,3330.0,2510.0
ORD0005705,2022-01-11,20220111,CUS02790,2,EMP0046,Fawry,Completed,210.0,100.0
ORD0002223,2022-01-11,20220111,CUS00186,2,EMP0031,Credit Card,Completed,5603.0,3840.0
ORD0002684,2022-01-12,20220112,CUS01633,2,EMP0038,Credit Card,Completed,1656.0,880.0
ORD0002970,2022-01-12,20220112,CUS00602,11,EMP0173,Credit Card,Completed,418.0,220.0
ORD0009076,2022-01-12,20220112,CUS01918,12,EMP0174,  Cash  ,Completed,2300.0,1460.0
ORD0009682,2022-01-12,20220112,CUS00258,10,EMP0158,Debit Card,Completed,291.0,160.0
ORD0004272,2022-01-12,20220112,CUS00064,14,EMP0200,Vodafone Cash,Completed,360.0,160.0
ORD0010444,2022-01-12,20220112,CUS00427,10,EMP0158,InstaPay,Completed,4096.0,2040.0
ORD0004712,2022-01-12,20220112,CUS00906,3,EMP0063,Vodafone Cash,Completed,1392.0,720.0
ORD0009161,2022-01-13,20220113,CUS00545,3,EMP0058,Credit Card,Completed,140.0,70.0
ORD0006280,2022-01-13,20220113,CUS00945,1,EMP0014,InstaPay,Completed,228.0,120.0
ORD0001725,2022-01-13,20220113,CUS00251,2,EMP0037,InstaPay,Completed,1143.0,560.0
ORD0003601,2022-01-13,20220113,CUS02253,5,EMP0108,Fawry,Completed,288.0,140.0
ORD0005311,2022-01-13,20220113,CUS02704,5,EMP0106,Vodafone Cash,Completed,640.0,280.0
ORD0001180,2022-01-13,20220113,CUS01684,3,EMP0077,Fawry,Completed,948.0,510.0
ORD0009093,2022-01-13,20220113,CUS02976,1,EMP0023,  Debit Card  ,Completed,1104.0,660.0
ORD0006115,2022-01-13,20220113,CUS01254,3,EMP0071,Credit Card,Completed,1022.0,530.0
ORD0002179,2022-01-14,20220114,CUS00544,5,EMP0106,Credit Card,Completed,2087.5,1030.0
ORD0001483,2022-01-14,20220114,CUS00710,5,EMP0098,InstaPay,Completed,232.5,110.0
ORD0001788,2022-01-14,20220114,CUS01619,13,EMP0191,  Vodafone Cash  ,Returned,1664.0,820.0
ORD0003798,2022-01-14,20220114,CUS02666,3,EMP0071,InstaPay,Completed,648.0,340.0
ORD0004876,2022-01-14,20220114,CUS00233,5,EMP0095,Cash,Completed,423.0,230.0
ORD0000031,2022-01-14,20220114,CUS01253,2,EMP0038,Debit Card,Completed,2388.0,1330.0
ORD0011499,2022-01-14,20220114,CUS02865,3,EMP0067,Credit Card,Completed,5760.0,4360.0
ORD0001845,2022-01-14,20220114,CUS00304,2,EMP0029,  Vodafone Cash  ,Completed,1090.0,570.0
ORD0003747,2022-01-14,20220114,CUS00044,8,EMP0141,Cash,Completed,785.5,480.0
ORD0007255,2022-01-14,20220114,CUS00697,14,EMP0194,Credit Card,Completed,1350.0,750.0
ORD0007778,2022-01-14,20220114,CUS01633,10,EMP0162,Credit Card,Completed,810.0,400.0
ORD0001031,2022-01-14,20220114,CUS02415,7,EMP0136,Credit Card,Completed,520.0,250.0
ORD0005514,2022-01-14,20220114,CUS02599,8,EMP0139,Credit Card,Completed,600.0,290.0
ORD0004704,2022-01-14,20220114,CUS01143,3,EMP0055,Vodafone Cash,Completed,898.0,460.0
ORD0008914,2022-01-14,20220114,CUS01806,13,EMP0191,Cash,Completed,1188.0,670.0
ORD0004878,2022-01-14,20220114,CUS02570,4,EMP0089,Debit Card,Completed,800.0,700.0
ORD0006349,2022-01-14,20220114,CUS01026,7,EMP0131,  InstaPay  ,Completed,6100.0,4900.0
ORD0009016,2022-01-14,20220114,CUS01602,7,EMP0135,Debit Card,Completed,16920.5,14990.0
ORD0005296,2022-01-14,20220114,CUS01222,11,EMP0164,Fawry,Completed,23141.0,21360.0
ORD0000240,2022-01-15,20220115,CUS02998,6,EMP0124,Vodafone Cash,Completed,1359.0,750.0
ORD0007873,2022-01-15,20220115,CUS02519,6,EMP0114,Fawry,Completed,1026.0,540.0
ORD0006634,2022-01-15,20220115,CUS02489,7,EMP0133,Debit Card,Completed,368.0,220.0
ORD0009229,2022-01-15,20220115,CUS00854,5,EMP0098,  InstaPay  ,Cancelled,460.0,220.0
ORD0000433,2022-01-15,20220115,CUS00318,10,EMP0158,Credit Card,Completed,290.0,140.0
ORD0006410,2022-01-15,20220115,CUS02734,5,EMP0112,InstaPay,Returned,453.0,260.0
ORD0010832,2022-01-15,20220115,CUS01781,1,EMP0018,Cash,Returned,600.0,400.0
ORD0004209,2022-01-15,20220115,CUS00947,3,EMP0073,Cash,Completed,874.5,460.0
ORD0004082,2022-01-15,20220115,CUS00157,10,,Fawry,Completed,16228.0,12620.0
ORD0001553,2022-01-15,20220115,CUS00613,2,EMP0036,Vodafone Cash,Completed,848.0,450.0
ORD0008154,2022-01-15,20220115,CUS01579,4,,Cash,Completed,8100.0,8400.0
ORD0006488,2022-01-16,20220116,CUS02975,2,EMP0035,Fawry,Returned,863.0,440.0
ORD0007041,2022-01-16,20220116,CUS00070,13,EMP0188,Debit Card,Completed,680.0,320.0
ORD0009929,2022-01-16,20220116,CUS01197,7,EMP0129,InstaPay,Completed,13193.0,10990.0
ORD0007123,2022-01-16,20220116,CUS02890,12,EMP0180,Fawry,Completed,1110.0,540.0
ORD0011684,2022-01-16,20220116,CUS01491,1,EMP0016,  Credit Card  ,Completed,760.5,390.0
ORD0000916,2022-01-16,20220116,CUS02870,4,EMP0083,  Fawry  ,Completed,799.5,410.0
ORD0000426,2022-01-16,20220116,CUS00031,6,EMP0119,Debit Card,Completed,27192.0,21440.0
ORD0001408,2022-01-16,20220116,CUS01979,2,EMP0030,Credit Card,Returned,243.0,120.0
ORD0009835,2022-01-16,20220116,CUS00961,3,EMP0055,Vodafone Cash,Completed,1398.0,680.0
ORD0000463,2022-01-16,20220116,CUS01353,7,EMP0131,InstaPay,Returned,570.0,270.0
ORD0002918,2022-01-16,20220116,CUS01827,7,EMP0132,Cash,Completed,940.5,520.0
ORD0002403,2022-01-16,20220116,CUS02314,14,EMP0197,Debit Card,Completed,754.0,370.0
ORD0009244,2022-01-16,20220116,CUS02809,13,EMP0185,Debit Card,Completed,867.0,450.0
ORD0005561,2022-01-16,20220116,CUS00997,2,EMP0050,InstaPay,Completed,10970.0,10460.0
ORD0001308,2022-01-16,20220116,CUS00464,7,EMP0133,Debit Card,Completed,315.0,170.0
ORD0011175,2022-01-17,20220117,CUS01323,14,EMP0203,Vodafone Cash,Completed,3040.0,1480.0
ORD0011690,2022-01-17,20220117,CUS02577,3,EMP0072,Credit Card,Completed,78660.0,66300.0
ORD0009771,2022-01-17,20220117,CUS02810,9,EMP0147,Credit Card,Completed,2621.5,1400.0
ORD0011168,2022-01-18,20220118,CUS01210,12,EMP0179,InstaPay,Completed,61353.0,48550.0
ORD0004188,2022-01-18,20220118,CUS01760,3,EMP0069,InstaPay,Completed,279.0,150.0
ORD0007855,2022-01-18,20220118,CUS02466,3,EMP0058,InstaPay,Completed,38120.0,30380.0
ORD0006348,2022-01-18,20220118,CUS00414,12,EMP0184,Cash,Completed,580.0,290.0
ORD0005750,2022-01-18,20220118,CUS01177,1,EMP0010,Cash,Cancelled,8075.0,6500.0
ORD0000083,2022-01-18,20220118,CUS00802,2,EMP0031,Debit Card,Completed,1312.0,800.0
ORD0010078,2022-01-18,20220118,CUS01883,7,EMP0131,InstaPay,Completed,1687.0,940.0
ORD0008991,2022-01-18,20220118,CUS01934,1,EMP0012,  InstaPay  ,Completed,344.0,210.0
ORD0000458,2022-01-18,20220118,CUS00328,8,EMP0137,InstaPay,Completed,7095.0,5040.0
ORD0005740,2022-01-18,20220118,CUS01419,6,EMP0115,Cash,Completed,832.0,500.0
ORD0003999,2022-01-18,20220118,CUS01629,3,EMP0069,Vodafone Cash,Completed,892.5,510.0
ORD0007461,2022-01-19,20220119,CUS00894,5,EMP0104,Vodafone Cash,Completed,1846.0,1000.0
ORD0010279,2022-01-19,20220119,CUS00310,4,EMP0083,Cash,Completed,1950.0,940.0
ORD0009996,2022-01-19,20220119,CUS02220,14,EMP0195,  Cash  ,Completed,1816.0,900.0
ORD0003921,2022-01-19,20220119,CUS01473,14,EMP0200,Credit Card,Completed,320.0,160.0
ORD0004512,2022-01-19,20220119,CUS01054,15,EMP0208,  Credit Card  ,Completed,422.0,220.0
ORD0001927,2022-01-19,20220119,CUS02088,4,EMP0094,Vodafone Cash,Completed,1080.0,580.0
ORD0008225,2022-01-19,20220119,CUS01981,4,EMP0079,InstaPay,Completed,54260.0,47900.0
ORD0007916,2022-01-19,20220119,CUS00760,1,EMP0024,  Vodafone Cash  ,Completed,300.0,150.0
ORD0001714,2022-01-19,20220119,CUS01519,10,EMP0161,Cash,Completed,1850.0,900.0
ORD0001339,2022-01-19,20220119,CUS02175,3,EMP0056,Cash,Completed,990.0,480.0
ORD0006158,2022-01-19,20220119,CUS01770,6,EMP0118,Fawry,Completed,12738.0,12400.0
ORD0000979,2022-01-19,20220119,CUS00267,1,EMP0023,Debit Card,Completed,168.0,120.0
ORD0005192,2022-01-19,20220119,CUS02509,4,,Credit Card,Completed,13000.0,10840.0
ORD0007059,2022-01-20,20220120,CUS00259,5,EMP0107,Debit Card,Returned,1327.0,640.0
ORD0005207,2022-01-20,20220120,CUS01281,1,EMP0002,  Vodafone Cash  ,Returned,895.0,440.0
ORD0004000,2022-01-20,20220120,CUS01272,6,EMP0115,  Cash  ,Completed,884.0,530.0
ORD0008265,2022-01-20,20220120,CUS02348,9,EMP0149,InstaPay,Returned,476.0,280.0
ORD0007993,2022-01-20,20220120,CUS02370,12,EMP0180,Vodafone Cash,Completed,3195.5,1570.0
ORD0001895,2022-01-20,20220120,CUS00391,4,EMP0089,Vodafone Cash,Completed,1064.0,560.0
ORD0006541,2022-01-20,20220120,CUS02840,2,EMP0052,  Fawry  ,Completed,21280.0,17800.0
ORD0003900,2022-01-20,20220120,CUS01997,4,EMP0093,  InstaPay  ,Returned,880.0,460.0
ORD0007887,2022-01-20,20220120,CUS00479,1,EMP0011,  Credit Card  ,Returned,8800.0,8700.0
ORD0009531,2022-01-21,20220121,CUS00958,2,EMP0034,Fawry,Completed,2452.0,1210.0
ORD0010884,2022-01-21,20220121,CUS02026,1,EMP0024,InstaPay,Completed,330.0,170.0
ORD0006876,2022-01-21,20220121,CUS00664,1,EMP0006,Credit Card,Completed,1180.0,570.0
ORD0000236,2022-01-21,20220121,CUS00216,2,EMP0050,Fawry,Completed,500.0,250.0
ORD0003864,2022-01-21,20220121,CUS00116,1,EMP0021,Fawry,Completed,330.0,160.0
ORD0011154,2022-01-21,20220121,CUS00973,2,EMP0034,InstaPay,Completed,221.0,120.0
ORD0005778,2022-01-21,20220121,CUS01933,2,EMP0034,Fawry,Returned,2888.0,1480.0
ORD0004268,2022-01-21,20220121,CUS01457,4,EMP0094,Cash,Completed,944.0,500.0
ORD0007996,2022-01-21,20220121,CUS02172,3,EMP0061,InstaPay,Completed,11919.0,10510.0
ORD0009603,2022-01-21,20220121,CUS00489,4,EMP0079,InstaPay,Completed,681.0,360.0
ORD0005424,2022-01-22,20220122,CUS00264,1,EMP0024,InstaPay,Completed,427.5,270.0
ORD0002160,2022-01-22,20220122,CUS02290,2,,Cash,Completed,11804.0,9720.0
ORD0006872,2022-01-22,20220122,CUS02104,5,EMP0103,Credit Card,Completed,112.0,70.0
ORD0009626,2022-01-22,20220122,CUS02575,2,EMP0033,Vodafone Cash,Completed,650.0,330.0
ORD0000609,2022-01-22,20220122,CUS02196,13,EMP0192,  Credit Card  ,Completed,7200.0,6400.0
ORD0005473,2022-01-22,20220122,CUS02508,4,EMP0093,Fawry,Completed,997.5,520.0
ORD0008765,2022-01-22,20220122,CUS00188,4,EMP0088,Cash,Completed,780.0,380.0
ORD0005027,2022-01-22,20220122,CUS02903,11,EMP0170,Cash,Completed,844.5,430.0
ORD0010998,2022-01-22,20220122,CUS01108,5,EMP0111,Debit Card,Completed,1080.0,540.0
ORD0010510,2022-01-22,20220122,CUS01252,6,,Fawry,Completed,540.0,260.0
ORD0002725,2022-01-22,20220122,CUS01689,1,EMP0004,InstaPay,Cancelled,11880.0,10600.0
ORD0007052,2022-01-22,20220122,CUS02446,4,EMP0085,InstaPay,Completed,320.0,140.0
ORD0003991,2022-01-22,20220122,CUS00706,14,EMP0197,Fawry,Completed,204.0,120.0
ORD0004099,2022-01-22,20220122,CUS01499,2,EMP0042,Fawry,Completed,26854.0,21260.0
ORD0007603,2022-01-22,20220122,CUS01175,7,EMP0134,Cash,Completed,560.0,280.0
ORD0003957,2022-01-22,20220122,CUS00423,5,EMP0100,  Debit Card  ,Completed,522.0,280.0
ORD0001342,2022-01-23,20220123,CUS02921,1,EMP0006,Cash,Completed,918.0,500.0
ORD0010994,2022-01-23,20220123,CUS01119,3,,  Vodafone Cash  ,Completed,577.0,290.0
ORD0003356,2022-01-23,20220123,CUS02215,14,EMP0198,Cash,Completed,5144.0,3480.0
ORD0001524,2022-01-23,20220123,CUS00029,6,EMP0124,  Fawry  ,Returned,1230.0,570.0
ORD0007893,2022-01-23,20220123,CUS02530,11,EMP0165,Credit Card,Cancelled,660.0,320.0
ORD0010161,2022-01-23,20220123,CUS02653,5,EMP0112,Credit Card,Completed,2072.5,1020.0
ORD0000680,2022-01-23,20220123,CUS00447,4,EMP0083,Debit Card,Completed,1583.0,850.0
ORD0007214,2022-01-23,20220123,CUS00921,6,EMP0115,InstaPay,Cancelled,520.0,240.0
ORD0005876,2022-01-23,20220123,CUS00560,1,EMP0013,Vodafone Cash,Completed,130.0,60.0
ORD0003425,2022-01-23,20220123,CUS02806,4,EMP0080,Fawry,Completed,2080.0,1070.0
ORD0002984,2022-01-23,20220123,CUS01848,1,EMP0013,  Debit Card  ,Completed,152.0,70.0
ORD0009819,2022-01-23,20220123,CUS01630,4,EMP0083,  Fawry  ,Completed,1066.0,570.0
ORD0006563,2022-01-23,20220123,CUS00889,8,EMP0142,Debit Card,Completed,4918.5,3630.0
ORD0011087,2022-01-23,20220123,CUS02869,10,EMP0161,Vodafone Cash,Completed,765.0,420.0
ORD0000268,2022-01-24,20220124,CUS00213,6,EMP0113,Cash,Completed,1905.0,950.0
ORD0005101,2022-01-24,20220124,CUS01859,11,EMP0164,Cash,Completed,21960.0,19600.0
ORD0000537,2022-01-24,20220124,CUS01079,2,EMP0036,  Cash  ,Completed,90.0,40.0
ORD0009927,2022-01-24,20220124,CUS01963,4,EMP0094,Credit Card,Completed,12917.0,11100.0
ORD0011996,2022-01-25,20220125,CUS00890,7,EMP0136,InstaPay,Completed,12832.0,10960.0
ORD0006088,2022-01-25,20220125,CUS01508,15,EMP0205,Fawry,Completed,1013.0,470.0
ORD0000783,2022-01-25,20220125,CUS02584,1,EMP0025,  Credit Card  ,Completed,1410.0,760.0
ORD0005265,2022-01-25,20220125,CUS00645,11,EMP0164,  Cash  ,Completed,13322.0,12300.0
ORD0009441,2022-01-25,20220125,CUS00685,11,EMP0168,Credit Card,Completed,486.0,260.0
ORD0008239,2022-01-25,20220125,CUS02915,4,EMP0081,  Vodafone Cash  ,Completed,35406.0,35470.0
ORD0007235,2022-01-25,20220125,CUS00291,11,EMP0169,  Vodafone Cash  ,Completed,1275.0,1200.0
ORD0011224,2022-01-25,20220125,CUS01284,5,EMP0105,  Vodafone Cash  ,Completed,1446.0,700.0
ORD0008064,2022-01-25,20220125,CUS01332,11,EMP0166,Fawry,Completed,684.0,360.0
ORD0009757,2022-01-25,20220125,CUS02305,3,EMP0062,Vodafone Cash,Completed,60865.5,51040.0
ORD0007315,2022-01-25,20220125,CUS00155,8,EMP0141,  Vodafone Cash  ,Returned,321.0,150.0
ORD0007495,2022-01-25,20220125,CUS02472,6,EMP0117,Vodafone Cash,Completed,1350.0,640.0
ORD0004430,2022-01-25,20220125,CUS02249,7,EMP0131,Debit Card,Completed,260.0,120.0
ORD0007926,2022-01-26,20220126,CUS00696,2,EMP0031,Cash,Completed,5900.0,4700.0
ORD0004396,2022-01-26,20220126,CUS00578,1,EMP0004,Cash,Completed,480.0,210.0
ORD0005940,2022-01-26,20220126,CUS01139,3,EMP0060,Fawry,Completed,300.0,200.0
ORD0003940,2022-01-26,20220126,CUS02386,3,EMP0072,Cash,Completed,504.0,240.0
ORD0007814,2022-01-26,20220126,CUS01049,11,,Fawry,Completed,1096.0,600.0
ORD0009026,2022-01-26,20220126,CUS02671,1,EMP0012,Credit Card,Completed,490.0,340.0
ORD0010229,2022-01-26,20220126,CUS00914,1,EMP0002,Debit Card,Returned,4928.0,3460.0
ORD0009224,2022-01-26,20220126,CUS01125,5,EMP0099,InstaPay,Completed,2050.0,1180.0
ORD0001173,2022-01-26,20220126,CUS00467,4,EMP0094,Vodafone Cash,Cancelled,2088.5,1160.0
ORD0005736,2022-01-26,20220126,CUS01174,15,EMP0209,Credit Card,Completed,340.0,160.0
ORD0003074,2022-01-26,20220126,CUS01250,4,EMP0094,Cash,Completed,622.0,310.0
ORD0007553,2022-01-26,20220126,CUS02004,6,EMP0122,Debit Card,Returned,457.0,240.0
ORD0008928,2022-01-26,20220126,CUS01923,1,EMP0025,Cash,Completed,764.5,410.0
ORD0004183,2022-01-26,20220126,CUS00273,10,EMP0156,Cash,Completed,220.0,100.0
ORD0003408,2022-01-27,20220127,CUS02094,3,EMP0061,Cash,Completed,19620.0,17400.0
ORD0005894,2022-01-27,20220127,CUS02825,5,EMP0106,Debit Card,Completed,1500.0,720.0
ORD0011179,2022-01-27,20220127,CUS00621,1,EMP0017,InstaPay,Completed,440.0,220.0
ORD0007844,2022-01-27,20220127,CUS00674,3,EMP0061,  Credit Card  ,Completed,493.0,280.0
ORD0002405,2022-01-27,20220127,CUS00109,3,EMP0075,InstaPay,Completed,1485.5,760.0
ORD0009778,2022-01-27,20220127,CUS02156,13,EMP0190,InstaPay,Completed,2324.5,1280.0
ORD0010790,2022-01-27,20220127,CUS00850,8,,Cash,Completed,11536.0,10090.0
ORD0009267,2022-01-27,20220127,CUS00128,1,EMP0004,Credit Card,Cancelled,180.0,80.0
ORD0006357,2022-01-27,20220127,CUS02724,11,EMP0165,InstaPay,Completed,630.0,370.0
ORD0007743,2022-01-27,20220127,CUS02104,2,EMP0049,  InstaPay  ,Completed,463.0,230.0
ORD0000383,2022-01-27,20220127,CUS01147,1,,Fawry,Cancelled,608.0,320.0
ORD0010499,2022-01-27,20220127,CUS02785,3,EMP0065,InstaPay,Completed,684.0,370.0
ORD0001701,2022-01-27,20220127,CUS00155,2,EMP0040,Cash,Completed,1882.0,1000.0
ORD0005484,2022-01-27,20220127,CUS00924,14,EMP0194,Vodafone Cash,Cancelled,3790.0,2050.0
ORD0006813,2022-01-27,20220127,CUS01713,2,EMP0047,Credit Card,Cancelled,925.5,440.0
ORD0001109,2022-01-27,20220127,CUS00075,12,EMP0182,Debit Card,Returned,776.0,430.0
ORD0000960,2022-01-27,20220127,CUS00231,1,EMP0026,Cash,Completed,4581.0,2940.0
ORD0004332,2022-01-27,20220127,CUS02135,12,EMP0181,Debit Card,Completed,338.5,190.0
ORD0001491,2022-01-28,20220128,CUS02854,2,EMP0044,InstaPay,Completed,1060.0,630.0
ORD0007694,2022-01-28,20220128,CUS00393,2,EMP0041,InstaPay,Completed,322.0,180.0
ORD0002503,2022-01-28,20220128,CUS01302,2,EMP0034,Debit Card,Cancelled,651.0,300.0
ORD0004293,2022-01-28,20220128,CUS00024,1,,Debit Card,Completed,787.5,430.0
ORD0003114,2022-01-28,20220128,CUS01851,5,EMP0095,Credit Card,Completed,1753.0,870.0
ORD0002371,2022-01-28,20220128,CUS01063,3,EMP0061,Credit Card,Completed,2106.0,1050.0
ORD0009395,2022-01-28,20220128,CUS00331,11,,InstaPay,Completed,192.0,120.0
ORD0009202,2022-01-28,20220128,CUS00911,11,EMP0173,Vodafone Cash,Completed,442.0,240.0
ORD0006792,2022-01-29,20220129,CUS02109,5,EMP0106,Vodafone Cash,Completed,2415.5,1250.0
ORD0008271,2022-01-29,20220129,CUS01448,2,,InstaPay,Completed,951.0,490.0
ORD0011354,2022-01-29,20220129,CUS00014,3,EMP0063,  Credit Card  ,Completed,369.5,200.0
ORD0009510,2022-01-29,20220129,CUS02667,12,,Cash,Completed,220.0,110.0
ORD0002026,2022-01-29,20220129,CUS00699,5,EMP0104,Credit Card,Completed,600.0,280.0
ORD0010038,2022-01-29,20220129,CUS02549,4,EMP0089,  Cash  ,Completed,120.0,60.0
ORD0004052,2022-01-29,20220129,CUS02396,5,EMP0108,Debit Card,Returned,3742.0,2010.0
ORD0003050,2022-01-29,20220129,CUS01988,14,EMP0199,  Cash  ,Returned,954.0,480.0
ORD0005747,2022-01-29,20220129,CUS00347,2,EMP0039,Vodafone Cash,Completed,826.5,420.0
ORD0007620,2022-01-30,20220130,CUS00487,2,EMP0042,  Debit Card  ,Completed,1809.0,1110.0
ORD0004263,2022-01-30,20220130,CUS02349,7,EMP0128,Fawry,Completed,2511.0,1340.0
ORD0006593,2022-01-30,20220130,CUS00181,9,EMP0147,Cash,Completed,68.0,40.0
ORD0009985,2022-01-30,20220130,CUS02038,3,EMP0070,Debit Card,Completed,16072.0,12840.0
ORD0005520,2022-01-30,20220130,CUS01800,12,EMP0174,InstaPay,Completed,576.0,300.0
ORD0011493,2022-01-30,20220130,CUS01536,2,EMP0032,Debit Card,Completed,25365.0,26520.0
ORD0005438,2022-01-30,20220130,CUS01602,1,EMP0016,Debit Card,Returned,208.0,130.0
ORD0002164,2022-01-30,20220130,CUS00767,4,EMP0081,Fawry,Returned,2598.0,1290.0
ORD0010156,2022-01-30,20220130,CUS02338,1,EMP0004,InstaPay,Completed,22440.0,21200.0
ORD0004416,2022-01-30,20220130,CUS02606,5,EMP0107,InstaPay,Completed,315.0,170.0
ORD0011490,2022-01-30,20220130,CUS02809,3,EMP0067,  Vodafone Cash  ,Completed,2284.5,1310.0
ORD0007882,2022-01-30,20220130,CUS02499,1,EMP0028,InstaPay,Completed,26700.0,21300.0
ORD0002638,2022-01-30,20220130,CUS01055,11,EMP0172,Debit Card,Completed,433.5,250.0
ORD0008584,2022-01-30,20220130,CUS01706,9,EMP0151,  InstaPay  ,Completed,352.0,220.0
ORD0009713,2022-01-30,20220130,CUS01325,7,EMP0134,Debit Card,Completed,1166.0,610.0
ORD0009354,2022-01-31,20220131,CUS00586,3,EMP0078,Fawry,Completed,313.5,160.0
ORD0002788,2022-01-31,20220131,CUS02596,11,EMP0164,InstaPay,Completed,770.5,410.0
ORD0006271,2022-01-31,20220131,CUS02994,3,EMP0059,Debit Card,Completed,189.0,100.0
ORD0004916,2022-01-31,20220131,CUS02857,2,EMP0048,Fawry,Completed,566.0,320.0
ORD0000129,2022-01-31,20220131,CUS02776,14,EMP0194,  Vodafone Cash  ,Completed,350.0,170.0
ORD0009773,2022-01-31,20220131,CUS02788,2,EMP0031,  Fawry  ,Completed,90.0,40.0
ORD0008524,2022-01-31,20220131,CUS02234,1,EMP0009,  Credit Card  ,Completed,4552.0,3760.0
ORD0009576,2022-01-31,20220131,CUS02562,3,EMP0062,Debit Card,Cancelled,300.0,140.0
ORD0005225,2022-01-31,20220131,CUS00346,3,EMP0063,Fawry,Completed,748.0,400.0
ORD0004622,2022-02-01,20220201,CUS02208,6,EMP0117,Debit Card,Completed,20200.0,16200.0
ORD0001581,2022-02-01,20220201,CUS00350,14,EMP0203,Cash,Completed,170.0,100.0
ORD0000199,2022-02-01,20220201,CUS00963,1,EMP0028,Vodafone Cash,Completed,5700.0,4030.0
ORD0006924,2022-02-01,20220201,CUS00936,6,EMP0114,Credit Card,Completed,14365.0,11980.0
ORD0008722,2022-02-01,20220201,CUS00686,12,EMP0176,Credit Card,Completed,343.0,170.0
ORD0005507,2022-02-01,20220201,CUS02288,1,EMP0010,Fawry,Completed,557.0,290.0
ORD0011137,2022-02-01,20220201,CUS02738,3,EMP0071,Credit Card,Completed,2840.0,1380.0
ORD0000750,2022-02-01,20220201,CUS00793,12,EMP0174,Cash,Completed,15661.5,14400.0
ORD0002694,2022-02-01,20220201,CUS02093,6,EMP0123,Vodafone Cash,Completed,324.0,160.0
ORD0003485,2022-02-02,20220202,CUS00331,2,EMP0049,InstaPay,Completed,5451.5,4180.0
ORD0008802,2022-02-02,20220202,CUS00285,3,EMP0065,Vodafone Cash,Completed,324.0,160.0
ORD0000134,2022-02-02,20220202,CUS00965,5,EMP0109,InstaPay,Completed,1510.0,740.0
ORD0000523,2022-02-02,20220202,CUS02391,3,EMP0056,Fawry,Returned,2692.0,1360.0
ORD0000149,2022-02-02,20220202,CUS00403,10,EMP0152,Debit Card,Completed,1660.0,900.0
ORD0008289,2022-02-02,20220202,CUS02680,4,EMP0091,Debit Card,Completed,1996.5,1090.0
ORD0008477,2022-02-02,20220202,CUS02298,6,EMP0124,Fawry,Returned,350.0,170.0
ORD0010874,2022-02-02,20220202,CUS00055,12,EMP0181,Cash,Completed,1330.0,830.0
ORD0009031,2022-02-02,20220202,CUS01223,5,EMP0111,Debit Card,Completed,486.0,250.0
ORD0008306,2022-02-02,20220202,CUS01392,1,EMP0023,Vodafone Cash,Completed,160.0,80.0
ORD0007517,2022-02-02,20220202,CUS02040,6,EMP0114,  Debit Card  ,Completed,126.0,80.0
ORD0003665,2022-02-02,20220202,CUS02336,13,EMP0190,InstaPay,Completed,160.0,70.0
ORD0004886,2022-02-03,20220203,CUS02530,11,EMP0171,Debit Card,Completed,356.0,180.0
ORD0007635,2022-02-03,20220203,CUS01936,3,EMP0060,Credit Card,Completed,1023.0,500.0
ORD0010032,2022-02-03,20220203,CUS01372,3,EMP0078,InstaPay,Completed,3696.5,2010.0
ORD0010882,2022-02-03,20220203,CUS01774,4,EMP0082,Vodafone Cash,Completed,2079.0,1070.0
ORD0001405,2022-02-03,20220203,CUS02325,15,EMP0213,Fawry,Completed,5200.0,5200.0
ORD0003825,2022-02-03,20220203,CUS00093,2,EMP0050,  Debit Card  ,Completed,5377.0,4580.0
ORD0006829,2022-02-03,20220203,CUS02269,10,EMP0160,Vodafone Cash,Completed,72.0,40.0
ORD0008057,2022-02-04,20220204,CUS00415,6,EMP0121,Vodafone Cash,Completed,1626.5,820.0
ORD0005727,2022-02-04,20220204,CUS02544,4,EMP0088,Cash,Completed,364.0,250.0
ORD0005716,2022-02-04,20220204,CUS01623,12,EMP0177,  Credit Card  ,Completed,184.0,110.0
ORD0009158,2022-02-04,20220204,CUS02466,1,EMP0027,  Fawry  ,Completed,1134.0,620.0
ORD0011714,2022-02-04,20220204,CUS02378,3,EMP0073,Vodafone Cash,Cancelled,567.0,300.0
ORD0008145,2022-02-04,20220204,CUS02485,1,EMP0015,Cash,Completed,13734.0,10790.0
ORD0011008,2022-02-04,20220204,CUS01719,6,EMP0123,  Cash  ,Completed,1198.5,690.0
ORD0000639,2022-02-04,20220204,CUS01304,3,EMP0072,  Fawry  ,Completed,950.0,550.0
ORD0010641,2022-02-05,20220205,CUS01456,5,EMP0102,Cash,Returned,8214.0,6460.0
ORD0006865,2022-02-05,20220205,CUS01737,8,EMP0141,Cash,Completed,2036.5,1040.0
ORD0007233,2022-02-05,20220205,CUS02956,12,EMP0179,  Cash  ,Completed,15797.0,12380.0
ORD0006460,2022-02-05,20220205,CUS02585,3,EMP0063,Credit Card,Completed,229.5,120.0
ORD0006831,2022-02-05,20220205,CUS02546,4,EMP0088,Debit Card,Completed,460.0,220.0
ORD0011502,2022-02-05,20220205,CUS02808,13,EMP0193,Cash,Cancelled,931.0,480.0
ORD0002153,2022-02-05,20220205,CUS00994,13,EMP0189,  InstaPay  ,Completed,582.0,330.0
ORD0003286,2022-02-05,20220205,CUS01752,6,EMP0125,  Cash  ,Returned,280.0,130.0
ORD0000058,2022-02-05,20220205,CUS01645,1,EMP0013,Debit Card,Completed,180.0,80.0
ORD0006242,2022-02-06,20220206,CUS01933,8,EMP0140,Cash,Completed,1627.5,900.0
ORD0005220,2022-02-06,20220206,CUS01031,9,EMP0148,Vodafone Cash,Completed,140.0,70.0
ORD0003055,2022-02-06,20220206,CUS01014,12,EMP0177,Cash,Completed,560.5,290.0
ORD0009951,2022-02-06,20220206,CUS02530,4,EMP0088,  Fawry  ,Completed,19920.0,15540.0
ORD0011014,2022-02-06,20220206,CUS01411,10,EMP0163,Credit Card,Completed,26639.5,21780.0
ORD0005542,2022-02-06,20220206,CUS00755,8,,Cash,Completed,275.5,140.0
ORD0001858,2022-02-06,20220206,CUS01560,14,EMP0194,Cash,Cancelled,243.0,120.0
ORD0008545,2022-02-06,20220206,CUS00141,4,EMP0087,Vodafone Cash,Completed,240.0,120.0
ORD0008389,2022-02-06,20220206,CUS01628,15,EMP0211,InstaPay,Completed,1510.0,740.0
ORD0008142,2022-02-07,20220207,CUS02883,14,EMP0201,Vodafone Cash,Completed,1175.5,630.0
ORD0006962,2022-02-07,20220207,CUS02472,6,EMP0119,Cash,Completed,2160.0,1050.0
ORD0010166,2022-02-07,20220207,CUS00992,1,EMP0019,  Debit Card  ,Completed,731.0,380.0
ORD0010892,2022-02-07,20220207,CUS00773,11,EMP0170,Fawry,Completed,486.0,240.0
ORD0008383,2022-02-07,20220207,CUS00229,6,EMP0113,Vodafone Cash,Completed,1190.0,550.0
ORD0007494,2022-02-07,20220207,CUS00289,1,EMP0001,Cash,Completed,980.0,610.0
ORD0008344,2022-02-07,20220207,CUS02606,12,EMP0177,Fawry,Completed,602.5,300.0
ORD0009940,2022-02-07,20220207,CUS01334,3,EMP0073,Cash,Completed,2786.0,1450.0
ORD0007450,2022-02-07,20220207,CUS02966,15,EMP0215,  Debit Card  ,Completed,1417.0,770.0
ORD0010794,2022-02-07,20220207,CUS01979,10,EMP0152,Credit Card,Completed,4132.0,2670.0
ORD0011468,2022-02-08,20220208,CUS01741,13,EMP0193,Fawry,Completed,1404.0,750.0
ORD0001785,2022-02-08,20220208,CUS01773,4,EMP0091,  Debit Card  ,Completed,199.5,100.0
ORD0006686,2022-02-08,20220208,CUS02134,4,EMP0089,Cash,Completed,777.0,380.0
ORD0007129,2022-02-08,20220208,CUS01692,6,EMP0121,Debit Card,Returned,180.0,80.0
ORD0007127,2022-02-08,20220208,CUS02751,5,EMP0101,Debit Card,Completed,1488.0,920.0
ORD0003764,2022-02-08,20220208,CUS00021,3,EMP0075,  Debit Card  ,Completed,14656.5,11350.0
ORD0001984,2022-02-08,20220208,CUS02977,11,EMP0173,Fawry,Completed,310.0,140.0
ORD0004882,2022-02-08,20220208,CUS02280,4,EMP0093,Credit Card,Completed,5760.0,5280.0
ORD0007702,2022-02-08,20220208,CUS02159,4,EMP0085,Fawry,Completed,2782.5,1440.0
ORD0007263,2022-02-08,20220208,CUS01258,7,EMP0129,InstaPay,Completed,980.0,480.0
ORD0000673,2022-02-08,20220208,CUS00041,9,EMP0150,Credit Card,Returned,1290.0,640.0
ORD0008831,2022-02-08,20220208,CUS02848,4,,Credit Card,Completed,11880.0,10600.0
ORD0011307,2022-02-08,20220208,CUS01484,2,EMP0038,InstaPay,Completed,2839.0,1430.0
ORD0006925,2022-02-09,20220209,CUS02878,5,EMP0107,  Fawry  ,Completed,32175.0,26420.0
ORD0009336,2022-02-09,20220209,CUS02768,1,EMP0023,Debit Card,Completed,878.0,470.0
ORD0005013,2022-02-09,20220209,CUS02133,7,EMP0134,  InstaPay  ,Completed,10900.0,8500.0
ORD0003025,2022-02-09,20220209,CUS02723,1,EMP0018,Cash,Completed,630.5,300.0
ORD0007074,2022-02-09,20220209,CUS01590,3,,InstaPay,Completed,696.0,340.0
ORD0006181,2022-02-09,20220209,CUS01900,4,EMP0091,  Debit Card  ,Completed,1144.5,650.0
ORD0011080,2022-02-09,20220209,CUS02446,6,EMP0120,Cash,Completed,12124.0,11760.0
ORD0004720,2022-02-09,20220209,CUS01027,15,EMP0206,InstaPay,Completed,1040.0,520.0
ORD0001949,2022-02-09,20220209,CUS00369,11,EMP0170,Cash,Completed,480.0,230.0
ORD0006327,2022-02-09,20220209,CUS02450,10,EMP0156,Vodafone Cash,Completed,1666.0,910.0
ORD0008958,2022-02-09,20220209,CUS00301,14,EMP0199,Credit Card,Completed,687.0,350.0
ORD0010437,2022-02-09,20220209,CUS02265,3,EMP0075,Fawry,Returned,190.0,100.0
ORD0007519,2022-02-09,20220209,CUS00285,9,EMP0149,Vodafone Cash,Completed,540.0,300.0
ORD0007864,2022-02-09,20220209,CUS02275,5,EMP0100,Credit Card,Completed,16650.0,14800.0
ORD0002668,2022-02-10,20220210,CUS01669,11,EMP0170,Cash,Completed,983.0,510.0
ORD0008390,2022-02-10,20220210,CUS01968,4,EMP0083,Fawry,Completed,1572.0,770.0
ORD0006376,2022-02-10,20220210,CUS02836,2,EMP0047,Debit Card,Completed,640.0,320.0
ORD0006201,2022-02-10,20220210,CUS01119,14,EMP0194,InstaPay,Completed,1284.0,620.0
ORD0000603,2022-02-10,20220210,CUS00777,2,EMP0036,Credit Card,Completed,340.0,160.0
ORD0000514,2022-02-10,20220210,CUS00862,11,EMP0173,InstaPay,Returned,54634.0,48070.0
ORD0003585,2022-02-10,20220210,CUS02820,7,EMP0132,Fawry,Completed,270.0,130.0
ORD0008424,2022-02-11,20220211,CUS02287,5,EMP0108,Debit Card,Returned,804.0,380.0
ORD0003246,2022-02-11,20220211,CUS01463,6,EMP0116,InstaPay,Completed,600.0,300.0
ORD0005298,2022-02-11,20220211,CUS02210,7,EMP0127,Fawry,Completed,1008.0,690.0
ORD0007997,2022-02-11,20220211,CUS01219,13,EMP0192,Credit Card,Completed,1515.0,760.0
ORD0011523,2022-02-11,20220211,CUS00516,12,,InstaPay,Completed,560.5,290.0
ORD0011118,2022-02-11,20220211,CUS01795,1,,Debit Card,Completed,714.0,380.0
ORD0000990,2022-02-11,20220211,CUS01379,12,EMP0177,Credit Card,Completed,874.0,460.0
ORD0008319,2022-02-12,20220212,CUS01566,3,EMP0063,Credit Card,Completed,474.0,230.0
ORD0003592,2022-02-12,20220212,CUS01271,3,EMP0078,  Credit Card  ,Completed,351.5,180.0
ORD0002742,2022-02-12,20220212,CUS02030,6,EMP0114,Credit Card,Completed,822.0,420.0
ORD0011845,2022-02-12,20220212,CUS00503,11,EMP0169,Vodafone Cash,Returned,741.0,390.0
ORD0003384,2022-02-12,20220212,CUS00736,2,EMP0049,Credit Card,Completed,420.0,190.0
ORD0000721,2022-02-12,20220212,CUS02851,3,EMP0068,Credit Card,Completed,2160.0,1050.0
ORD0006188,2022-02-12,20220212,CUS01467,1,EMP0009,Debit Card,Completed,1653.0,820.0
ORD0006031,2022-02-12,20220212,CUS00846,3,EMP0076,Fawry,Completed,142.5,70.0
ORD0004770,2022-02-12,20220212,CUS01640,9,EMP0147,Vodafone Cash,Cancelled,127.5,70.0
ORD0005318,2022-02-12,20220212,CUS02034,10,EMP0158,Vodafone Cash,Completed,117.0,60.0
ORD0001869,2022-02-12,20220212,CUS00925,6,EMP0120,  Debit Card  ,Completed,240.0,140.0
ORD0003823,2022-02-13,20220213,CUS00729,15,EMP0211,InstaPay,Completed,1560.0,780.0
ORD0000274,2022-02-13,20220213,CUS01245,5,EMP0108,Vodafone Cash,Completed,1224.0,720.0
ORD0010847,2022-02-13,20220213,CUS02618,8,EMP0141,Vodafone Cash,Cancelled,3542.0,1800.0
ORD0011739,2022-02-13,20220213,CUS00580,12,EMP0183,Credit Card,Returned,800.0,400.0
ORD0008039,2022-02-13,20220213,CUS01681,13,EMP0192,InstaPay,Completed,17630.0,17500.0
ORD0001586,2022-02-13,20220213,CUS02154,14,EMP0196,  Credit Card  ,Completed,510.0,280.0
ORD0008316,2022-02-13,20220213,CUS01660,10,EMP0156,  Debit Card  ,Returned,8000.0,6400.0
ORD0004344,2022-02-13,20220213,CUS00738,5,EMP0111,Credit Card,Completed,2248.0,1190.0
ORD0009272,2022-02-13,20220213,CUS01045,1,EMP0023,Vodafone Cash,Completed,108.0,60.0
ORD0009774,2022-02-14,20220214,CUS01059,3,EMP0067,Cash,Completed,1142.0,670.0
ORD0001751,2022-02-14,20220214,CUS02837,3,,Debit Card,Completed,18499.0,14860.0
ORD0005589,2022-02-14,20220214,CUS01786,5,EMP0110,Credit Card,Completed,720.0,350.0
ORD0008956,2022-02-14,20220214,CUS02545,12,EMP0174,Cash,Completed,180.0,80.0
ORD0002268,2022-02-14,20220214,CUS02883,4,EMP0087,  Debit Card  ,Completed,951.0,540.0
ORD0001149,2022-02-14,20220214,CUS00972,9,EMP0150,InstaPay,Completed,1462.0,840.0
ORD0005133,2022-02-14,20220214,CUS00609,15,EMP0213,Debit Card,Completed,1080.5,570.0
ORD0001892,2022-02-14,20220214,CUS01714,1,EMP0002,Fawry,Completed,20400.0,19200.0
ORD0004072,2022-02-14,20220214,CUS00698,4,EMP0088,Fawry,Completed,2819.0,1480.0
ORD0009615,2022-02-14,20220214,CUS00425,13,EMP0189,Vodafone Cash,Completed,240.0,120.0
ORD0011309,2022-02-15,20220215,CUS02809,2,EMP0052,Cash,Completed,593.0,290.0
ORD0011675,2022-02-15,20220215,CUS01648,2,EMP0033,Vodafone Cash,Completed,56700.0,50300.0
ORD0000241,2022-02-15,20220215,CUS02408,4,EMP0086,Cash,Returned,410.0,190.0
ORD0009084,2022-02-15,20220215,CUS02730,2,EMP0040,Debit Card,Completed,28872.0,31360.0
ORD0006930,2022-02-15,20220215,CUS02115,13,EMP0193,Credit Card,Completed,1320.0,810.0
ORD0005387,2022-02-15,20220215,CUS00539,15,EMP0209,InstaPay,Completed,1008.5,500.0
ORD0007340,2022-02-15,20220215,CUS02775,12,EMP0176,Debit Card,Completed,1071.0,620.0
ORD0011765,2022-02-15,20220215,CUS00020,13,EMP0187,Fawry,Completed,160.0,70.0
ORD0010963,2022-02-15,20220215,CUS01681,14,EMP0194,InstaPay,Completed,23481.5,21530.0
ORD0011004,2022-02-15,20220215,CUS01475,5,EMP0106,Fawry,Completed,960.0,820.0
ORD0011323,2022-02-15,20220215,CUS01920,7,EMP0131,Credit Card,Completed,285.0,140.0
ORD0008124,2022-02-15,20220215,CUS00837,7,EMP0127,  InstaPay  ,Completed,1371.0,660.0
ORD0005665,2022-02-16,20220216,CUS02647,5,EMP0102,Credit Card,Completed,190.0,90.0
ORD0008699,2022-02-16,20220216,CUS02056,13,EMP0188,InstaPay,Cancelled,48325.5,48030.0
ORD0006476,2022-02-16,20220216,CUS00463,11,EMP0169,  Fawry  ,Completed,10620.0,9400.0
ORD0007230,2022-02-16,20220216,CUS00957,2,EMP0049,Fawry,Completed,1341.0,680.0
ORD0011244,2022-02-16,20220216,CUS01302,4,EMP0088,Debit Card,Completed,544.0,280.0
ORD0000333,2022-02-16,20220216,CUS01862,2,EMP0037,  Vodafone Cash  ,Completed,16160.0,16200.0
ORD0006310,2022-02-16,20220216,CUS00238,3,EMP0070,Debit Card,Completed,405.0,210.0
ORD0009490,2022-02-16,20220216,CUS02318,11,EMP0166,InstaPay,Completed,1320.0,880.0
ORD0008309,2022-02-16,20220216,CUS00890,8,EMP0139,Vodafone Cash,Completed,712.0,360.0
ORD0011669,2022-02-16,20220216,CUS00676,7,,Credit Card,Completed,3621.5,1870.0
ORD0011578,2022-02-17,20220217,CUS01904,5,EMP0105,  Debit Card  ,Completed,5946.5,4430.0
ORD0007039,2022-02-17,20220217,CUS02658,6,EMP0125,Debit Card,Completed,1660.0,820.0
ORD0001162,2022-02-17,20220217,CUS02610,1,EMP0014,Fawry,Completed,187.0,100.0
ORD0010952,2022-02-17,20220217,CUS01385,10,EMP0156,Fawry,Completed,655.0,360.0
ORD0006910,2022-02-17,20220217,CUS02518,1,EMP0028,Credit Card,Completed,2000.0,1000.0
ORD0008512,2022-02-17,20220217,CUS02123,6,EMP0115,InstaPay,Completed,22440.0,21000.0
ORD0001407,2022-02-17,20220217,CUS01143,14,EMP0199,Credit Card,Returned,270.0,130.0
ORD0000410,2022-02-17,20220217,CUS02005,1,,Fawry,Returned,33952.5,29950.0
ORD0006620,2022-02-17,20220217,CUS02881,2,EMP0051,Debit Card,Completed,247.0,130.0
ORD0004874,2022-02-17,20220217,CUS01287,13,EMP0188,Vodafone Cash,Completed,19519.0,15770.0
ORD0006539,2022-02-17,20220217,CUS02874,1,EMP0028,Credit Card,Completed,150.0,70.0
ORD0011062,2022-02-17,20220217,CUS00112,14,EMP0200,Fawry,Completed,810.0,400.0
ORD0004773,2022-02-17,20220217,CUS01288,2,EMP0032,Debit Card,Completed,414.0,220.0
ORD0000802,2022-02-17,20220217,CUS02711,14,EMP0196,Cash,Completed,14392.0,13180.0
ORD0003051,2022-02-17,20220217,CUS02644,5,EMP0107,Credit Card,Returned,682.0,410.0
ORD0000754,2022-02-17,20220217,CUS01812,8,EMP0142,Credit Card,Completed,5600.0,4500.0
ORD0011204,2022-02-17,20220217,CUS00482,11,EMP0164,Cash,Completed,1040.0,480.0
ORD0006442,2022-02-18,20220218,CUS01275,1,EMP0005,Cash,Completed,37110.0,29640.0
ORD0011193,2022-02-18,20220218,CUS02536,5,EMP0099,Fawry,Completed,932.0,460.0
ORD0003800,2022-02-18,20220218,CUS02430,5,EMP0099,InstaPay,Completed,26252.0,20940.0
ORD0010567,2022-02-18,20220218,CUS02151,2,EMP0029,InstaPay,Completed,4440.0,3460.0
ORD0007429,2022-02-18,20220218,CUS00016,1,,Fawry,Completed,260.0,120.0
ORD0002844,2022-02-18,20220218,CUS00743,1,,Cash,Completed,720.0,360.0
ORD0004717,2022-02-18,20220218,CUS01512,2,EMP0041,Debit Card,Completed,130.0,60.0
ORD0005299,2022-02-18,20220218,CUS01292,1,EMP0021,InstaPay,Completed,8016.0,6070.0
ORD0004899,2022-02-18,20220218,CUS02110,2,EMP0052,Debit Card,Completed,1106.5,570.0
ORD0011077,2022-02-19,20220219,CUS01774,6,EMP0119,  Fawry  ,Completed,6743.0,5350.0
ORD0002549,2022-02-19,20220219,CUS01297,2,EMP0047,Cash,Returned,612.0,310.0
ORD0011707,2022-02-19,20220219,CUS02106,5,EMP0104,Credit Card,Completed,2587.0,1330.0
ORD0002619,2022-02-19,20220219,CUS01247,5,EMP0108,Credit Card,Returned,171.0,80.0
ORD0003687,2022-02-19,20220219,CUS00726,3,EMP0067,  Vodafone Cash  ,Completed,6960.0,5180.0
ORD0006670,2022-02-19,20220219,CUS01252,10,EMP0162,Debit Card,Returned,740.0,360.0
ORD0005300,2022-02-19,20220219,CUS02179,11,EMP0167,Cash,Completed,1200.0,560.0
ORD0010013,2022-02-19,20220219,CUS02345,9,EMP0146,  Vodafone Cash  ,Returned,190.0,90.0
ORD0005457,2022-02-19,20220219,CUS01540,7,EMP0127,InstaPay,Completed,1280.0,620.0
ORD0007989,2022-02-19,20220219,CUS00312,12,EMP0177,Vodafone Cash,Completed,876.0,460.0
ORD0010828,2022-02-19,20220219,CUS01913,1,EMP0009,Credit Card,Completed,378.0,210.0
ORD0006564,2022-02-19,20220219,CUS02381,5,EMP0098,  Credit Card  ,Completed,2396.0,1210.0
ORD0011597,2022-02-19,20220219,CUS02268,14,EMP0196,Cash,Completed,1720.0,820.0
ORD0001493,2022-02-19,20220219,CUS02185,6,,Cash,Completed,2935.5,1540.0
ORD0005875,2022-02-19,20220219,CUS00209,13,EMP0189,Credit Card,Completed,90.0,40.0
ORD0005197,2022-02-20,20220220,CUS01150,8,EMP0143,Vodafone Cash,Cancelled,1377.0,710.0
ORD0001977,2022-02-20,20220220,CUS00145,1,EMP0028,Vodafone Cash,Completed,1864.5,930.0
ORD0001781,2022-02-20,20220220,CUS01567,1,EMP0014,Cash,Completed,233.5,130.0
ORD0007457,2022-02-20,20220220,CUS02595,2,EMP0046,  Fawry  ,Completed,828.0,440.0
ORD0004129,2022-02-20,20220220,CUS01809,3,EMP0066,Credit Card,Completed,28236.0,23760.0
ORD0002014,2022-02-20,20220220,CUS00855,7,EMP0132,Cash,Completed,31667.0,24820.0
ORD0011114,2022-02-20,20220220,CUS00242,5,EMP0099,Fawry,Completed,1167.0,750.0
ORD0005080,2022-02-20,20220220,CUS00044,5,EMP0097,InstaPay,Completed,2936.0,1660.0
ORD0004214,2022-02-20,20220220,CUS02221,5,EMP0095,Debit Card,Completed,30632.5,24470.0
ORD0005676,2022-02-20,20220220,CUS00120,3,EMP0063,Vodafone Cash,Completed,1330.0,740.0
ORD0002739,2022-02-21,20220221,CUS00457,1,EMP0022,Cash,Completed,1504.0,760.0
ORD0001230,2022-02-21,20220221,CUS01971,2,EMP0030,Credit Card,Completed,2157.0,1160.0
ORD0004309,2022-02-21,20220221,CUS00952,10,EMP0159,Fawry,Completed,2143.0,1280.0
ORD0003189,2022-02-21,20220221,CUS02078,1,EMP0005,  InstaPay  ,Completed,2010.0,1150.0
ORD0005669,2022-02-21,20220221,CUS02019,2,EMP0054,Fawry,Completed,126.0,70.0
ORD0004421,2022-02-21,20220221,CUS00173,2,EMP0031,Credit Card,Completed,190.0,90.0
ORD0004010,2022-02-21,20220221,CUS01462,2,EMP0034,  Fawry  ,Completed,144.0,70.0
ORD0002768,2022-02-21,20220221,CUS01304,1,EMP0004,Credit Card,Completed,15609.0,12960.0
ORD0009518,2022-02-21,20220221,CUS00214,15,EMP0210,Fawry,Completed,196.0,140.0
ORD0001470,2022-02-21,20220221,CUS02695,12,EMP0176,InstaPay,Returned,2857.0,1390.0
ORD0000582,2022-02-22,20220222,CUS01412,11,EMP0166,Fawry,Completed,15388.5,12870.0
ORD0002392,2022-02-22,20220222,CUS00561,6,EMP0119,Credit Card,Completed,1278.0,670.0
ORD0010026,2022-02-22,20220222,CUS01739,1,EMP0013,  Fawry  ,Completed,1386.0,690.0
ORD0005498,2022-02-22,20220222,CUS01806,6,EMP0116,Credit Card,Completed,14000.0,11200.0
ORD0004864,2022-02-22,20220222,CUS00681,7,EMP0131,  InstaPay  ,Completed,549.0,300.0
ORD0007724,2022-02-22,20220222,CUS00067,12,EMP0178,Vodafone Cash,Cancelled,61560.0,48550.0
ORD0007986,2022-02-22,20220222,CUS01544,2,EMP0052,InstaPay,Returned,6644.0,5270.0
ORD0007677,2022-02-22,20220222,CUS00836,12,EMP0178,InstaPay,Completed,189.0,100.0
ORD0011775,2022-02-22,20220222,CUS00159,11,EMP0171,Fawry,Completed,2357.0,1350.0
ORD0010082,2022-02-22,20220222,CUS00624,2,EMP0043,Credit Card,Returned,468.0,240.0
ORD0001948,2022-02-23,20220223,CUS00038,9,EMP0145,  Credit Card  ,Completed,1317.0,680.0
ORD0005834,2022-02-23,20220223,CUS02845,5,EMP0100,  Debit Card  ,Completed,5100.0,4040.0
ORD0000135,2022-02-23,20220223,CUS00034,2,EMP0041,Cash,Completed,153.0,80.0
ORD0005426,2022-02-23,20220223,CUS02353,3,EMP0065,Cash,Completed,976.0,490.0
ORD0007313,2022-02-23,20220223,CUS02003,14,EMP0195,Debit Card,Completed,414.0,230.0
ORD0007852,2022-02-23,20220223,CUS00952,3,EMP0067,InstaPay,Cancelled,3053.0,1590.0
ORD0008899,2022-02-23,20220223,CUS01517,8,EMP0143,Debit Card,Completed,2821.0,1520.0
ORD0007799,2022-02-23,20220223,CUS02338,10,EMP0161,Fawry,Completed,1519.5,800.0
ORD0005180,2022-02-23,20220223,CUS02701,1,EMP0015,Debit Card,Completed,272.0,160.0
ORD0001806,2022-02-23,20220223,CUS01404,5,EMP0103,Fawry,Completed,133.0,70.0
ORD0002953,2022-02-23,20220223,CUS02600,10,EMP0154,Debit Card,Completed,61326.0,48660.0
ORD0000576,2022-02-23,20220223,CUS01582,3,EMP0057,Credit Card,Completed,790.0,450.0
ORD0007099,2022-02-23,20220223,CUS02645,2,EMP0029,Credit Card,Completed,360.0,180.0
ORD0009209,2022-02-24,20220224,CUS01661,3,EMP0059,Debit Card,Completed,555.0,370.0
ORD0011727,2022-02-24,20220224,CUS01589,6,EMP0119,Vodafone Cash,Completed,1302.5,730.0
ORD0005780,2022-02-24,20220224,CUS00248,3,EMP0076,Credit Card,Returned,12788.5,9820.0
ORD0007593,2022-02-24,20220224,CUS02697,4,EMP0088,Credit Card,Completed,506.0,300.0
ORD0006555,2022-02-24,20220224,CUS01779,7,EMP0131,InstaPay,Completed,846.0,460.0
ORD0010954,2022-02-24,20220224,CUS02741,10,EMP0162,Cash,Completed,30742.0,24360.0
ORD0007451,2022-02-24,20220224,CUS00806,9,EMP0150,Credit Card,Completed,1735.0,840.0
ORD0003453,2022-02-24,20220224,CUS01141,4,EMP0085,Vodafone Cash,Completed,1536.0,920.0
ORD0009087,2022-02-24,20220224,CUS01032,7,EMP0136,Debit Card,Completed,67.5,40.0
ORD0003111,2022-02-24,20220224,CUS01140,15,EMP0207,Vodafone Cash,Returned,1043.5,570.0
ORD0004747,2022-02-24,20220224,CUS00773,2,EMP0031,Cash,Cancelled,3717.0,2860.0
ORD0005757,2022-02-24,20220224,CUS01373,2,EMP0051,  InstaPay  ,Completed,432.0,210.0
ORD0000862,2022-02-25,20220225,CUS02308,6,EMP0117,Vodafone Cash,Completed,370.0,180.0
ORD0004690,2022-02-25,20220225,CUS01162,11,EMP0170,Debit Card,Completed,24930.0,22200.0
ORD0007269,2022-02-25,20220225,CUS02120,3,EMP0061,Vodafone Cash,Completed,1105.0,540.0
ORD0003559,2022-02-25,20220225,CUS00353,10,EMP0153,Debit Card,Completed,1110.0,540.0
ORD0005167,2022-02-25,20220225,CUS00752,1,EMP0020,  Credit Card  ,Completed,2044.0,1000.0
ORD0011352,2022-02-25,20220225,CUS02476,4,EMP0082,Debit Card,Completed,770.0,380.0
ORD0003624,2022-02-25,20220225,CUS00411,5,EMP0112,  Credit Card  ,Cancelled,1689.0,830.0
ORD0007432,2022-02-26,20220226,CUS00820,1,EMP0026,Debit Card,Completed,1900.0,1020.0
ORD0000655,2022-02-26,20220226,CUS02963,1,EMP0022,  Vodafone Cash  ,Completed,522.5,290.0
ORD0006316,2022-02-26,20220226,CUS01487,1,EMP0010,  Vodafone Cash  ,Completed,418.0,220.0
ORD0010889,2022-02-26,20220226,CUS02307,2,EMP0048,Vodafone Cash,Completed,5605.0,5140.0
ORD0009273,2022-02-26,20220226,CUS02666,13,EMP0189,Debit Card,Completed,504.0,280.0
ORD0003160,2022-02-26,20220226,CUS02630,11,EMP0164,Cash,Completed,300.0,140.0
ORD0007163,2022-02-26,20220226,CUS01200,4,EMP0092,Vodafone Cash,Completed,600.0,280.0
ORD0011146,2022-02-26,20220226,CUS00754,7,EMP0128,Fawry,Completed,120.0,60.0
ORD0000866,2022-02-26,20220226,CUS02583,3,,Fawry,Completed,1341.0,740.0
ORD0006211,2022-02-26,20220226,CUS01931,13,EMP0192,Credit Card,Completed,170.0,80.0
ORD0009658,2022-02-26,20220226,CUS00465,1,EMP0015,Fawry,Cancelled,228.0,120.0
ORD0002975,2022-02-26,20220226,CUS00433,3,EMP0070,  Debit Card  ,Completed,1938.0,1020.0
ORD0011717,2022-02-26,20220226,CUS00281,14,EMP0196,Credit Card,Completed,1960.0,960.0
ORD0006163,2022-02-26,20220226,CUS01448,10,EMP0161,InstaPay,Completed,510.0,300.0
ORD0004091,2022-02-27,20220227,CUS01398,1,EMP0018,  Cash  ,Completed,3749.0,1900.0
ORD0007909,2022-02-27,20220227,CUS01385,12,EMP0176,InstaPay,Completed,982.0,500.0
ORD0005661,2022-02-27,20220227,CUS01092,4,EMP0084,Vodafone Cash,Completed,240.0,120.0
ORD0005161,2022-02-27,20220227,CUS01759,14,EMP0195,InstaPay,Completed,1120.0,560.0
ORD0010637,2022-02-27,20220227,CUS01189,10,EMP0155,  Debit Card  ,Completed,2946.0,1590.0
ORD0010215,2022-02-27,20220227,CUS02038,1,EMP0013,Credit Card,Completed,653.0,340.0
ORD0011836,2022-02-27,20220227,CUS00654,4,EMP0082,Debit Card,Completed,845.0,440.0
ORD0011044,2022-02-27,20220227,CUS00611,1,EMP0011,Credit Card,Completed,786.0,390.0
ORD0000958,2022-02-27,20220227,CUS00343,4,EMP0088,  Debit Card  ,Completed,234.0,120.0
ORD0001972,2022-02-27,20220227,CUS02497,13,EMP0189,Credit Card,Completed,448.0,280.0
ORD0001916,2022-02-27,20220227,CUS00084,13,EMP0189,Fawry,Completed,1392.0,800.0
ORD0010846,2022-02-27,20220227,CUS00809,1,EMP0013,Vodafone Cash,Completed,2099.0,1050.0
ORD0008767,2022-02-28,20220228,CUS01166,2,EMP0033,Vodafone Cash,Returned,1572.0,800.0
ORD0007448,2022-02-28,20220228,CUS01371,8,EMP0142,InstaPay,Returned,1738.5,920.0
ORD0004943,2022-02-28,20220228,CUS01344,13,EMP0192,Debit Card,Completed,340.0,160.0
ORD0011506,2022-02-28,20220228,CUS02043,4,EMP0085,Cash,Completed,1720.0,1110.0
ORD0010354,2022-02-28,20220228,CUS01576,7,EMP0135,Debit Card,Completed,270.0,120.0
ORD0005631,2022-02-28,20220228,CUS01927,8,EMP0144,Fawry,Completed,703.0,360.0
ORD0001595,2022-02-28,20220228,CUS02581,4,EMP0084,InstaPay,Cancelled,1814.0,930.0
ORD0009164,2022-02-28,20220228,CUS01073,2,EMP0043,InstaPay,Completed,13878.0,12210.0
ORD0010008,2022-02-28,20220228,CUS02443,14,EMP0200,Vodafone Cash,Completed,672.0,400.0
ORD0009972,2022-02-28,20220228,CUS00063,13,EMP0188,Debit Card,Completed,1666.0,960.0
ORD0011422,2022-02-28,20220228,CUS00145,5,EMP0097,Vodafone Cash,Completed,105577.5,88410.0
ORD0011287,2022-02-28,20220228,CUS00120,1,EMP0024,Credit Card,Completed,1440.0,850.0
ORD0010320,2022-02-28,20220228,CUS01728,6,EMP0124,Cash,Completed,1742.5,880.0
ORD0009971,2022-02-28,20220228,CUS00335,5,EMP0103,Credit Card,Returned,3806.0,2000.0
ORD0006868,2022-02-28,20220228,CUS02329,2,EMP0034,Credit Card,Completed,1444.0,700.0
ORD0003192,2022-02-28,20220228,CUS00762,7,EMP0136,InstaPay,Completed,3170.0,2220.0
ORD0009619,2022-02-28,20220228,CUS02674,2,EMP0038,Fawry,Completed,18940.0,15070.0
ORD0001520,2022-03-01,20220301,CUS00952,1,EMP0019,Debit Card,Returned,1030.0,590.0
ORD0004910,2022-03-01,20220301,CUS02630,5,EMP0111,  Cash  ,Completed,380.0,180.0
ORD0003604,2022-03-01,20220301,CUS01839,11,EMP0166,InstaPay,Completed,520.0,240.0
ORD0000544,2022-03-01,20220301,CUS01693,3,EMP0066,Fawry,Completed,558.0,300.0
ORD0000720,2022-03-01,20220301,CUS02855,2,EMP0053,Vodafone Cash,Completed,6315.0,5150.0
ORD0001144,2022-03-01,20220301,CUS02045,11,,Fawry,Completed,3528.0,1760.0
ORD0001585,2022-03-01,20220301,CUS00736,8,EMP0142,Debit Card,Completed,3830.0,1940.0
ORD0006184,2022-03-01,20220301,CUS02913,8,EMP0144,InstaPay,Completed,340.0,160.0
ORD0004107,2022-03-01,20220301,CUS00473,1,EMP0013,Credit Card,Completed,24672.0,19740.0
ORD0004822,2022-03-01,20220301,CUS01869,3,EMP0057,  Fawry  ,Returned,337.5,220.0
ORD0004624,2022-03-01,20220301,CUS01109,8,EMP0137,Cash,Completed,320.0,160.0
ORD0004033,2022-03-01,20220301,CUS00090,6,EMP0126,Debit Card,Completed,334.0,170.0
ORD0009740,2022-03-01,20220301,CUS00544,10,EMP0157,Credit Card,Completed,1986.0,1050.0
ORD0011215,2022-03-01,20220301,CUS02065,4,EMP0083,Debit Card,Completed,506.0,290.0
ORD0011032,2022-03-02,20220302,CUS00132,11,EMP0168,Fawry,Completed,229.5,130.0
ORD0001468,2022-03-02,20220302,CUS01705,2,EMP0043,Vodafone Cash,Completed,210.0,100.0
ORD0009560,2022-03-02,20220302,CUS00728,6,EMP0119,Vodafone Cash,Completed,380.0,180.0
ORD0001327,2022-03-02,20220302,CUS01244,1,EMP0006,  InstaPay  ,Completed,304.0,150.0
ORD0000292,2022-03-02,20220302,CUS01233,12,EMP0178,  Debit Card  ,Completed,170.0,80.0
ORD0000101,2022-03-02,20220302,CUS01965,1,EMP0021,Debit Card,Completed,199.5,100.0
ORD0000389,2022-03-02,20220302,CUS01277,1,EMP0028,InstaPay,Completed,1320.0,640.0
ORD0006857,2022-03-02,20220302,CUS00312,1,,Vodafone Cash,Completed,31290.0,35700.0
ORD0007923,2022-03-02,20220302,CUS01635,3,EMP0062,  InstaPay  ,Completed,260.0,120.0
ORD0008373,2022-03-02,20220302,CUS01121,11,EMP0169,Vodafone Cash,Completed,1569.5,780.0
ORD0007256,2022-03-02,20220302,CUS00699,1,EMP0011,InstaPay,Completed,3229.0,2260.0
ORD0010425,2022-03-03,20220303,CUS02789,12,EMP0181,Debit Card,Completed,243.0,130.0
ORD0000627,2022-03-03,20220303,CUS02940,1,EMP0009,  InstaPay  ,Completed,15155.0,11670.0
ORD0008567,2022-03-03,20220303,CUS00014,1,EMP0014,InstaPay,Completed,456.0,260.0
ORD0003614,2022-03-03,20220303,CUS01251,1,EMP0017,Fawry,Returned,3756.0,1860.0
ORD0010727,2022-03-03,20220303,CUS00685,15,EMP0213,Debit Card,Completed,21280.0,17800.0
ORD0009600,2022-03-03,20220303,CUS01843,6,EMP0116,Fawry,Completed,140.0,70.0
ORD0008548,2022-03-03,20220303,CUS01282,14,EMP0196,Credit Card,Completed,33139.0,26330.0
ORD0000985,2022-03-03,20220303,CUS02786,11,EMP0167,Credit Card,Completed,367.5,240.0
ORD0007002,2022-03-03,20220303,CUS02681,3,EMP0063,Fawry,Completed,2446.0,1240.0
ORD0006572,2022-03-03,20220303,CUS02201,1,EMP0013,Fawry,Completed,1192.0,610.0
ORD0004412,2022-03-04,20220304,CUS02405,4,EMP0087,Vodafone Cash,Completed,862.0,430.0
ORD0006248,2022-03-04,20220304,CUS01312,4,EMP0092,  Credit Card  ,Completed,27715.0,21920.0
ORD0005371,2022-03-04,20220304,CUS00113,2,EMP0050,Credit Card,Completed,13540.0,11370.0
ORD0005924,2022-03-04,20220304,CUS01280,11,EMP0167,  Credit Card  ,Completed,566.0,330.0
ORD0005418,2022-03-04,20220304,CUS02829,6,EMP0115,Cash,Completed,120.0,60.0
ORD0004366,2022-03-04,20220304,CUS00514,3,EMP0070,Debit Card,Completed,240.0,110.0
ORD0004289,2022-03-04,20220304,CUS02558,14,EMP0202,  InstaPay  ,Completed,324.0,180.0
ORD0009594,2022-03-04,20220304,CUS02111,4,EMP0087,Credit Card,Completed,1244.0,830.0
ORD0004303,2022-03-04,20220304,CUS02578,3,EMP0064,InstaPay,Completed,228.0,120.0
ORD0007399,2022-03-04,20220304,CUS01626,5,EMP0097,Credit Card,Completed,270.0,120.0
ORD0004818,2022-03-04,20220304,CUS02401,14,EMP0197,Cash,Cancelled,190.0,90.0
ORD0007848,2022-03-04,20220304,CUS00697,12,EMP0178,Vodafone Cash,Completed,10980.0,9800.0
ORD0000171,2022-03-04,20220304,CUS01444,7,EMP0132,InstaPay,Completed,260.0,130.0
ORD0006540,2022-03-05,20220305,CUS02474,6,EMP0126,Fawry,Completed,720.0,360.0
ORD0009830,2022-03-05,20220305,CUS01547,1,EMP0028,Debit Card,Completed,1460.0,750.0
ORD0002417,2022-03-05,20220305,CUS02935,3,EMP0059,Vodafone Cash,Cancelled,270.0,140.0
ORD0009083,2022-03-05,20220305,CUS01487,1,EMP0010,Fawry,Returned,912.0,480.0
ORD0002085,2022-03-05,20220305,CUS02357,2,EMP0046,Vodafone Cash,Completed,218.5,110.0
ORD0009006,2022-03-05,20220305,CUS02711,13,EMP0188,InstaPay,Returned,160.0,100.0
ORD0011736,2022-03-05,20220305,CUS00146,1,EMP0004,Debit Card,Completed,3452.5,1780.0
ORD0008149,2022-03-05,20220305,CUS01728,12,EMP0175,Fawry,Completed,4770.5,4090.0
ORD0006963,2022-03-05,20220305,CUS00845,5,EMP0100,Vodafone Cash,Returned,12665.0,11900.0
ORD0001059,2022-03-05,20220305,CUS02620,12,EMP0182,Vodafone Cash,Cancelled,250.0,110.0
ORD0002808,2022-03-05,20220305,CUS01183,15,EMP0207,Cash,Completed,446.0,230.0
ORD0006214,2022-03-06,20220306,CUS01412,4,EMP0079,  InstaPay  ,Returned,1158.0,650.0
ORD0000854,2022-03-06,20220306,CUS01360,14,EMP0195,InstaPay,Returned,4731.5,2540.0
ORD0008787,2022-03-06,20220306,CUS00975,12,EMP0178,Credit Card,Completed,2790.0,1410.0
ORD0007120,2022-03-06,20220306,CUS00602,10,EMP0159,InstaPay,Completed,570.0,280.0
ORD0001910,2022-03-06,20220306,CUS02953,5,EMP0095,Debit Card,Completed,380.0,200.0
ORD0007042,2022-03-06,20220306,CUS02755,2,,Vodafone Cash,Completed,950.0,460.0
ORD0004200,2022-03-06,20220306,CUS00860,14,EMP0199,Cash,Completed,4072.0,3320.0
ORD0007802,2022-03-06,20220306,CUS00933,11,EMP0170,InstaPay,Cancelled,250.0,120.0
ORD0008926,2022-03-06,20220306,CUS00584,12,EMP0180,  Cash  ,Completed,142.5,70.0
ORD0011754,2022-03-06,20220306,CUS01320,5,EMP0104,InstaPay,Completed,277.5,150.0
ORD0001037,2022-03-06,20220306,CUS01041,15,EMP0208,  Debit Card  ,Completed,2274.5,1140.0
ORD0006810,2022-03-06,20220306,CUS02518,5,EMP0095,Fawry,Completed,266.0,140.0
ORD0010470,2022-03-06,20220306,CUS02927,4,EMP0087,Fawry,Completed,209.0,100.0
ORD0010291,2022-03-07,20220307,CUS01418,5,EMP0099,  Vodafone Cash  ,Completed,25099.0,21910.0
ORD0008044,2022-03-07,20220307,CUS02933,8,EMP0138,InstaPay,Completed,1440.0,680.0
ORD0004462,2022-03-07,20220307,CUS02838,3,EMP0073,Vodafone Cash,Completed,1989.5,1010.0
ORD0008051,2022-03-07,20220307,CUS02726,1,EMP0010,Debit Card,Completed,1411.0,740.0
ORD0002288,2022-03-07,20220307,CUS01718,1,EMP0028,Debit Card,Completed,81.0,40.0
ORD0007717,2022-03-07,20220307,CUS01574,3,EMP0066,Credit Card,Completed,1400.0,780.0
ORD0008013,2022-03-07,20220307,CUS02593,14,EMP0199,Fawry,Completed,1575.0,1050.0
ORD0008163,2022-03-07,20220307,CUS00730,11,EMP0171,Vodafone Cash,Completed,510.0,240.0
ORD0001832,2022-03-07,20220307,CUS02827,9,EMP0151,Credit Card,Completed,6913.0,7240.0
ORD0004494,2022-03-07,20220307,CUS00892,6,EMP0122,Credit Card,Returned,804.0,480.0
ORD0000177,2022-03-07,20220307,CUS00242,7,EMP0135,Debit Card,Completed,995.5,530.0
ORD0001484,2022-03-07,20220307,CUS01428,6,EMP0118,Vodafone Cash,Completed,480.0,210.0
ORD0005673,2022-03-07,20220307,CUS02175,5,EMP0103,Vodafone Cash,Returned,810.0,520.0
ORD0005948,2022-03-07,20220307,CUS02475,14,EMP0199,Credit Card,Completed,446.5,230.0
ORD0000270,2022-03-07,20220307,CUS02824,8,EMP0138,  InstaPay  ,Completed,700.0,350.0
ORD0011358,2022-03-08,20220308,CUS01893,3,EMP0073,Credit Card,Completed,2442.0,1280.0
ORD0003919,2022-03-08,20220308,CUS00681,6,EMP0113,  Fawry  ,Completed,170.0,80.0
ORD0005658,2022-03-08,20220308,CUS00230,2,EMP0038,Debit Card,Completed,20748.0,16950.0
ORD0001178,2022-03-08,20220308,CUS00139,11,EMP0165,  Credit Card  ,Completed,24630.5,21650.0
ORD0011022,2022-03-08,20220308,CUS00604,3,EMP0068,Credit Card,Completed,1872.0,980.0
ORD0005955,2022-03-08,20220308,CUS00430,3,EMP0064,  Debit Card  ,Completed,1098.0,590.0
ORD0002461,2022-03-08,20220308,CUS02000,11,EMP0166,Credit Card,Completed,1323.0,720.0
ORD0001224,2022-03-08,20220308,CUS00764,11,EMP0172,Cash,Completed,1217.0,600.0
ORD0008528,2022-03-09,20220309,CUS00160,11,EMP0170,  Fawry  ,Completed,465.0,240.0
ORD0005459,2022-03-09,20220309,CUS02363,14,EMP0197,Debit Card,Cancelled,76.0,40.0
ORD0002966,2022-03-09,20220309,CUS02248,13,,Vodafone Cash,Completed,634.5,360.0
ORD0007675,2022-03-09,20220309,CUS01188,1,EMP0001,Vodafone Cash,Completed,270.0,140.0
ORD0005085,2022-03-09,20220309,CUS00315,8,EMP0143,  Vodafone Cash  ,Completed,9180.0,8100.0
ORD0005827,2022-03-09,20220309,CUS00442,7,EMP0136,Credit Card,Completed,306.0,170.0
ORD0010176,2022-03-09,20220309,CUS00365,9,EMP0148,Cash,Completed,2500.0,2000.0
ORD0011078,2022-03-09,20220309,CUS02244,1,EMP0017,Debit Card,Completed,8652.0,6990.0
ORD0009602,2022-03-09,20220309,CUS01279,5,EMP0096,InstaPay,Completed,561.0,320.0
ORD0009040,2022-03-09,20220309,CUS00719,2,EMP0053,Cash,Completed,1545.0,810.0
ORD0003928,2022-03-09,20220309,CUS00157,7,EMP0131,Debit Card,Completed,826.5,450.0
ORD0003576,2022-03-10,20220310,CUS00889,8,EMP0138,Fawry,Completed,323.0,180.0
ORD0009243,2022-03-10,20220310,CUS01039,12,EMP0178,Vodafone Cash,Completed,560.0,260.0
ORD0005620,2022-03-10,20220310,CUS00197,2,EMP0038,Cash,Returned,11334.0,9990.0
ORD0001818,2022-03-10,20220310,CUS01835,11,EMP0173,Debit Card,Completed,3460.0,1710.0
ORD0008762,2022-03-10,20220310,CUS02174,1,EMP0027,Vodafone Cash,Completed,954.0,500.0
ORD0006882,2022-03-10,20220310,CUS02039,6,EMP0120,Cash,Completed,39600.0,31500.0
ORD0005674,2022-03-10,20220310,CUS00055,2,EMP0047,  Fawry  ,Completed,20393.5,15720.0
ORD0003924,2022-03-10,20220310,CUS01270,6,EMP0124,Cash,Completed,1068.0,570.0
ORD0010948,2022-03-10,20220310,CUS02569,4,EMP0092,Cash,Cancelled,2240.0,1090.0
ORD0004765,2022-03-11,20220311,CUS00903,7,EMP0131,Debit Card,Completed,388.0,210.0
ORD0010969,2022-03-11,20220311,CUS00286,10,EMP0163,InstaPay,Completed,1400.0,750.0
ORD0010958,2022-03-11,20220311,CUS00090,4,,  Cash  ,Completed,142.5,70.0
ORD0011148,2022-03-11,20220311,CUS00512,3,EMP0072,Debit Card,Completed,1365.0,900.0
ORD0009291,2022-03-11,20220311,CUS02931,4,EMP0093,  Debit Card  ,Cancelled,874.0,440.0
ORD0009152,2022-03-11,20220311,CUS00033,5,EMP0112,Debit Card,Completed,2627.0,1920.0
ORD0004270,2022-03-11,20220311,CUS02093,3,EMP0065,Credit Card,Completed,432.0,240.0
ORD0001816,2022-03-11,20220311,CUS02497,14,EMP0197,Vodafone Cash,Completed,520.0,260.0
ORD0005564,2022-03-11,20220311,CUS01755,12,EMP0175,InstaPay,Returned,1052.0,530.0
ORD0001186,2022-03-12,20220312,CUS01153,7,EMP0133,Cash,Completed,23170.0,22090.0
ORD0009030,2022-03-12,20220312,CUS00225,3,EMP0064,Debit Card,Completed,238.0,140.0
ORD0009034,2022-03-12,20220312,CUS01709,5,EMP0111,Fawry,Completed,4327.0,3750.0
ORD0010002,2022-03-12,20220312,CUS01883,1,EMP0001,InstaPay,Completed,270.0,130.0
ORD0001527,2022-03-12,20220312,CUS00036,10,EMP0156,Credit Card,Completed,136.0,80.0
ORD0010381,2022-03-12,20220312,CUS00264,1,EMP0001,  Cash  ,Completed,372.0,200.0
ORD0001598,2022-03-13,20220313,CUS00494,2,EMP0052,Debit Card,Completed,611.0,330.0
ORD0004002,2022-03-13,20220313,CUS01961,2,EMP0038,Debit Card,Completed,612.0,320.0
ORD0001099,2022-03-13,20220313,CUS01743,2,EMP0044,Cash,Completed,13250.0,10510.0
ORD0001715,2022-03-13,20220313,CUS00128,5,EMP0098,Cash,Completed,570.0,270.0
ORD0009792,2022-03-13,20220313,CUS01177,2,EMP0041,Vodafone Cash,Completed,190.0,90.0
ORD0000891,2022-03-13,20220313,CUS02898,10,EMP0158,InstaPay,Completed,150.0,70.0
ORD0003587,2022-03-13,20220313,CUS00417,4,EMP0092,  Credit Card  ,Completed,564.0,300.0
ORD0000469,2022-03-13,20220313,CUS00851,11,EMP0169,Debit Card,Completed,238.0,140.0
ORD0011779,2022-03-13,20220313,CUS02197,5,EMP0106,InstaPay,Completed,21520.0,16760.0
ORD0006080,2022-03-13,20220313,CUS00608,2,EMP0046,InstaPay,Completed,195.5,110.0
ORD0005106,2022-03-14,20220314,CUS02731,6,EMP0119,Vodafone Cash,Completed,2236.5,1120.0
ORD0001378,2022-03-14,20220314,CUS02883,11,,  Credit Card  ,Completed,810.0,440.0
ORD0002057,2022-03-14,20220314,CUS00278,4,,Credit Card,Completed,270.0,140.0
ORD0011211,2022-03-14,20220314,CUS02080,1,EMP0011,Vodafone Cash,Completed,540.0,290.0
ORD0008702,2022-03-14,20220314,CUS01922,5,EMP0097,InstaPay,Completed,1282.5,660.0
ORD0008977,2022-03-14,20220314,CUS01567,4,EMP0085,Cash,Completed,680.5,420.0
ORD0008970,2022-03-15,20220315,CUS01398,10,EMP0155,  InstaPay  ,Completed,189.0,100.0
ORD0001812,2022-03-15,20220315,CUS01451,12,EMP0175,  InstaPay  ,Completed,930.0,460.0
ORD0006244,2022-03-15,20220315,CUS01364,8,EMP0139,Fawry,Completed,7092.0,5450.0
ORD0003119,2022-03-15,20220315,CUS00633,2,EMP0054,Vodafone Cash,Completed,1560.0,770.0
ORD0010705,2022-03-15,20220315,CUS02469,4,EMP0089,Fawry,Completed,9738.0,7330.0
ORD0003122,2022-03-15,20220315,CUS00177,1,EMP0026,Debit Card,Completed,1862.0,970.0
ORD0005491,2022-03-15,20220315,CUS02156,11,EMP0168,Fawry,Completed,30000.0,24000.0
ORD0001387,2022-03-15,20220315,CUS00546,14,EMP0194,  Vodafone Cash  ,Completed,13305.0,11800.0
ORD0001443,2022-03-15,20220315,CUS02840,2,EMP0049,Credit Card,Completed,3235.5,1630.0
ORD0009783,2022-03-15,20220315,CUS00107,1,EMP0010,Fawry,Completed,3374.0,1810.0
ORD0002623,2022-03-15,20220315,CUS01380,11,EMP0166,Credit Card,Completed,288.0,140.0
ORD0010014,2022-03-15,20220315,CUS02066,2,EMP0047,InstaPay,Completed,360.0,170.0
ORD0004348,2022-03-15,20220315,CUS00765,4,EMP0084,Debit Card,Completed,503.5,260.0
ORD0002862,2022-03-15,20220315,CUS00492,5,EMP0106,Fawry,Completed,1147.5,580.0
ORD0011271,2022-03-16,20220316,CUS02993,5,EMP0099,  Vodafone Cash  ,Completed,1755.0,960.0
ORD0009241,2022-03-16,20220316,CUS01413,1,EMP0020,InstaPay,Completed,288.0,160.0
ORD0004891,2022-03-16,20220316,CUS01295,2,EMP0029,  Credit Card  ,Completed,180.0,110.0
ORD0006411,2022-03-16,20220316,CUS01809,2,EMP0044,  InstaPay  ,Completed,243.0,130.0
ORD0008396,2022-03-17,20220317,CUS01220,2,EMP0043,Credit Card,Completed,380.0,180.0
ORD0005358,2022-03-17,20220317,CUS02093,5,EMP0096,Debit Card,Completed,800.0,390.0
ORD0006578,2022-03-17,20220317,CUS02365,10,EMP0162,Credit Card,Completed,323.0,160.0
ORD0006522,2022-03-17,20220317,CUS00655,6,EMP0125,Vodafone Cash,Completed,1309.5,710.0
ORD0003332,2022-03-17,20220317,CUS02884,9,EMP0147,Cash,Completed,20400.0,16200.0
ORD0007571,2022-03-18,20220318,CUS01032,7,EMP0130,  Vodafone Cash  ,Completed,461.5,220.0
ORD0008864,2022-03-18,20220318,CUS00769,14,EMP0196,Fawry,Cancelled,324.0,190.0
ORD0009533,2022-03-18,20220318,CUS02590,1,EMP0015,Fawry,Completed,1128.0,610.0
ORD0003593,2022-03-18,20220318,CUS00577,3,EMP0061,Debit Card,Completed,17719.0,15420.0
ORD0001736,2022-03-18,20220318,CUS00042,1,EMP0025,Cash,Completed,53169.0,44050.0
ORD0008157,2022-03-18,20220318,CUS01094,14,EMP0197,Fawry,Completed,152.0,90.0
ORD0001825,2022-03-18,20220318,CUS02557,5,EMP0099,Vodafone Cash,Returned,3980.0,2580.0
ORD0009582,2022-03-18,20220318,CUS01916,13,EMP0186,Cash,Completed,1188.0,560.0
ORD0006647,2022-03-18,20220318,CUS01970,10,EMP0161,Fawry,Completed,1147.5,640.0
ORD0005986,2022-03-18,20220318,CUS02117,8,EMP0142,  Credit Card  ,Completed,34608.0,30100.0
ORD0009939,2022-03-18,20220318,CUS01215,2,EMP0051,Fawry,Returned,520.0,260.0
ORD0002480,2022-03-18,20220318,CUS00990,3,EMP0069,Cash,Completed,144.0,70.0
ORD0008206,2022-03-19,20220319,CUS00480,13,EMP0189,  InstaPay  ,Returned,2098.0,1180.0
ORD0001705,2022-03-19,20220319,CUS01738,4,EMP0085,Fawry,Completed,4549.0,3320.0
ORD0002169,2022-03-19,20220319,CUS00965,2,,Cash,Completed,828.0,450.0
ORD0006772,2022-03-19,20220319,CUS01802,3,EMP0074,Fawry,Completed,540.0,260.0
ORD0007773,2022-03-19,20220319,CUS01803,4,EMP0082,  Debit Card  ,Completed,480.0,230.0
ORD0000533,2022-03-19,20220319,CUS01496,3,EMP0068,Debit Card,Completed,682.0,330.0
ORD0003625,2022-03-19,20220319,CUS00421,11,EMP0166,Vodafone Cash,Completed,2760.0,1360.0
ORD0003168,2022-03-19,20220319,CUS01092,15,EMP0208,Cash,Completed,255.0,140.0
ORD0007565,2022-03-19,20220319,CUS02166,1,EMP0005,  Vodafone Cash  ,Returned,1976.0,1000.0
ORD0009858,2022-03-19,20220319,CUS00147,7,EMP0133,Cash,Completed,52800.0,42000.0
ORD0010710,2022-03-19,20220319,CUS02248,11,EMP0168,Cash,Completed,747.0,410.0
ORD0001415,2022-03-20,20220320,CUS02201,4,EMP0090,  Credit Card  ,Completed,708.0,380.0
ORD0010707,2022-03-20,20220320,CUS01882,6,EMP0119,Fawry,Completed,260.0,130.0
ORD0007935,2022-03-20,20220320,CUS00836,4,EMP0080,Vodafone Cash,Completed,14880.0,14900.0
ORD0003432,2022-03-20,20220320,CUS02237,14,EMP0202,Debit Card,Completed,370.0,180.0
ORD0011776,2022-03-20,20220320,CUS01794,9,EMP0146,Cash,Returned,2212.5,1080.0
ORD0011895,2022-03-20,20220320,CUS01259,1,EMP0004,Fawry,Completed,290.0,140.0
ORD0005555,2022-03-20,20220320,CUS02357,4,EMP0081,Vodafone Cash,Completed,234.0,120.0
ORD0009406,2022-03-20,20220320,CUS02208,1,EMP0007,Fawry,Completed,1878.0,1030.0
ORD0011029,2022-03-20,20220320,CUS00408,1,EMP0005,  InstaPay  ,Completed,992.0,550.0
ORD0011636,2022-03-20,20220320,CUS00119,2,EMP0045,InstaPay,Completed,777.0,480.0
ORD0000460,2022-03-20,20220320,CUS01176,7,EMP0131,  Fawry  ,Completed,830.0,400.0
ORD0010445,2022-03-21,20220321,CUS01064,2,EMP0040,InstaPay,Completed,324.0,180.0
ORD0001842,2022-03-21,20220321,CUS02335,14,EMP0200,InstaPay,Completed,8601.0,8130.0
ORD0003232,2022-03-21,20220321,CUS00499,13,EMP0191,  Credit Card  ,Completed,1744.0,860.0
ORD0002209,2022-03-21,20220321,CUS00045,12,EMP0182,Cash,Completed,420.0,180.0
ORD0005228,2022-03-21,20220321,CUS00768,1,EMP0020,Vodafone Cash,Completed,612.0,290.0
ORD0000560,2022-03-21,20220321,CUS02902,4,EMP0084,Credit Card,Completed,1412.5,720.0
ORD0010223,2022-03-21,20220321,CUS02811,10,EMP0152,  InstaPay  ,Completed,10301.0,7800.0
ORD0007592,2022-03-21,20220321,CUS02504,7,EMP0131,Fawry,Completed,1064.0,560.0
ORD0006067,2022-03-21,20220321,CUS02060,2,EMP0051,Debit Card,Completed,836.0,680.0
ORD0009214,2022-03-21,20220321,CUS02024,15,EMP0210,  InstaPay  ,Completed,442.0,240.0
ORD0007032,2022-03-21,20220321,CUS00440,15,EMP0206,Credit Card,Completed,741.0,360.0
ORD0007396,2022-03-21,20220321,CUS01709,10,EMP0159,Fawry,Completed,270.0,130.0
ORD0006856,2022-03-21,20220321,CUS01970,5,EMP0108,Fawry,Completed,300.0,150.0
ORD0008526,2022-03-21,20220321,CUS00181,10,EMP0162,Cash,Completed,320.0,140.0
ORD0009101,2022-03-21,20220321,CUS01561,4,,Vodafone Cash,Completed,405.0,210.0
ORD0000218,2022-03-22,20220322,CUS02235,1,EMP0027,Credit Card,Completed,840.0,510.0
ORD0005367,2022-03-22,20220322,CUS01441,4,EMP0087,Fawry,Completed,1102.0,580.0
ORD0009974,2022-03-22,20220322,CUS01039,3,EMP0063,Credit Card,Completed,136.0,80.0
ORD0001985,2022-03-22,20220322,CUS01689,5,EMP0111,Debit Card,Completed,799.0,460.0
ORD0002217,2022-03-22,20220322,CUS01287,4,EMP0080,InstaPay,Completed,1664.0,1000.0
ORD0008523,2022-03-22,20220322,CUS00078,2,EMP0043,Credit Card,Completed,13000.0,10400.0
ORD0009070,2022-03-22,20220322,CUS01691,3,EMP0076,Fawry,Completed,550.0,270.0
ORD0010690,2022-03-22,20220322,CUS00238,11,,  Cash  ,Completed,1186.0,630.0
ORD0007107,2022-03-23,20220323,CUS01895,2,,Cash,Completed,4503.0,2390.0
ORD0004948,2022-03-23,20220323,CUS00012,9,EMP0148,Debit Card,Completed,930.0,460.0
ORD0007293,2022-03-23,20220323,CUS01918,3,EMP0074,Cash,Returned,6847.0,5360.0
ORD0007821,2022-03-23,20220323,CUS02736,5,EMP0108,Fawry,Completed,2810.0,1500.0
ORD0007515,2022-03-23,20220323,CUS01011,7,EMP0131,Vodafone Cash,Completed,208.0,120.0
ORD0011890,2022-03-23,20220323,CUS01705,13,EMP0187,Cash,Returned,1573.0,900.0
ORD0001251,2022-03-23,20220323,CUS01772,3,EMP0071,Debit Card,Completed,216.0,120.0
ORD0003029,2022-03-23,20220323,CUS01262,9,EMP0151,InstaPay,Completed,130.0,60.0
ORD0009223,2022-03-23,20220323,CUS00823,2,EMP0048,Debit Card,Returned,3740.0,1900.0
ORD0008535,2022-03-23,20220323,CUS02998,4,EMP0086,Vodafone Cash,Cancelled,1440.0,880.0
ORD0004542,2022-03-23,20220323,CUS00711,1,EMP0019,Vodafone Cash,Completed,8337.0,9190.0
ORD0010005,2022-03-23,20220323,CUS01130,1,EMP0004,Vodafone Cash,Completed,7780.0,8350.0
ORD0006899,2022-03-24,20220324,CUS02982,11,EMP0165,Credit Card,Completed,998.0,500.0
ORD0008740,2022-03-24,20220324,CUS00925,3,EMP0067,  Cash  ,Completed,8425.0,6290.0
ORD0001992,2022-03-24,20220324,CUS02338,6,EMP0116,Debit Card,Completed,30880.0,24360.0
ORD0006351,2022-03-24,20220324,CUS02173,1,EMP0009,  Fawry  ,Returned,1434.0,770.0
ORD0010670,2022-03-24,20220324,CUS01350,12,EMP0177,Debit Card,Returned,756.0,520.0
ORD0006430,2022-03-24,20220324,CUS01623,11,EMP0171,Vodafone Cash,Returned,128.0,70.0
ORD0005199,2022-03-24,20220324,CUS01362,6,EMP0116,InstaPay,Completed,450.0,210.0
ORD0003742,2022-03-24,20220324,CUS01650,1,EMP0013,Credit Card,Completed,745.0,380.0
ORD0005956,2022-03-24,20220324,CUS01444,3,EMP0065,Debit Card,Completed,192.0,110.0
ORD0001028,2022-03-25,20220325,CUS02629,2,EMP0032,Vodafone Cash,Completed,1728.0,940.0
ORD0002494,2022-03-25,20220325,CUS01318,3,EMP0070,  InstaPay  ,Completed,136.0,70.0
ORD0011317,2022-03-25,20220325,CUS02468,1,EMP0010,  Credit Card  ,Completed,2340.0,1230.0
ORD0003718,2022-03-25,20220325,CUS02258,4,EMP0082,Debit Card,Completed,1200.5,630.0
ORD0001151,2022-03-25,20220325,CUS00886,1,EMP0024,Vodafone Cash,Completed,504.0,270.0
ORD0000675,2022-03-25,20220325,CUS00445,6,EMP0116,Vodafone Cash,Completed,180.0,80.0
ORD0011068,2022-03-25,20220325,CUS00483,3,EMP0073,Credit Card,Completed,238.0,140.0
ORD0005130,2022-03-25,20220325,CUS02669,2,EMP0030,  Cash  ,Completed,1567.0,830.0
ORD0011606,2022-03-25,20220325,CUS00440,12,EMP0182,InstaPay,Completed,1238.5,730.0
ORD0001017,2022-03-25,20220325,CUS00502,12,,Credit Card,Completed,14400.0,11200.0
ORD0009501,2022-03-25,20220325,CUS02326,11,,Vodafone Cash,Completed,1626.5,860.0
ORD0011365,2022-03-25,20220325,CUS00188,1,EMP0021,Credit Card,Completed,120.0,60.0
ORD0000941,2022-03-25,20220325,CUS02128,10,EMP0156,Cash,Completed,2789.0,1720.0
ORD0007582,2022-03-26,20220326,CUS01574,15,EMP0214,  InstaPay  ,Completed,3488.0,1990.0
ORD0008031,2022-03-26,20220326,CUS01572,3,EMP0072,Cash,Completed,705.0,390.0
ORD0011753,2022-03-26,20220326,CUS01087,5,EMP0097,  Vodafone Cash  ,Completed,18500.0,14800.0
ORD0009641,2022-03-26,20220326,CUS02708,4,EMP0086,Fawry,Completed,1468.0,1000.0
ORD0000493,2022-03-26,20220326,CUS01026,12,EMP0175,Vodafone Cash,Completed,1400.0,680.0
ORD0003355,2022-03-26,20220326,CUS00098,13,EMP0193,Credit Card,Completed,720.0,360.0
ORD0008025,2022-03-26,20220326,CUS00873,4,EMP0093,InstaPay,Completed,1450.0,1070.0
ORD0004408,2022-03-26,20220326,CUS02256,15,EMP0208,Fawry,Completed,1551.5,870.0
ORD0011970,2022-03-26,20220326,CUS01973,6,EMP0115,Cash,Completed,691.0,330.0
ORD0006955,2022-03-26,20220326,CUS00499,2,EMP0043,Credit Card,Completed,1340.0,620.0
ORD0003219,2022-03-26,20220326,CUS00482,3,EMP0075,  Cash  ,Completed,252.0,140.0
ORD0011408,2022-03-26,20220326,CUS02458,6,EMP0121,Fawry,Completed,4468.0,3020.0
ORD0007308,2022-03-27,20220327,CUS02296,2,EMP0036,  InstaPay  ,Completed,1258.0,640.0
ORD0007043,2022-03-27,20220327,CUS01216,2,EMP0050,Cash,Completed,672.0,400.0
ORD0011481,2022-03-27,20220327,CUS02797,1,,Debit Card,Returned,770.0,450.0
ORD0002024,2022-03-27,20220327,CUS01808,9,EMP0151,  InstaPay  ,Completed,1010.0,490.0
ORD0011392,2022-03-27,20220327,CUS02343,11,EMP0168,Cash,Completed,8455.0,7100.0
ORD0006290,2022-03-27,20220327,CUS01573,2,EMP0041,InstaPay,Completed,1183.0,620.0
ORD0009991,2022-03-27,20220327,CUS00163,13,EMP0189,Credit Card,Returned,4043.0,2140.0
ORD0005335,2022-03-27,20220327,CUS00682,10,EMP0161,  InstaPay  ,Completed,658.0,340.0
ORD0005396,2022-03-28,20220328,CUS01237,8,,Fawry,Completed,1161.0,580.0
ORD0001784,2022-03-28,20220328,CUS00453,3,EMP0062,Cash,Completed,1368.0,730.0
ORD0009474,2022-03-28,20220328,CUS00240,3,EMP0065,Debit Card,Completed,2843.5,1530.0
ORD0003646,2022-03-28,20220328,CUS00683,4,EMP0081,Credit Card,Completed,140.0,70.0
ORD0005666,2022-03-28,20220328,CUS02797,6,EMP0113,InstaPay,Completed,992.0,510.0
ORD0001469,2022-03-28,20220328,CUS02202,14,EMP0197,Vodafone Cash,Cancelled,735.0,410.0
ORD0000516,2022-03-28,20220328,CUS02283,14,EMP0200,Cash,Completed,408.0,230.0
ORD0007509,2022-03-28,20220328,CUS00299,9,EMP0149,Credit Card,Completed,1440.0,680.0
ORD0007458,2022-03-29,20220329,CUS02383,3,EMP0074,InstaPay,Completed,630.0,350.0
ORD0011444,2022-03-29,20220329,CUS01262,11,EMP0164,InstaPay,Completed,924.0,500.0
ORD0009279,2022-03-29,20220329,CUS02859,7,EMP0135,Fawry,Completed,1686.0,920.0
ORD0000183,2022-03-29,20220329,CUS00540,3,EMP0069,Debit Card,Returned,275.0,130.0
ORD0009648,2022-03-29,20220329,CUS02541,2,EMP0044,Cash,Completed,1125.5,520.0
ORD0010824,2022-03-29,20220329,CUS00386,4,EMP0083,InstaPay,Completed,1660.0,820.0
ORD0011194,2022-03-29,20220329,CUS01707,11,EMP0173,Fawry,Completed,411.0,260.0
ORD0003216,2022-03-29,20220329,CUS01143,11,EMP0166,Cash,Completed,520.0,260.0
ORD0011521,2022-03-29,20220329,CUS00702,10,EMP0158,Cash,Completed,340.0,160.0
ORD0008646,2022-03-29,20220329,CUS00201,1,EMP0008,Cash,Cancelled,15300.0,12000.0
ORD0004809,2022-03-30,20220330,CUS01335,2,EMP0033,  InstaPay  ,Completed,1945.5,1090.0
ORD0002656,2022-03-30,20220330,CUS02228,1,EMP0024,Vodafone Cash,Completed,539.5,270.0
ORD0005016,2022-03-30,20220330,CUS00229,10,EMP0157,Vodafone Cash,Returned,712.0,350.0
ORD0001931,2022-03-30,20220330,CUS02022,4,EMP0085,  Debit Card  ,Completed,3788.0,1930.0
ORD0011530,2022-03-30,20220330,CUS02154,4,EMP0091,InstaPay,Completed,437.0,220.0
ORD0001137,2022-03-30,20220330,CUS01784,9,EMP0151,Vodafone Cash,Completed,37488.0,29980.0
ORD0011956,2022-03-30,20220330,CUS02863,9,,Cash,Completed,2396.0,1270.0
ORD0004074,2022-03-30,20220330,CUS01184,1,EMP0002,  InstaPay  ,Completed,15332.0,12150.0
ORD0002236,2022-03-30,20220330,CUS00539,1,EMP0018,Debit Card,Completed,530.0,260.0
ORD0001853,2022-03-30,20220330,CUS00133,10,EMP0159,Credit Card,Completed,4996.0,2500.0
ORD0007680,2022-03-30,20220330,CUS01394,3,EMP0077,Fawry,Completed,14076.0,12300.0
ORD0004771,2022-03-30,20220330,CUS00608,5,EMP0097,Cash,Completed,1150.5,580.0
ORD0009218,2022-03-31,20220331,CUS00874,8,EMP0142,Cash,Completed,22188.0,19720.0
ORD0005350,2022-03-31,20220331,CUS02892,7,EMP0133,Fawry,Completed,14448.0,13370.0
ORD0000368,2022-03-31,20220331,CUS00775,3,EMP0067,Credit Card,Completed,240.0,120.0
ORD0002338,2022-03-31,20220331,CUS02643,6,,Cash,Completed,178.5,100.0
ORD0001766,2022-03-31,20220331,CUS00452,15,EMP0209,Cash,Completed,17479.0,13240.0
ORD0003092,2022-03-31,20220331,CUS00323,10,EMP0158,Fawry,Returned,586.0,300.0
ORD0000600,2022-03-31,20220331,CUS02656,7,EMP0131,Credit Card,Completed,468.0,260.0
ORD0004794,2022-03-31,20220331,CUS00631,7,EMP0135,Cash,Completed,470.0,230.0
ORD0009569,2022-03-31,20220331,CUS00690,6,EMP0123,Credit Card,Completed,895.5,450.0
ORD0002398,2022-03-31,20220331,CUS02835,4,EMP0085,Fawry,Cancelled,400.0,190.0
ORD0003154,2022-03-31,20220331,CUS01285,1,EMP0005,InstaPay,Completed,518.5,300.0
ORD0000198,2022-04-01,20220401,CUS02863,12,,  Credit Card  ,Completed,1996.5,1010.0
ORD0001568,2022-04-01,20220401,CUS01111,2,EMP0044,Debit Card,Completed,1300.0,640.0
ORD0005536,2022-04-01,20220401,CUS00795,3,EMP0061,Vodafone Cash,Completed,2537.0,1440.0
ORD0008472,2022-04-01,20220401,CUS01555,2,EMP0054,Fawry,Completed,430.0,210.0
ORD0006342,2022-04-01,20220401,CUS00728,5,EMP0097,  Vodafone Cash  ,Completed,360.0,180.0
ORD0000951,2022-04-01,20220401,CUS02379,1,EMP0016,Fawry,Completed,5100.0,4000.0
ORD0010915,2022-04-01,20220401,CUS01523,4,EMP0079,Vodafone Cash,Completed,1350.0,660.0
ORD0006319,2022-04-01,20220401,CUS02043,7,EMP0132,Credit Card,Completed,1026.0,540.0
ORD0008109,2022-04-01,20220401,CUS01776,3,EMP0075,Credit Card,Completed,1254.0,680.0
ORD0004038,2022-04-01,20220401,CUS02468,4,EMP0092,Credit Card,Completed,692.0,380.0
ORD0005937,2022-04-01,20220401,CUS02704,1,EMP0027,Vodafone Cash,Completed,1057.5,870.0
ORD0005816,2022-04-02,20220402,CUS00340,8,EMP0143,InstaPay,Completed,10900.0,8700.0
ORD0004440,2022-04-02,20220402,CUS01795,1,EMP0008,Fawry,Completed,972.0,520.0
ORD0003213,2022-04-02,20220402,CUS01048,4,EMP0085,Vodafone Cash,Completed,142.5,90.0
ORD0001663,2022-04-02,20220402,CUS02742,4,EMP0089,  Vodafone Cash  ,Completed,13770.0,14050.0
ORD0005560,2022-04-02,20220402,CUS02255,11,EMP0173,  Credit Card  ,Completed,873.0,500.0
ORD0002537,2022-04-02,20220402,CUS00893,2,EMP0034,InstaPay,Completed,1344.0,650.0
ORD0007392,2022-04-02,20220402,CUS01362,5,EMP0109,  InstaPay  ,Returned,544.0,310.0
ORD0008601,2022-04-02,20220402,CUS01618,3,EMP0062,  Cash  ,Completed,208.0,120.0
ORD0006139,2022-04-02,20220402,CUS01576,5,EMP0102,  Vodafone Cash  ,Cancelled,1650.0,800.0
ORD0004996,2022-04-02,20220402,CUS01646,3,EMP0073,Credit Card,Completed,300.0,150.0
ORD0000781,2022-04-02,20220402,CUS01326,4,EMP0090,InstaPay,Completed,28965.5,24390.0
ORD0004422,2022-04-02,20220402,CUS01328,8,EMP0138,Debit Card,Completed,7200.0,6400.0
ORD0002010,2022-04-02,20220402,CUS00133,4,EMP0080,  Credit Card  ,Completed,8779.0,9030.0
ORD0002456,2022-04-02,20220402,CUS01528,2,EMP0035,InstaPay,Completed,901.0,480.0
ORD0003494,2022-04-03,20220403,CUS02431,2,EMP0042,InstaPay,Completed,720.0,390.0
ORD0003846,2022-04-03,20220403,CUS02850,2,EMP0049,Vodafone Cash,Completed,210.0,100.0
ORD0009574,2022-04-03,20220403,CUS02716,1,,Debit Card,Completed,81.0,40.0
ORD0011691,2022-04-03,20220403,CUS00303,11,EMP0167,Vodafone Cash,Completed,851.5,470.0
ORD0009115,2022-04-03,20220403,CUS02463,15,EMP0209,Credit Card,Completed,710.0,340.0
ORD0000090,2022-04-03,20220403,CUS02378,2,EMP0053,Cash,Completed,2043.0,1120.0
ORD0007602,2022-04-03,20220403,CUS00644,2,EMP0042,Cash,Completed,5580.0,4480.0
ORD0003777,2022-04-03,20220403,CUS01447,9,EMP0145,  Cash  ,Completed,13733.5,11350.0
ORD0006873,2022-04-03,20220403,CUS01726,2,EMP0032,Vodafone Cash,Completed,243.0,130.0
ORD0009167,2022-04-03,20220403,CUS00259,12,EMP0182,Fawry,Returned,208.0,130.0
ORD0008634,2022-04-03,20220403,CUS01905,12,EMP0182,  Debit Card  ,Completed,140.0,60.0
ORD0005495,2022-04-04,20220404,CUS00721,2,EMP0029,Fawry,Returned,2170.0,1190.0
ORD0003510,2022-04-04,20220404,CUS02876,8,EMP0140,Credit Card,Completed,522.0,290.0
ORD0009105,2022-04-04,20220404,CUS00185,3,EMP0067,Credit Card,Completed,144.0,70.0
ORD0000128,2022-04-04,20220404,CUS00461,1,EMP0024,Debit Card,Completed,532.0,240.0
ORD0006786,2022-04-04,20220404,CUS02095,10,EMP0160,Credit Card,Completed,468.0,240.0
ORD0009935,2022-04-04,20220404,CUS00131,7,EMP0136,  Fawry  ,Returned,646.0,320.0
ORD0005453,2022-04-04,20220404,CUS02224,8,EMP0143,  Fawry  ,Completed,748.0,440.0
ORD0004280,2022-04-04,20220404,CUS01325,6,EMP0117,Debit Card,Completed,270.0,130.0
ORD0004502,2022-04-04,20220404,CUS02584,11,EMP0166,  Vodafone Cash  ,Completed,323.0,160.0
ORD0007843,2022-04-04,20220404,CUS02729,12,EMP0184,Cash,Completed,1234.5,610.0
ORD0010388,2022-04-04,20220404,CUS02777,2,EMP0037,Cash,Completed,1200.0,680.0
ORD0010321,2022-04-05,20220405,CUS02221,8,EMP0142,Credit Card,Completed,324.0,170.0
ORD0008081,2022-04-05,20220405,CUS01461,15,EMP0205,Vodafone Cash,Completed,1533.0,810.0
ORD0009744,2022-04-05,20220405,CUS00827,2,EMP0040,Cash,Completed,126.0,70.0
ORD0007688,2022-04-05,20220405,CUS01043,1,EMP0002,Vodafone Cash,Completed,380.0,180.0
ORD0003678,2022-04-05,20220405,CUS01785,2,EMP0039,Vodafone Cash,Completed,104.0,60.0
ORD0010789,2022-04-05,20220405,CUS02041,9,EMP0148,Fawry,Completed,136.0,80.0
ORD0003317,2022-04-05,20220405,CUS00619,9,EMP0150,Fawry,Completed,216.0,110.0
ORD0008870,2022-04-05,20220405,CUS01710,7,EMP0130,Fawry,Completed,1106.5,570.0
ORD0011434,2022-04-05,20220405,CUS01531,12,EMP0177,Credit Card,Completed,378.0,210.0
ORD0004870,2022-04-05,20220405,CUS00654,1,EMP0014,  Vodafone Cash  ,Completed,6579.0,5040.0
ORD0002671,2022-04-05,20220405,CUS00751,12,EMP0184,Fawry,Completed,1050.0,510.0
ORD0000486,2022-04-05,20220405,CUS01757,6,EMP0124,Fawry,Completed,1159.0,600.0
ORD0008054,2022-04-05,20220405,CUS02072,11,EMP0169,Debit Card,Completed,370.0,180.0
ORD0009534,2022-04-06,20220406,CUS02245,3,EMP0067,  Vodafone Cash  ,Completed,826.5,480.0
ORD0003179,2022-04-06,20220406,CUS01001,2,EMP0045,InstaPay,Returned,160.0,70.0
ORD0011879,2022-04-06,20220406,CUS02637,8,EMP0143,Vodafone Cash,Returned,703.0,370.0
ORD0005800,2022-04-06,20220406,CUS01807,5,EMP0104,Vodafone Cash,Completed,680.0,400.0
ORD0008579,2022-04-06,20220406,CUS02703,8,EMP0138,InstaPay,Completed,238.0,140.0
ORD0000074,2022-04-06,20220406,CUS01446,3,EMP0056,Credit Card,Completed,340.0,160.0
ORD0008012,2022-04-06,20220406,CUS02434,8,EMP0138,Credit Card,Completed,569.0,280.0
ORD0009022,2022-04-06,20220406,CUS01227,6,EMP0121,Fawry,Returned,2800.0,1390.0
ORD0011748,2022-04-06,20220406,CUS02517,5,,Debit Card,Completed,160.0,80.0
ORD0011640,2022-04-06,20220406,CUS00275,7,EMP0128,Fawry,Completed,276.5,150.0
ORD0004169,2022-04-07,20220407,CUS01442,2,EMP0037,Fawry,Completed,740.0,360.0
ORD0002366,2022-04-07,20220407,CUS02077,15,EMP0207,Cash,Returned,560.0,280.0
ORD0000238,2022-04-07,20220407,CUS02621,14,EMP0200,Credit Card,Completed,833.0,430.0
ORD0006621,2022-04-07,20220407,CUS00190,4,EMP0091,Credit Card,Completed,467.0,270.0
ORD0002298,2022-04-07,20220407,CUS00174,6,EMP0113,Debit Card,Completed,81.0,40.0
ORD0005791,2022-04-07,20220407,CUS01142,13,EMP0192,Vodafone Cash,Returned,700.0,350.0
ORD0009206,2022-04-07,20220407,CUS01781,1,EMP0009,Vodafone Cash,Completed,7005.0,5780.0
ORD0007697,2022-04-07,20220407,CUS02774,14,EMP0199,Vodafone Cash,Completed,2701.5,1350.0
ORD0008235,2022-04-07,20220407,CUS01243,2,EMP0043,Credit Card,Completed,2400.0,2100.0
ORD0002391,2022-04-07,20220407,CUS00753,2,EMP0049,InstaPay,Completed,450.0,240.0
ORD0000309,2022-04-07,20220407,CUS01930,3,EMP0060,Credit Card,Completed,3036.0,1580.0
ORD0003812,2022-04-08,20220408,CUS01268,1,EMP0022,  Vodafone Cash  ,Completed,2612.0,1320.0
ORD0007751,2022-04-08,20220408,CUS01231,4,EMP0085,Fawry,Completed,949.5,480.0
ORD0001076,2022-04-08,20220408,CUS02021,6,EMP0121,Credit Card,Completed,1465.0,780.0
ORD0005603,2022-04-08,20220408,CUS00505,12,EMP0180,Cash,Returned,3920.0,1920.0
ORD0002891,2022-04-08,20220408,CUS02056,9,EMP0146,Credit Card,Completed,1594.0,760.0
ORD0004473,2022-04-08,20220408,CUS01236,12,EMP0177,  Debit Card  ,Completed,250.0,120.0
ORD0003735,2022-04-08,20220408,CUS02076,2,EMP0050,Credit Card,Completed,210.0,100.0
ORD0002724,2022-04-08,20220408,CUS01693,2,EMP0048,Credit Card,Completed,240.0,140.0
ORD0009556,2022-04-08,20220408,CUS01745,5,EMP0098,Cash,Completed,309.5,170.0
ORD0010119,2022-04-08,20220408,CUS02890,14,EMP0200,Vodafone Cash,Completed,1283.0,720.0
ORD0007378,2022-04-08,20220408,CUS02984,5,EMP0105,Fawry,Completed,3365.0,1710.0
ORD0005503,2022-04-09,20220409,CUS01608,3,EMP0066,Cash,Completed,2326.0,1150.0
ORD0000286,2022-04-09,20220409,CUS02196,1,EMP0011,Vodafone Cash,Completed,1330.0,1040.0
ORD0010524,2022-04-09,20220409,CUS01856,12,EMP0184,Vodafone Cash,Completed,100.0,50.0
ORD0004411,2022-04-09,20220409,CUS02790,4,EMP0080,Vodafone Cash,Completed,480.0,240.0
ORD0000061,2022-04-09,20220409,CUS00665,3,EMP0066,Credit Card,Completed,972.0,520.0
ORD0004083,2022-04-09,20220409,CUS02492,4,EMP0093,  Credit Card  ,Completed,310.0,150.0
ORD0004299,2022-04-09,20220409,CUS00846,3,EMP0063,Credit Card,Completed,30300.0,24300.0
ORD0002370,2022-04-09,20220409,CUS01234,2,EMP0052,  Cash  ,Completed,4625.0,3770.0
ORD0007060,2022-04-09,20220409,CUS00538,3,,Cash,Returned,1036.0,520.0
ORD0008580,2022-04-10,20220410,CUS00761,11,EMP0164,Cash,Completed,2718.0,1370.0
ORD0010403,2022-04-10,20220410,CUS00445,3,EMP0061,Credit Card,Cancelled,4190.0,2500.0
ORD0010908,2022-04-10,20220410,CUS00351,1,EMP0014,Credit Card,Completed,2165.5,1180.0
ORD0003686,2022-04-10,20220410,CUS02523,1,EMP0020,  Fawry  ,Completed,1122.0,560.0
ORD0010930,2022-04-10,20220410,CUS00959,6,EMP0117,Vodafone Cash,Returned,1734.0,1000.0
ORD0000450,2022-04-10,20220410,CUS00635,1,EMP0003,Cash,Completed,5230.0,4350.0
ORD0009155,2022-04-10,20220410,CUS00994,6,EMP0117,Fawry,Completed,5301.0,4220.0
ORD0002299,2022-04-10,20220410,CUS00329,4,,Credit Card,Completed,2563.5,1530.0
ORD0006116,2022-04-11,20220411,CUS02189,5,EMP0097,Credit Card,Completed,520.0,240.0
ORD0002828,2022-04-11,20220411,CUS00403,1,,InstaPay,Completed,160.0,70.0
ORD0004897,2022-04-11,20220411,CUS00582,8,EMP0144,InstaPay,Returned,991.0,820.0
ORD0002113,2022-04-11,20220411,CUS00812,6,EMP0126,Fawry,Completed,190.0,90.0
ORD0003053,2022-04-11,20220411,CUS02163,5,EMP0096,InstaPay,Completed,940.0,460.0
ORD0011492,2022-04-11,20220411,CUS00620,10,EMP0152,Credit Card,Completed,1780.0,990.0
ORD0004714,2022-04-11,20220411,CUS01171,4,EMP0092,  Fawry  ,Cancelled,400.0,200.0
ORD0003650,2022-04-11,20220411,CUS00730,12,EMP0179,  Cash  ,Cancelled,406.0,290.0
ORD0001903,2022-04-11,20220411,CUS00257,1,EMP0006,Vodafone Cash,Completed,67.5,40.0
ORD0004277,2022-04-11,20220411,CUS02167,3,EMP0067,Vodafone Cash,Completed,2000.0,1600.0
ORD0003647,2022-04-11,20220411,CUS01598,13,EMP0187,InstaPay,Completed,6000.0,4800.0
ORD0009616,2022-04-11,20220411,CUS01632,7,EMP0134,  Cash  ,Returned,4250.0,4000.0
ORD0010011,2022-04-11,20220411,CUS02016,6,EMP0123,InstaPay,Completed,880.0,440.0
ORD0002759,2022-04-12,20220412,CUS01667,4,EMP0084,InstaPay,Completed,502.0,250.0
ORD0011171,2022-04-12,20220412,CUS02188,10,EMP0157,Vodafone Cash,Completed,1542.0,790.0
ORD0007869,2022-04-12,20220412,CUS02664,5,,Credit Card,Completed,85.5,40.0
ORD0011601,2022-04-12,20220412,CUS01809,2,EMP0042,InstaPay,Completed,1326.0,750.0
ORD0008104,2022-04-12,20220412,CUS02685,3,EMP0061,Debit Card,Completed,777.0,540.0
ORD0001166,2022-04-12,20220412,CUS01587,4,EMP0084,Cash,Completed,1924.5,1110.0
ORD0000284,2022-04-12,20220412,CUS02885,12,,  Cash  ,Completed,126.0,60.0
ORD0011324,2022-04-12,20220412,CUS02053,6,EMP0123,  InstaPay  ,Completed,610.0,290.0
ORD0009220,2022-04-12,20220412,CUS02384,3,,  InstaPay  ,Completed,270.0,170.0
ORD0011603,2022-04-12,20220412,CUS01285,1,EMP0005,Cash,Returned,14788.0,12970.0
ORD0001688,2022-04-12,20220412,CUS01417,1,EMP0013,  Fawry  ,Completed,940.0,450.0
ORD0006527,2022-04-12,20220412,CUS00892,12,EMP0180,InstaPay,Completed,6649.0,5460.0
ORD0003145,2022-04-13,20220413,CUS00396,10,,Vodafone Cash,Completed,680.0,600.0
ORD0001358,2022-04-13,20220413,CUS02147,7,EMP0129,InstaPay,Completed,24787.0,21730.0
ORD0002402,2022-04-13,20220413,CUS00348,14,EMP0195,  Vodafone Cash  ,Completed,797.5,420.0
ORD0001283,2022-04-13,20220413,CUS02822,2,EMP0054,  Debit Card  ,Completed,1412.0,680.0
ORD0009821,2022-04-13,20220413,CUS00226,2,EMP0050,Vodafone Cash,Completed,2298.0,1190.0
ORD0006853,2022-04-13,20220413,CUS01126,1,EMP0017,Debit Card,Completed,752.0,460.0
ORD0002178,2022-04-13,20220413,CUS00356,1,EMP0015,InstaPay,Completed,16040.0,12790.0
ORD0002197,2022-04-13,20220413,CUS00782,9,EMP0149,Fawry,Completed,85.5,40.0
ORD0003420,2022-04-13,20220413,CUS02301,5,EMP0103,InstaPay,Completed,720.0,380.0
ORD0001385,2022-04-14,20220414,CUS00698,12,EMP0179,Vodafone Cash,Completed,703.0,360.0
ORD0008511,2022-04-14,20220414,CUS02976,1,EMP0015,Credit Card,Completed,324.0,160.0
ORD0009842,2022-04-14,20220414,CUS02477,6,EMP0118,Credit Card,Completed,204.0,110.0
ORD0007209,2022-04-14,20220414,CUS01378,1,EMP0002,InstaPay,Completed,1060.0,490.0
ORD0011250,2022-04-14,20220414,CUS01358,15,EMP0207,Credit Card,Completed,5312.0,4700.0
ORD0004589,2022-04-14,20220414,CUS01555,5,EMP0095,InstaPay,Completed,1302.0,650.0
ORD0008577,2022-04-14,20220414,CUS02941,7,EMP0128,Debit Card,Completed,2254.5,1640.0
ORD0004564,2022-04-14,20220414,CUS02888,9,EMP0151,Cash,Completed,18080.0,14340.0
ORD0004315,2022-04-14,20220414,CUS00901,1,EMP0023,Debit Card,Completed,600.0,500.0
ORD0010041,2022-04-14,20220414,CUS01834,4,EMP0082,Fawry,Completed,936.0,500.0
ORD0000671,2022-04-15,20220415,CUS00382,2,EMP0052,Cash,Completed,351.5,180.0
ORD0007252,2022-04-15,20220415,CUS01287,2,EMP0052,  Fawry  ,Completed,270.0,160.0
ORD0011448,2022-04-15,20220415,CUS00447,5,EMP0098,Vodafone Cash,Completed,1038.5,530.0
ORD0008126,2022-04-15,20220415,CUS01898,9,EMP0150,Credit Card,Completed,722.0,370.0
ORD0006861,2022-04-15,20220415,CUS00035,12,EMP0184,  InstaPay  ,Completed,645.0,310.0
ORD0006651,2022-04-15,20220415,CUS00286,3,EMP0055,InstaPay,Completed,15232.0,12520.0
ORD0008729,2022-04-15,20220415,CUS00562,1,EMP0017,Vodafone Cash,Completed,969.0,480.0
ORD0001589,2022-04-15,20220415,CUS00659,7,EMP0130,Cash,Completed,1168.0,720.0
ORD0002535,2022-04-15,20220415,CUS01494,2,EMP0053,Credit Card,Completed,1583.0,770.0
ORD0005954,2022-04-15,20220415,CUS00906,6,EMP0116,Debit Card,Completed,18006.0,15880.0
ORD0004650,2022-04-15,20220415,CUS02087,6,EMP0117,Cash,Completed,1150.0,560.0
ORD0005965,2022-04-15,20220415,CUS01363,6,EMP0124,Credit Card,Completed,150.0,70.0
ORD0006883,2022-04-15,20220415,CUS01976,3,EMP0061,Cash,Returned,3720.0,3450.0
ORD0007960,2022-04-15,20220415,CUS01730,12,EMP0175,Fawry,Completed,12157.5,9150.0
ORD0005499,2022-04-15,20220415,CUS01870,2,,Cash,Completed,270.0,140.0
ORD0000566,2022-04-15,20220415,CUS01861,9,EMP0147,Credit Card,Returned,2090.0,2040.0
ORD0008392,2022-04-15,20220415,CUS02835,2,EMP0041,Debit Card,Completed,979.0,500.0
ORD0011538,2022-04-15,20220415,CUS00968,2,EMP0054,Vodafone Cash,Completed,1910.5,1000.0
ORD0006012,2022-04-16,20220416,CUS01332,3,EMP0061,Credit Card,Completed,800.0,350.0
ORD0002661,2022-04-16,20220416,CUS02848,2,,Credit Card,Returned,982.0,490.0
ORD0001906,2022-04-16,20220416,CUS02546,2,EMP0035,Credit Card,Returned,345.0,220.0
ORD0010995,2022-04-16,20220416,CUS00607,12,EMP0174,Credit Card,Completed,5630.0,3760.0
ORD0008218,2022-04-16,20220416,CUS02924,7,EMP0131,Cash,Completed,486.0,260.0
ORD0009541,2022-04-16,20220416,CUS00402,1,EMP0011,Vodafone Cash,Completed,1970.5,1020.0
ORD0011451,2022-04-16,20220416,CUS02601,12,EMP0180,InstaPay,Completed,2404.0,1200.0
ORD0004407,2022-04-17,20220417,CUS01722,7,EMP0134,Debit Card,Completed,18854.0,15040.0
ORD0011860,2022-04-17,20220417,CUS01796,12,EMP0178,  Vodafone Cash  ,Returned,793.0,390.0
ORD0007339,2022-04-17,20220417,CUS00761,3,EMP0075,Cash,Completed,520.0,250.0
ORD0003644,2022-04-17,20220417,CUS00044,13,EMP0186,Fawry,Completed,290.0,130.0
ORD0007026,2022-04-17,20220417,CUS02655,2,EMP0051,Credit Card,Returned,1180.0,1070.0
ORD0010227,2022-04-17,20220417,CUS00009,4,EMP0084,  Cash  ,Returned,1080.0,680.0
ORD0011403,2022-04-17,20220417,CUS00464,1,EMP0021,  Fawry  ,Completed,320.0,180.0
ORD0008509,2022-04-17,20220417,CUS02622,3,EMP0061,Debit Card,Completed,266.0,140.0
ORD0004224,2022-04-17,20220417,CUS02587,3,EMP0070,Credit Card,Completed,2520.0,1360.0
ORD0008504,2022-04-17,20220417,CUS02750,3,EMP0076,Debit Card,Completed,304.0,180.0
ORD0000028,2022-04-17,20220417,CUS02146,7,EMP0128,  Vodafone Cash  ,Completed,954.0,480.0
ORD0007295,2022-04-17,20220417,CUS01244,5,EMP0112,  Debit Card  ,Completed,446.0,240.0
ORD0008201,2022-04-17,20220417,CUS02983,2,EMP0053,Debit Card,Returned,766.0,390.0
ORD0011312,2022-04-17,20220417,CUS00161,4,EMP0093,Vodafone Cash,Completed,824.0,450.0
ORD0000473,2022-04-18,20220418,CUS01325,6,EMP0117,InstaPay,Completed,413.0,290.0
ORD0007947,2022-04-18,20220418,CUS01579,1,EMP0026,  Debit Card  ,Completed,648.0,340.0
ORD0000653,2022-04-18,20220418,CUS02575,11,EMP0169,Fawry,Completed,13845.0,11840.0
ORD0009405,2022-04-18,20220418,CUS02686,15,EMP0209,Fawry,Completed,1134.0,590.0
ORD0003475,2022-04-18,20220418,CUS00464,9,EMP0149,Vodafone Cash,Completed,360.0,210.0
ORD0010673,2022-04-18,20220418,CUS01365,1,EMP0020,Cash,Completed,6135.0,5060.0
ORD0008932,2022-04-18,20220418,CUS02849,6,EMP0124,  Debit Card  ,Cancelled,209.0,100.0
ORD0006005,2022-04-18,20220418,CUS00462,7,EMP0127,Vodafone Cash,Returned,127.5,70.0
ORD0011557,2022-04-18,20220418,CUS00196,5,EMP0098,InstaPay,Completed,190.0,90.0
ORD0010184,2022-04-18,20220418,CUS02781,2,EMP0033,  InstaPay  ,Completed,230.0,110.0
ORD0002897,2022-04-18,20220418,CUS00282,13,,InstaPay,Completed,1060.5,560.0
ORD0009473,2022-04-18,20220418,CUS00270,3,EMP0055,Fawry,Completed,1786.0,920.0
ORD0011966,2022-04-19,20220419,CUS01495,10,,  Fawry  ,Completed,900.0,440.0
ORD0011698,2022-04-19,20220419,CUS00559,3,EMP0078,Credit Card,Completed,110.5,60.0
ORD0008014,2022-04-19,20220419,CUS01184,2,EMP0036,InstaPay,Completed,2488.0,1230.0
ORD0002678,2022-04-19,20220419,CUS00483,2,,Vodafone Cash,Completed,2380.0,1180.0
ORD0000174,2022-04-19,20220419,CUS00415,2,EMP0054,Fawry,Returned,540.0,270.0
ORD0011697,2022-04-19,20220419,CUS02371,1,EMP0027,  Fawry  ,Completed,343.0,190.0
ORD0004946,2022-04-19,20220419,CUS01051,2,EMP0034,Credit Card,Completed,901.5,490.0
ORD0000772,2022-04-19,20220419,CUS01143,13,EMP0186,Cash,Completed,6300.0,4940.0
ORD0000485,2022-04-19,20220419,CUS01310,6,EMP0125,Credit Card,Completed,540.0,360.0
ORD0006529,2022-04-19,20220419,CUS00463,15,EMP0216,Credit Card,Completed,320.0,160.0
ORD0002754,2022-04-19,20220419,CUS01480,10,EMP0157,InstaPay,Completed,333.0,180.0
ORD0006175,2022-04-19,20220419,CUS00429,3,EMP0065,InstaPay,Completed,857.5,460.0
ORD0004340,2022-04-20,20220420,CUS02636,5,EMP0112,Fawry,Completed,171.0,90.0
ORD0011475,2022-04-20,20220420,CUS01656,4,EMP0092,Fawry,Completed,495.0,270.0
ORD0006194,2022-04-20,20220420,CUS00606,11,EMP0173,Vodafone Cash,Completed,1147.5,550.0
ORD0004007,2022-04-20,20220420,CUS01989,5,EMP0101,Vodafone Cash,Completed,5648.0,4280.0
ORD0005284,2022-04-20,20220420,CUS01557,3,EMP0064,Fawry,Completed,18121.5,14970.0
ORD0006305,2022-04-20,20220420,CUS02607,10,,Credit Card,Completed,200.0,100.0
ORD0004492,2022-04-20,20220420,CUS00944,4,EMP0092,Cash,Completed,862.5,500.0
ORD0006222,2022-04-20,20220420,CUS02251,6,EMP0116,Debit Card,Completed,1978.0,1030.0
ORD0008372,2022-04-20,20220420,CUS00685,2,EMP0046,Fawry,Completed,25360.0,21340.0
ORD0007895,2022-04-20,20220420,CUS02414,6,EMP0122,InstaPay,Returned,756.0,400.0
ORD0002937,2022-04-21,20220421,CUS02827,8,EMP0137,InstaPay,Completed,184.0,110.0
ORD0011642,2022-04-21,20220421,CUS02578,10,EMP0155,Vodafone Cash,Completed,2817.0,1820.0
ORD0003271,2022-04-21,20220421,CUS00140,3,EMP0076,Debit Card,Completed,487.5,290.0
ORD0003316,2022-04-21,20220421,CUS02399,14,EMP0201,Fawry,Completed,468.0,260.0
ORD0006615,2022-04-21,20220421,CUS01832,15,EMP0206,Debit Card,Completed,740.5,370.0
ORD0006008,2022-04-21,20220421,CUS02944,6,EMP0113,  Cash  ,Completed,160.0,80.0
ORD0010469,2022-04-22,20220422,CUS01906,2,EMP0033,Debit Card,Completed,972.0,510.0
ORD0006063,2022-04-22,20220422,CUS01406,10,EMP0157,Debit Card,Completed,342.0,180.0
ORD0011374,2022-04-22,20220422,CUS02783,5,EMP0096,Vodafone Cash,Completed,160.0,70.0
ORD0001207,2022-04-22,20220422,CUS01331,6,EMP0113,InstaPay,Completed,450.0,220.0
ORD0000459,2022-04-22,20220422,CUS02481,8,EMP0144,Credit Card,Completed,1620.0,790.0
ORD0002741,2022-04-22,20220422,CUS01519,12,EMP0175,  InstaPay  ,Completed,19570.5,16790.0
ORD0006820,2022-04-22,20220422,CUS02585,3,EMP0062,InstaPay,Completed,684.0,360.0
ORD0004009,2022-04-22,20220422,CUS01592,2,EMP0044,InstaPay,Completed,1878.5,1000.0
ORD0002258,2022-04-22,20220422,CUS02781,5,EMP0110,Debit Card,Completed,13991.5,11620.0
ORD0003105,2022-04-23,20220423,CUS02093,1,EMP0016,Debit Card,Returned,150.0,70.0
ORD0007587,2022-04-23,20220423,CUS01863,1,EMP0004,  Fawry  ,Completed,601.0,330.0
ORD0001287,2022-04-23,20220423,CUS00294,12,EMP0178,  Credit Card  ,Returned,10240.0,10300.0
ORD0005194,2022-04-23,20220423,CUS02686,2,EMP0038,Fawry,Completed,240.0,150.0
ORD0009350,2022-04-23,20220423,CUS01384,2,EMP0049,Fawry,Completed,3581.0,1760.0
ORD0008155,2022-04-23,20220423,CUS02254,11,EMP0165,InstaPay,Completed,680.0,340.0
ORD0010083,2022-04-23,20220423,CUS02586,5,EMP0096,  Cash  ,Completed,26518.0,22380.0
ORD0002340,2022-04-23,20220423,CUS01221,1,EMP0019,Credit Card,Completed,1777.5,900.0
ORD0009593,2022-04-24,20220424,CUS01483,4,EMP0089,Fawry,Completed,1798.0,890.0
ORD0011594,2022-04-24,20220424,CUS00809,6,EMP0124,Credit Card,Completed,3360.0,1630.0
ORD0000668,2022-04-24,20220424,CUS00118,2,EMP0046,  InstaPay  ,Completed,1364.0,700.0
ORD0000571,2022-04-24,20220424,CUS00123,3,EMP0069,Cash,Completed,2728.0,1410.0
ORD0003520,2022-04-24,20220424,CUS01617,2,EMP0049,Debit Card,Completed,450.0,220.0
ORD0004210,2022-04-24,20220424,CUS02579,11,EMP0164,Fawry,Completed,1202.0,680.0
ORD0000032,2022-04-24,20220424,CUS00133,4,,Debit Card,Completed,7388.0,6570.0
ORD0001905,2022-04-24,20220424,CUS01704,13,EMP0191,Credit Card,Completed,2642.0,1400.0
ORD0002324,2022-04-24,20220424,CUS02050,15,EMP0214,Debit Card,Completed,14832.0,12360.0
ORD0001967,2022-04-24,20220424,CUS00766,14,EMP0203,Vodafone Cash,Cancelled,416.0,260.0
ORD0002009,2022-04-24,20220424,CUS02998,2,EMP0042,Fawry,Completed,2205.0,1410.0
ORD0008281,2022-04-24,20220424,CUS02130,2,EMP0031,Cash,Completed,748.0,370.0
ORD0003805,2022-04-24,20220424,CUS02049,4,EMP0092,  InstaPay  ,Completed,37970.5,30110.0
ORD0000050,2022-04-24,20220424,CUS01086,2,EMP0036,Fawry,Completed,180.0,80.0
ORD0008575,2022-04-24,20220424,CUS01897,10,EMP0157,Credit Card,Returned,1404.0,780.0
ORD0011829,2022-04-24,20220424,CUS01751,7,EMP0131,Fawry,Returned,460.0,230.0
ORD0006974,2022-04-24,20220424,CUS00269,1,EMP0015,InstaPay,Completed,456.0,220.0
ORD0002660,2022-04-24,20220424,CUS01020,7,EMP0129,Debit Card,Completed,127.5,70.0
ORD0006314,2022-04-24,20220424,CUS00291,3,EMP0066,Credit Card,Completed,1232.0,610.0
ORD0007284,2022-04-25,20220425,CUS00972,11,EMP0170,Credit Card,Completed,1170.5,630.0
ORD0007579,2022-04-25,20220425,CUS01058,1,EMP0006,  InstaPay  ,Returned,319.5,180.0
ORD0008592,2022-04-25,20220425,CUS01602,13,EMP0189,Debit Card,Completed,394.5,200.0
ORD0003498,2022-04-25,20220425,CUS02153,1,EMP0021,Debit Card,Returned,1052.0,520.0
ORD0008894,2022-04-25,20220425,CUS01844,5,,  Fawry  ,Returned,3025.0,1670.0
ORD0010736,2022-04-25,20220425,CUS00537,2,EMP0037,Fawry,Completed,929.0,540.0
ORD0011749,2022-04-25,20220425,CUS01737,1,EMP0014,Cash,Completed,195.5,100.0
ORD0008322,2022-04-25,20220425,CUS02056,6,,Fawry,Completed,10180.0,10580.0
ORD0010202,2022-04-25,20220425,CUS01253,5,EMP0102,Cash,Completed,505.5,260.0
ORD0004371,2022-04-25,20220425,CUS01106,8,,InstaPay,Completed,351.5,180.0
ORD0008194,2022-04-25,20220425,CUS00235,6,EMP0116,Fawry,Completed,112.0,60.0
ORD0002172,2022-04-25,20220425,CUS02780,6,EMP0115,Credit Card,Completed,984.0,510.0
ORD0001179,2022-04-25,20220425,CUS01217,3,EMP0064,  Cash  ,Completed,55191.0,43780.0
ORD0008746,2022-04-25,20220425,CUS00576,2,EMP0044,  Vodafone Cash  ,Completed,861.0,510.0
ORD0003770,2022-04-25,20220425,CUS02471,3,EMP0059,Cash,Completed,1662.5,820.0
ORD0006874,2022-04-25,20220425,CUS00566,2,EMP0047,InstaPay,Completed,727.5,400.0
ORD0005571,2022-04-26,20220426,CUS02470,4,,Debit Card,Completed,484.5,300.0
ORD0004367,2022-04-26,20220426,CUS02791,5,EMP0110,Vodafone Cash,Completed,999.0,540.0
ORD0001801,2022-04-26,20220426,CUS02427,1,EMP0025,InstaPay,Returned,9960.0,9290.0
ORD0006705,2022-04-26,20220426,CUS01787,3,EMP0076,Debit Card,Completed,1040.0,500.0
ORD0006565,2022-04-26,20220426,CUS01772,3,EMP0066,Credit Card,Completed,85.0,40.0
ORD0004127,2022-04-26,20220426,CUS00527,1,,  InstaPay  ,Completed,520.0,250.0
ORD0010507,2022-04-26,20220426,CUS00238,5,EMP0112,Fawry,Completed,10789.0,8300.0
ORD0002558,2022-04-26,20220426,CUS01046,9,EMP0149,Debit Card,Completed,3150.0,1520.0
ORD0004121,2022-04-27,20220427,CUS02071,13,EMP0190,Vodafone Cash,Completed,390.0,190.0
ORD0004981,2022-04-27,20220427,CUS01422,2,EMP0041,  Debit Card  ,Completed,1680.0,840.0
ORD0011314,2022-04-27,20220427,CUS00187,4,EMP0094,  InstaPay  ,Completed,480.0,240.0
ORD0003732,2022-04-27,20220427,CUS02651,2,EMP0051,Vodafone Cash,Completed,384.0,210.0
ORD0000868,2022-04-27,20220427,CUS00621,8,EMP0141,Fawry,Completed,1018.0,570.0
ORD0001973,2022-04-27,20220427,CUS02645,5,EMP0109,  Credit Card  ,Completed,224.0,140.0
ORD0006113,2022-04-27,20220427,CUS01168,5,EMP0108,InstaPay,Completed,152.0,70.0
ORD0011198,2022-04-27,20220427,CUS02808,10,EMP0160,  Credit Card  ,Completed,288.0,180.0
ORD0007557,2022-04-27,20220427,CUS01409,1,EMP0028,Vodafone Cash,Completed,1787.5,940.0
ORD0011663,2022-04-27,20220427,CUS00392,3,,InstaPay,Completed,682.5,400.0
ORD0011657,2022-04-27,20220427,CUS01085,8,EMP0139,Fawry,Completed,384.0,210.0
ORD0002540,2022-04-27,20220427,CUS01088,4,EMP0081,InstaPay,Completed,2364.0,1340.0
ORD0010263,2022-04-27,20220427,CUS02660,7,EMP0136,Credit Card,Completed,1264.0,650.0
ORD0010226,2022-04-27,20220427,CUS00851,2,EMP0032,Credit Card,Completed,7980.0,6290.0
ORD0001258,2022-04-27,20220427,CUS00670,4,EMP0084,InstaPay,Completed,450.0,210.0
ORD0007162,2022-04-27,20220427,CUS02680,6,EMP0114,Cash,Completed,408.0,210.0
ORD0001486,2022-04-27,20220427,CUS02566,9,EMP0146,Vodafone Cash,Completed,190.0,90.0
ORD0004264,2022-04-27,20220427,CUS02031,1,EMP0019,Cash,Completed,30782.0,24460.0
ORD0004509,2022-04-27,20220427,CUS01203,6,EMP0115,  Fawry  ,Returned,9333.0,8220.0
ORD0009707,2022-04-27,20220427,CUS01308,2,EMP0033,Fawry,Completed,126.0,70.0
ORD0001052,2022-04-28,20220428,CUS02698,8,EMP0139,Debit Card,Completed,280.0,140.0
ORD0010293,2022-04-28,20220428,CUS01324,5,EMP0103,  Vodafone Cash  ,Completed,1116.0,600.0
ORD0003413,2022-04-28,20220428,CUS00252,12,EMP0176,Debit Card,Completed,32457.0,25760.0
ORD0011805,2022-04-28,20220428,CUS02207,1,EMP0007,InstaPay,Completed,2278.0,1280.0
ORD0007419,2022-04-28,20220428,CUS01131,4,EMP0091,Fawry,Completed,127.5,70.0
ORD0009920,2022-04-28,20220428,CUS02416,5,EMP0095,Credit Card,Completed,3408.0,1950.0
ORD0011155,2022-04-28,20220428,CUS01626,10,EMP0153,InstaPay,Completed,16380.0,12930.0
ORD0002513,2022-04-28,20220428,CUS01156,12,EMP0175,Fawry,Completed,1027.0,520.0
ORD0000638,2022-04-28,20220428,CUS02393,1,EMP0016,InstaPay,Completed,959.5,490.0
ORD0010906,2022-04-29,20220429,CUS00625,3,EMP0061,  InstaPay  ,Completed,2127.5,1160.0
ORD0011297,2022-04-29,20220429,CUS02709,11,,Debit Card,Completed,4422.0,2300.0
ORD0011415,2022-04-29,20220429,CUS00881,6,EMP0123,Cash,Completed,12082.0,10420.0
ORD0005143,2022-04-29,20220429,CUS01774,7,EMP0134,InstaPay,Completed,578.0,340.0
ORD0004799,2022-04-29,20220429,CUS00755,2,EMP0038,Vodafone Cash,Completed,665.0,340.0
ORD0009888,2022-04-29,20220429,CUS02211,3,EMP0060,Debit Card,Returned,1425.0,730.0
ORD0011096,2022-04-29,20220429,CUS02254,9,EMP0151,  Vodafone Cash  ,Completed,228.0,110.0
ORD0007211,2022-04-29,20220429,CUS01489,15,EMP0211,  Vodafone Cash  ,Completed,1251.5,640.0
ORD0005575,2022-04-29,20220429,CUS01645,12,EMP0174,InstaPay,Completed,4500.0,4000.0
ORD0011997,2022-04-29,20220429,CUS02654,2,EMP0033,Fawry,Completed,1024.0,590.0
ORD0011375,2022-04-30,20220430,CUS02846,13,EMP0185,  Cash  ,Completed,440.0,200.0
ORD0004562,2022-04-30,20220430,CUS01884,7,EMP0130,Cash,Completed,940.0,460.0
ORD0005988,2022-04-30,20220430,CUS00460,14,EMP0203,  Cash  ,Completed,15000.0,12200.0
ORD0002629,2022-04-30,20220430,CUS02584,5,EMP0102,Fawry,Completed,840.0,400.0
ORD0004855,2022-04-30,20220430,CUS02825,5,EMP0107,  Cash  ,Completed,1936.0,980.0
ORD0004978,2022-04-30,20220430,CUS02036,10,EMP0159,InstaPay,Completed,1857.5,950.0
ORD0005804,2022-04-30,20220430,CUS02247,15,,Cash,Completed,510.0,240.0
ORD0004888,2022-04-30,20220430,CUS00745,4,EMP0090,Vodafone Cash,Completed,18000.0,16000.0
ORD0001422,2022-04-30,20220430,CUS00967,14,EMP0194,InstaPay,Completed,1154.0,700.0
ORD0006354,2022-04-30,20220430,CUS00531,2,EMP0036,  Vodafone Cash  ,Completed,1610.0,820.0
ORD0011926,2022-04-30,20220430,CUS02728,2,,Fawry,Completed,630.0,340.0
ORD0008916,2022-04-30,20220430,CUS00787,15,EMP0214,InstaPay,Completed,330.0,160.0
ORD0001987,2022-04-30,20220430,CUS00489,9,EMP0145,Vodafone Cash,Completed,108.0,60.0
ORD0008945,2022-04-30,20220430,CUS00278,13,EMP0189,Fawry,Completed,821.5,450.0
ORD0007007,2022-05-01,20220501,CUS02985,1,EMP0025,Cash,Completed,1024.0,500.0
ORD0002878,2022-05-01,20220501,CUS01289,7,EMP0130,Credit Card,Completed,142.5,70.0
ORD0008355,2022-05-01,20220501,CUS00674,11,EMP0171,Credit Card,Cancelled,260.0,120.0
ORD0005763,2022-05-01,20220501,CUS01142,5,EMP0098,Credit Card,Cancelled,4357.0,2570.0
ORD0010193,2022-05-01,20220501,CUS02612,1,EMP0004,  Fawry  ,Completed,510.0,250.0
ORD0011951,2022-05-01,20220501,CUS00742,6,EMP0122,  Cash  ,Completed,1209.5,670.0
ORD0009563,2022-05-01,20220501,CUS02376,8,EMP0138,InstaPay,Returned,12370.0,9680.0
ORD0011167,2022-05-01,20220501,CUS01931,3,EMP0061,Vodafone Cash,Completed,104.0,60.0
ORD0010064,2022-05-01,20220501,CUS01613,15,EMP0207,Credit Card,Completed,860.0,420.0
ORD0006261,2022-05-01,20220501,CUS01543,4,,Vodafone Cash,Completed,220.0,100.0
ORD0009287,2022-05-01,20220501,CUS00295,10,EMP0158,Debit Card,Completed,638.5,350.0
ORD0011822,2022-05-01,20220501,CUS01497,1,EMP0012,Vodafone Cash,Completed,4490.0,4910.0
ORD0010761,2022-05-01,20220501,CUS00034,1,EMP0014,InstaPay,Completed,1997.5,1040.0
ORD0003654,2022-05-01,20220501,CUS01609,2,EMP0047,Vodafone Cash,Completed,541.5,270.0
ORD0007659,2022-05-01,20220501,CUS01166,4,EMP0079,Vodafone Cash,Completed,1095.5,570.0
ORD0010289,2022-05-02,20220502,CUS02898,3,EMP0063,Cash,Completed,30000.0,24000.0
ORD0001515,2022-05-02,20220502,CUS02619,5,EMP0097,Credit Card,Completed,170.0,80.0
ORD0002980,2022-05-02,20220502,CUS02505,6,EMP0124,Credit Card,Completed,2349.0,1250.0
ORD0011785,2022-05-02,20220502,CUS01851,4,EMP0087,Vodafone Cash,Completed,337.5,220.0
ORD0005339,2022-05-02,20220502,CUS01292,4,EMP0093,Debit Card,Completed,85.5,40.0
ORD0005213,2022-05-02,20220502,CUS01216,1,EMP0020,Cash,Completed,408.0,230.0
ORD0002847,2022-05-02,20220502,CUS01261,2,EMP0049,Cash,Cancelled,11802.5,10800.0
ORD0001760,2022-05-02,20220502,CUS00146,15,EMP0213,InstaPay,Completed,212.5,120.0
ORD0004793,2022-05-02,20220502,CUS00650,4,EMP0085,Debit Card,Cancelled,981.0,570.0
ORD0010595,2022-05-02,20220502,CUS02193,4,EMP0081,  InstaPay  ,Completed,1054.0,600.0
ORD0008020,2022-05-02,20220502,CUS00984,14,EMP0199,Debit Card,Completed,952.0,570.0
ORD0004265,2022-05-02,20220502,CUS01071,11,EMP0168,Vodafone Cash,Completed,1133.0,560.0
ORD0000669,2022-05-02,20220502,CUS02844,1,EMP0019,Debit Card,Returned,80.0,40.0
ORD0005891,2022-05-03,20220503,CUS02754,3,EMP0063,InstaPay,Returned,468.0,260.0
ORD0007667,2022-05-03,20220503,CUS02841,1,EMP0024,InstaPay,Cancelled,6061.0,5140.0
ORD0001291,2022-05-03,20220503,CUS02871,5,EMP0105,Vodafone Cash,Completed,270.0,130.0
ORD0005627,2022-05-03,20220503,CUS00332,3,EMP0060,Cash,Completed,950.0,800.0
ORD0006087,2022-05-03,20220503,CUS01221,4,EMP0085,  Debit Card  ,Completed,3053.5,2750.0
ORD0009715,2022-05-03,20220503,CUS01913,1,EMP0015,  Cash  ,Returned,1079.0,610.0
ORD0005121,2022-05-03,20220503,CUS00290,3,EMP0055,  Fawry  ,Completed,133.0,70.0
ORD0009102,2022-05-04,20220504,CUS00206,2,,Debit Card,Completed,12000.0,12800.0
ORD0007177,2022-05-04,20220504,CUS01912,10,EMP0152,  Fawry  ,Returned,119.0,70.0
ORD0011656,2022-05-04,20220504,CUS01863,11,EMP0170,Debit Card,Completed,608.0,360.0
ORD0009066,2022-05-04,20220504,CUS00711,4,EMP0090,  Cash  ,Returned,1744.0,890.0
ORD0005633,2022-05-04,20220504,CUS01093,1,EMP0014,  Debit Card  ,Completed,1620.0,900.0
ORD0005717,2022-05-04,20220504,CUS02218,5,EMP0111,Fawry,Cancelled,577.5,380.0
ORD0000929,2022-05-05,20220505,CUS01929,8,EMP0143,Fawry,Completed,150.0,70.0
ORD0004581,2022-05-05,20220505,CUS00705,7,EMP0134,Cash,Completed,10200.0,8100.0
ORD0006149,2022-05-05,20220505,CUS01782,4,EMP0094,Credit Card,Completed,10980.0,9340.0
ORD0000928,2022-05-05,20220505,CUS00338,7,EMP0129,  Fawry  ,Completed,1298.0,680.0
ORD0006126,2022-05-05,20220505,CUS01801,14,EMP0201,Fawry,Returned,624.0,380.0
ORD0010623,2022-05-05,20220505,CUS02540,12,EMP0174,InstaPay,Completed,1578.0,790.0
ORD0008955,2022-05-05,20220505,CUS00366,11,EMP0173,Debit Card,Completed,3254.0,2680.0
ORD0004938,2022-05-05,20220505,CUS00845,6,EMP0122,Vodafone Cash,Completed,405.5,180.0
ORD0010864,2022-05-05,20220505,CUS01375,12,EMP0179,Cash,Completed,477.0,260.0
ORD0000767,2022-05-05,20220505,CUS01317,6,EMP0116,Cash,Returned,288.0,140.0
ORD0005651,2022-05-05,20220505,CUS02560,2,,  Cash  ,Completed,513.0,270.0
ORD0005002,2022-05-05,20220505,CUS02911,8,EMP0144,Cash,Completed,1157.5,630.0
ORD0009447,2022-05-05,20220505,CUS01033,5,EMP0102,Cash,Completed,384.0,240.0
ORD0008028,2022-05-05,20220505,CUS02844,4,EMP0094,Cash,Completed,1500.0,730.0
ORD0008910,2022-05-06,20220506,CUS02776,1,EMP0025,  InstaPay  ,Completed,770.5,450.0
ORD0011084,2022-05-06,20220506,CUS01629,2,EMP0053,InstaPay,Completed,1730.0,840.0
ORD0011238,2022-05-06,20220506,CUS02872,3,EMP0078,Credit Card,Completed,1122.0,600.0
ORD0001802,2022-05-06,20220506,CUS01762,1,,Cash,Completed,1125.0,1200.0
ORD0001727,2022-05-06,20220506,CUS02856,13,EMP0192,Cash,Completed,502.0,240.0
ORD0001388,2022-05-06,20220506,CUS02144,1,EMP0014,  Fawry  ,Completed,216.0,120.0
ORD0011377,2022-05-06,20220506,CUS00815,12,EMP0176,Fawry,Completed,2276.5,1160.0
ORD0004178,2022-05-06,20220506,CUS00327,10,EMP0161,Cash,Completed,870.0,480.0
ORD0000797,2022-05-07,20220507,CUS01625,5,EMP0111,Cash,Completed,1560.5,790.0
ORD0003309,2022-05-07,20220507,CUS02569,5,EMP0102,Debit Card,Completed,1770.0,880.0
ORD0002270,2022-05-07,20220507,CUS02429,3,EMP0061,  Cash  ,Returned,18024.0,14340.0
ORD0001882,2022-05-07,20220507,CUS02580,4,EMP0094,Vodafone Cash,Completed,9724.0,7300.0
ORD0002604,2022-05-07,20220507,CUS00250,7,EMP0133,Vodafone Cash,Completed,975.0,570.0
ORD0004021,2022-05-07,20220507,CUS02035,5,EMP0104,InstaPay,Completed,1784.0,960.0
ORD0001453,2022-05-07,20220507,CUS00044,11,EMP0168,Fawry,Completed,645.0,330.0
ORD0002719,2022-05-07,20220507,CUS02072,1,EMP0018,Cash,Completed,1249.0,660.0
ORD0000156,2022-05-08,20220508,CUS01709,7,EMP0128,Debit Card,Completed,171.0,90.0
ORD0002401,2022-05-08,20220508,CUS02499,2,EMP0053,Debit Card,Completed,380.0,200.0
ORD0010792,2022-05-08,20220508,CUS02071,2,EMP0042,Credit Card,Completed,6760.0,5330.0
ORD0001073,2022-05-08,20220508,CUS00845,6,EMP0117,Vodafone Cash,Completed,788.5,410.0
ORD0000273,2022-05-08,20220508,CUS00523,9,EMP0151,Vodafone Cash,Completed,540.0,300.0
ORD0009467,2022-05-08,20220508,CUS01167,2,EMP0046,InstaPay,Completed,798.0,400.0
ORD0010785,2022-05-08,20220508,CUS01721,2,EMP0030,  Debit Card  ,Returned,11937.5,10120.0
ORD0003398,2022-05-08,20220508,CUS01893,3,EMP0078,InstaPay,Completed,3270.5,1900.0
ORD0010762,2022-05-08,20220508,CUS02415,5,EMP0098,Fawry,Completed,136.0,70.0
ORD0003766,2022-05-08,20220508,CUS00211,13,EMP0187,Fawry,Completed,450.0,240.0
ORD0002843,2022-05-08,20220508,CUS00834,1,EMP0024,  Vodafone Cash  ,Completed,14378.0,12470.0
ORD0002996,2022-05-08,20220508,CUS02140,8,EMP0140,Vodafone Cash,Completed,350.0,170.0
ORD0002609,2022-05-08,20220508,CUS00613,4,EMP0079,InstaPay,Completed,76.5,40.0
ORD0002307,2022-05-09,20220509,CUS02625,5,EMP0101,  InstaPay  ,Completed,8809.0,6910.0
ORD0007649,2022-05-09,20220509,CUS02868,15,EMP0215,InstaPay,Completed,210.0,100.0
ORD0004643,2022-05-09,20220509,CUS02495,4,EMP0079,  Vodafone Cash  ,Completed,12844.5,13210.0
ORD0010636,2022-05-09,20220509,CUS02077,12,EMP0182,InstaPay,Completed,12344.0,9870.0
ORD0011325,2022-05-09,20220509,CUS02786,15,EMP0206,Fawry,Completed,255.0,140.0
ORD0007318,2022-05-09,20220509,CUS02301,2,EMP0031,Cash,Completed,696.0,360.0
ORD0001735,2022-05-09,20220509,CUS00885,4,EMP0088,InstaPay,Returned,144.0,80.0
ORD0001038,2022-05-10,20220510,CUS01772,11,,Fawry,Completed,580.0,280.0
ORD0004595,2022-05-10,20220510,CUS02763,1,EMP0007,Debit Card,Completed,1200.0,1000.0
ORD0006633,2022-05-10,20220510,CUS00106,1,EMP0008,Vodafone Cash,Completed,360.0,180.0
ORD0001872,2022-05-10,20220510,CUS00246,1,EMP0004,Debit Card,Completed,980.0,480.0
ORD0009958,2022-05-10,20220510,CUS01526,13,EMP0192,  Debit Card  ,Completed,3092.0,1860.0
ORD0009871,2022-05-10,20220510,CUS02486,8,EMP0139,InstaPay,Completed,405.0,210.0
ORD0005981,2022-05-10,20220510,CUS01836,10,,  Credit Card  ,Completed,1082.0,610.0
ORD0008609,2022-05-10,20220510,CUS01144,1,EMP0014,  Debit Card  ,Completed,240.0,140.0
ORD0002531,2022-05-10,20220510,CUS02105,5,EMP0096,Credit Card,Completed,31903.5,24850.0
ORD0001690,2022-05-10,20220510,CUS01537,15,EMP0207,Fawry,Completed,13200.0,10600.0
ORD0005707,2022-05-10,20220510,CUS02444,10,EMP0156,InstaPay,Completed,1700.0,840.0
ORD0000939,2022-05-11,20220511,CUS00508,2,EMP0039,Fawry,Cancelled,887.0,500.0
ORD0005031,2022-05-11,20220511,CUS02506,3,EMP0061,Vodafone Cash,Completed,130.0,60.0
ORD0011634,2022-05-11,20220511,CUS00490,8,EMP0137,Cash,Completed,4960.0,4180.0
ORD0005998,2022-05-11,20220511,CUS01035,15,EMP0215,  Cash  ,Completed,983.0,510.0
ORD0011252,2022-05-11,20220511,CUS00598,12,EMP0174,Vodafone Cash,Completed,170.0,80.0
ORD0003531,2022-05-11,20220511,CUS01055,6,EMP0126,Credit Card,Returned,18592.5,14600.0
ORD0002145,2022-05-11,20220511,CUS01016,4,EMP0093,Fawry,Cancelled,200.0,100.0
ORD0007775,2022-05-11,20220511,CUS02604,2,EMP0051,Debit Card,Completed,1546.0,760.0
ORD0004566,2022-05-12,20220512,CUS00917,13,EMP0190,Credit Card,Completed,240.0,140.0
ORD0001191,2022-05-12,20220512,CUS02141,10,EMP0154,InstaPay,Returned,180.5,90.0
ORD0006418,2022-05-12,20220512,CUS00158,2,EMP0043,InstaPay,Completed,1358.0,710.0
ORD0004655,2022-05-12,20220512,CUS01815,10,EMP0163,InstaPay,Completed,11727.5,12770.0
ORD0009692,2022-05-12,20220512,CUS02920,9,EMP0149,  Debit Card  ,Completed,120.0,60.0
ORD0002600,2022-05-12,20220512,CUS01652,9,EMP0147,Debit Card,Completed,590.0,280.0
ORD0010072,2022-05-12,20220512,CUS01154,12,,  InstaPay  ,Completed,745.0,360.0
ORD0003391,2022-05-12,20220512,CUS01096,1,EMP0010,Fawry,Completed,2139.0,1100.0
ORD0011522,2022-05-13,20220513,CUS00578,14,EMP0199,Fawry,Completed,558.0,320.0
ORD0008608,2022-05-13,20220513,CUS02760,2,EMP0044,InstaPay,Completed,1320.0,680.0
ORD0010668,2022-05-13,20220513,CUS00476,3,EMP0077,Vodafone Cash,Completed,246.5,140.0
ORD0000637,2022-05-13,20220513,CUS01519,13,EMP0190,InstaPay,Completed,1377.0,750.0
ORD0009741,2022-05-13,20220513,CUS01019,7,EMP0128,Fawry,Completed,13200.0,10600.0
ORD0007858,2022-05-13,20220513,CUS01453,1,EMP0012,Debit Card,Completed,656.0,350.0
ORD0007522,2022-05-13,20220513,CUS02673,8,EMP0143,Cash,Completed,112.0,60.0
ORD0005443,2022-05-13,20220513,CUS02175,7,EMP0133,Vodafone Cash,Completed,225.0,140.0
ORD0006528,2022-05-13,20220513,CUS02462,1,EMP0020,Vodafone Cash,Completed,1192.0,690.0
ORD0004427,2022-05-14,20220514,CUS01781,1,EMP0027,  Vodafone Cash  ,Completed,1101.5,550.0
ORD0008374,2022-05-14,20220514,CUS00024,4,EMP0087,InstaPay,Completed,415.0,210.0
ORD0007788,2022-05-14,20220514,CUS00568,1,EMP0013,  Vodafone Cash  ,Completed,1605.0,900.0
ORD0004735,2022-05-14,20220514,CUS00642,1,EMP0011,InstaPay,Completed,440.0,220.0
ORD0002016,2022-05-14,20220514,CUS00743,2,EMP0030,Credit Card,Completed,432.0,240.0
ORD0004068,2022-05-14,20220514,CUS01132,5,EMP0109,Fawry,Completed,540.0,300.0
ORD0010180,2022-05-14,20220514,CUS02652,4,EMP0085,InstaPay,Returned,345.0,210.0
ORD0004865,2022-05-14,20220514,CUS00021,3,EMP0073,  Fawry  ,Completed,2886.0,1440.0
ORD0009544,2022-05-14,20220514,CUS00122,2,EMP0048,Fawry,Returned,1222.5,620.0
ORD0003484,2022-05-14,20220514,CUS01439,1,EMP0028,Vodafone Cash,Completed,816.0,480.0
ORD0001272,2022-05-14,20220514,CUS01494,14,EMP0202,Cash,Completed,26400.0,21000.0
ORD0008821,2022-05-14,20220514,CUS01064,13,EMP0187,InstaPay,Completed,1890.0,930.0
ORD0010155,2022-05-14,20220514,CUS00872,2,EMP0036,Vodafone Cash,Completed,882.0,440.0
ORD0009047,2022-05-14,20220514,CUS00606,4,EMP0083,Credit Card,Completed,2096.0,1140.0
ORD0001267,2022-05-14,20220514,CUS02190,7,EMP0132,Credit Card,Completed,1590.0,750.0
ORD0007111,2022-05-14,20220514,CUS02932,2,EMP0033,Vodafone Cash,Completed,3484.5,2640.0
ORD0008897,2022-05-15,20220515,CUS01581,1,,Fawry,Completed,1050.0,510.0
ORD0000677,2022-05-15,20220515,CUS02646,2,EMP0039,Debit Card,Completed,700.0,340.0
ORD0002323,2022-05-15,20220515,CUS01994,4,EMP0087,  Credit Card  ,Completed,20194.5,18140.0
ORD0006436,2022-05-15,20220515,CUS01501,3,EMP0072,Debit Card,Returned,37740.0,30080.0
ORD0004939,2022-05-15,20220515,CUS01856,3,,Cash,Completed,27352.5,24170.0
ORD0006510,2022-05-15,20220515,CUS01741,2,EMP0053,  Vodafone Cash  ,Completed,3728.0,1950.0
ORD0004436,2022-05-15,20220515,CUS02325,13,EMP0189,InstaPay,Completed,1346.0,740.0
ORD0005549,2022-05-15,20220515,CUS02957,4,EMP0083,InstaPay,Completed,153.0,90.0
ORD0010813,2022-05-15,20220515,CUS02049,3,EMP0059,  Credit Card  ,Completed,1700.0,860.0
ORD0000316,2022-05-15,20220515,CUS00556,7,EMP0135,Debit Card,Completed,1050.0,520.0
ORD0000310,2022-05-15,20220515,CUS01610,4,EMP0083,  Vodafone Cash  ,Returned,37840.0,31900.0
ORD0008594,2022-05-15,20220515,CUS00820,3,EMP0065,Debit Card,Returned,700.0,310.0
ORD0010542,2022-05-15,20220515,CUS01398,12,EMP0180,  InstaPay  ,Cancelled,364.0,250.0
ORD0000643,2022-05-15,20220515,CUS01740,4,EMP0093,Vodafone Cash,Returned,24649.0,18580.0
ORD0001930,2022-05-16,20220516,CUS00506,13,EMP0185,Cash,Completed,1326.0,760.0
ORD0001325,2022-05-16,20220516,CUS02610,11,EMP0173,Vodafone Cash,Completed,1644.0,840.0
ORD0010090,2022-05-16,20220516,CUS02577,4,EMP0080,Debit Card,Completed,76.0,40.0
ORD0005162,2022-05-16,20220516,CUS02490,1,EMP0010,  Credit Card  ,Completed,1388.0,690.0
ORD0005525,2022-05-16,20220516,CUS00714,5,EMP0105,Cash,Completed,450.0,240.0
ORD0005749,2022-05-16,20220516,CUS02952,1,EMP0009,InstaPay,Completed,38216.0,32140.0
ORD0008120,2022-05-16,20220516,CUS00155,4,EMP0090,Debit Card,Completed,1825.0,950.0
ORD0007353,2022-05-16,20220516,CUS00208,1,,Cash,Completed,289.0,170.0
ORD0006965,2022-05-16,20220516,CUS01034,5,EMP0105,Vodafone Cash,Completed,830.0,410.0
ORD0008890,2022-05-16,20220516,CUS00809,4,EMP0087,Vodafone Cash,Returned,1658.5,850.0
ORD0004681,2022-05-16,20220516,CUS02922,14,EMP0202,Fawry,Returned,8900.0,7100.0
ORD0008166,2022-05-16,20220516,CUS02572,5,,Credit Card,Completed,774.5,420.0
ORD0006182,2022-05-17,20220517,CUS02135,4,EMP0090,InstaPay,Returned,1230.0,690.0
ORD0007473,2022-05-17,20220517,CUS02186,11,EMP0171,Cash,Completed,2900.0,1390.0
ORD0004373,2022-05-17,20220517,CUS01670,1,EMP0006,Credit Card,Completed,1098.0,620.0
ORD0008857,2022-05-17,20220517,CUS01365,5,EMP0099,Cash,Completed,1353.0,800.0
ORD0008852,2022-05-17,20220517,CUS01477,12,,Credit Card,Completed,270.0,140.0
ORD0008907,2022-05-17,20220517,CUS01482,10,EMP0158,InstaPay,Completed,18100.0,14340.0
ORD0006721,2022-05-17,20220517,CUS00387,10,EMP0157,Vodafone Cash,Completed,3057.0,1520.0
ORD0000152,2022-05-17,20220517,CUS02927,2,EMP0043,Debit Card,Completed,1936.0,1060.0
ORD0009288,2022-05-17,20220517,CUS01064,3,EMP0078,  Cash  ,Completed,240.0,150.0
ORD0004928,2022-05-17,20220517,CUS01985,12,EMP0176,Cash,Completed,1271.0,720.0
ORD0010165,2022-05-17,20220517,CUS02114,3,EMP0071,Cash,Completed,276.5,140.0
ORD0006532,2022-05-17,20220517,CUS02071,14,EMP0199,Cash,Completed,2244.0,1180.0
ORD0000295,2022-05-17,20220517,CUS01159,14,EMP0194,Fawry,Completed,7612.5,4650.0
ORD0006270,2022-05-17,20220517,CUS00404,3,EMP0075,Cash,Returned,272.0,160.0
ORD0001317,2022-05-17,20220517,CUS02944,9,EMP0148,Debit Card,Completed,300.0,140.0
ORD0002348,2022-05-17,20220517,CUS01197,2,EMP0044,Fawry,Returned,1350.0,660.0
ORD0008569,2022-05-17,20220517,CUS01712,1,EMP0013,Vodafone Cash,Completed,962.0,540.0
ORD0006262,2022-05-18,20220518,CUS01347,5,EMP0105,InstaPay,Completed,1352.0,660.0
ORD0000451,2022-05-18,20220518,CUS02493,4,EMP0088,Fawry,Completed,780.0,380.0
ORD0001419,2022-05-18,20220518,CUS01696,3,EMP0057,InstaPay,Completed,740.0,360.0
ORD0011555,2022-05-18,20220518,CUS02072,2,EMP0036,Fawry,Completed,13822.0,10910.0
ORD0009121,2022-05-18,20220518,CUS02741,3,EMP0063,Credit Card,Completed,450.0,210.0
ORD0002259,2022-05-18,20220518,CUS01634,4,EMP0094,Debit Card,Completed,1890.0,1010.0
ORD0003128,2022-05-18,20220518,CUS02723,3,EMP0076,Cash,Returned,210.0,100.0
ORD0010718,2022-05-18,20220518,CUS00085,10,EMP0159,  Credit Card  ,Completed,160.0,70.0
ORD0000753,2022-05-18,20220518,CUS02045,3,EMP0068,  InstaPay  ,Completed,441.0,210.0
ORD0007058,2022-05-18,20220518,CUS02698,10,EMP0160,Credit Card,Completed,4335.0,4000.0
ORD0009470,2022-05-18,20220518,CUS01798,6,EMP0116,InstaPay,Completed,1186.0,660.0
ORD0004976,2022-05-19,20220519,CUS02277,2,EMP0030,InstaPay,Completed,817.0,390.0
ORD0009506,2022-05-19,20220519,CUS00309,15,EMP0212,  InstaPay  ,Cancelled,488.0,300.0
ORD0011140,2022-05-19,20220519,CUS02958,6,EMP0117,Credit Card,Completed,420.0,180.0
ORD0007686,2022-05-19,20220519,CUS02229,3,EMP0063,InstaPay,Completed,710.0,340.0
ORD0000010,2022-05-19,20220519,CUS02951,1,,Fawry,Returned,85.0,40.0
ORD0002683,2022-05-19,20220519,CUS00811,13,EMP0191,Cash,Completed,612.0,320.0
ORD0008283,2022-05-19,20220519,CUS02955,14,EMP0203,Fawry,Completed,1164.0,610.0
ORD0004061,2022-05-19,20220519,CUS01733,14,EMP0196,  Vodafone Cash  ,Completed,342.0,170.0
ORD0003233,2022-05-19,20220519,CUS00399,5,EMP0109,  Cash  ,Returned,144.0,80.0
ORD0002220,2022-05-19,20220519,CUS01787,1,EMP0001,  Cash  ,Completed,29899.0,27440.0
ORD0002987,2022-05-19,20220519,CUS01650,6,EMP0120,Cash,Completed,700.0,340.0
ORD0005324,2022-05-20,20220520,CUS00903,4,EMP0093,InstaPay,Completed,1055.0,570.0
ORD0009413,2022-05-20,20220520,CUS02099,2,EMP0043,  InstaPay  ,Completed,360.0,170.0
ORD0010278,2022-05-20,20220520,CUS02922,8,EMP0138,Debit Card,Completed,510.0,270.0
ORD0000847,2022-05-20,20220520,CUS01680,15,EMP0208,Cash,Returned,702.0,380.0
ORD0011935,2022-05-20,20220520,CUS01647,1,EMP0012,Vodafone Cash,Completed,180.5,90.0
ORD0001241,2022-05-20,20220520,CUS01316,8,,  Credit Card  ,Completed,63600.0,50800.0
ORD0011778,2022-05-20,20220520,CUS01620,1,EMP0014,Cash,Completed,1149.0,600.0
ORD0001323,2022-05-20,20220520,CUS01474,7,EMP0127,  InstaPay  ,Completed,1498.0,740.0
ORD0005062,2022-05-20,20220520,CUS00070,2,EMP0037,Debit Card,Completed,2409.5,1600.0
ORD0005900,2022-05-20,20220520,CUS02131,14,EMP0200,Cash,Completed,752.0,410.0
ORD0007704,2022-05-20,20220520,CUS00399,15,EMP0212,InstaPay,Completed,1146.5,630.0
ORD0004753,2022-05-20,20220520,CUS01073,1,EMP0003,Cash,Returned,120.0,60.0
ORD0011065,2022-05-20,20220520,CUS02408,10,EMP0158,InstaPay,Completed,540.0,280.0
ORD0006457,2022-05-21,20220521,CUS01401,3,EMP0060,InstaPay,Completed,513.5,250.0
ORD0007367,2022-05-21,20220521,CUS00540,11,EMP0169,  Debit Card  ,Completed,666.0,390.0
ORD0003257,2022-05-21,20220521,CUS01677,6,EMP0118,  Debit Card  ,Completed,712.0,380.0
ORD0009896,2022-05-21,20220521,CUS02354,1,EMP0002,Fawry,Returned,144.0,70.0
ORD0004229,2022-05-21,20220521,CUS01233,14,EMP0200,Fawry,Completed,9038.0,7830.0
ORD0006905,2022-05-22,20220522,CUS00996,13,EMP0191,Vodafone Cash,Completed,780.0,410.0
ORD0006667,2022-05-22,20220522,CUS00143,1,EMP0011,Cash,Completed,102.0,60.0
ORD0006352,2022-05-22,20220522,CUS00278,3,EMP0071,  Fawry  ,Completed,52940.0,42060.0
ORD0000064,2022-05-22,20220522,CUS02959,6,EMP0114,Fawry,Cancelled,1275.0,840.0
ORD0006372,2022-05-22,20220522,CUS02491,2,EMP0053,Cash,Completed,142.5,70.0
ORD0001305,2022-05-23,20220523,CUS00038,11,EMP0164,  Vodafone Cash  ,Completed,936.0,490.0
ORD0006303,2022-05-23,20220523,CUS01598,12,EMP0179,Cash,Completed,1714.0,850.0
ORD0006526,2022-05-23,20220523,CUS01174,4,EMP0086,InstaPay,Completed,1940.0,940.0
ORD0008111,2022-05-23,20220523,CUS00343,7,EMP0136,Credit Card,Completed,1625.0,860.0
ORD0006852,2022-05-23,20220523,CUS01511,15,EMP0214,Credit Card,Completed,516.0,300.0
ORD0009808,2022-05-23,20220523,CUS02239,3,EMP0057,InstaPay,Completed,5121.0,3780.0
ORD0005230,2022-05-23,20220523,CUS02384,5,EMP0100,Credit Card,Completed,104.0,60.0
ORD0005729,2022-05-23,20220523,CUS00540,3,EMP0058,Cash,Completed,18651.0,14600.0
ORD0010302,2022-05-23,20220523,CUS01075,2,EMP0031,  InstaPay  ,Completed,912.0,560.0
ORD0005302,2022-05-23,20220523,CUS00375,2,EMP0046,Fawry,Completed,2605.5,1560.0
ORD0004477,2022-05-23,20220523,CUS02636,7,EMP0135,Fawry,Completed,476.0,280.0
ORD0002696,2022-05-23,20220523,CUS02240,3,EMP0070,Debit Card,Completed,152.0,80.0
ORD0001601,2022-05-23,20220523,CUS01361,2,EMP0048,Cash,Cancelled,252.0,140.0
ORD0002611,2022-05-23,20220523,CUS01688,1,EMP0015,Vodafone Cash,Completed,8000.0,6400.0
ORD0005798,2022-05-24,20220524,CUS02125,5,EMP0108,Debit Card,Completed,1220.0,560.0
ORD0004400,2022-05-24,20220524,CUS00832,2,EMP0030,Debit Card,Completed,700.0,340.0
ORD0004028,2022-05-24,20220524,CUS02569,15,EMP0209,Fawry,Returned,950.0,500.0
ORD0000733,2022-05-24,20220524,CUS01437,4,EMP0086,  InstaPay  ,Completed,504.0,310.0
ORD0002173,2022-05-24,20220524,CUS01474,1,EMP0011,Cash,Completed,142.5,90.0
ORD0000764,2022-05-24,20220524,CUS02109,3,EMP0061,InstaPay,Completed,212.0,110.0
ORD0011949,2022-05-24,20220524,CUS01693,4,EMP0087,Fawry,Completed,1670.0,880.0
ORD0001007,2022-05-24,20220524,CUS01634,3,EMP0056,InstaPay,Cancelled,1894.0,950.0
ORD0006289,2022-05-24,20220524,CUS00524,4,EMP0080,Vodafone Cash,Completed,3040.0,1520.0
ORD0005408,2022-05-24,20220524,CUS01691,2,EMP0029,Debit Card,Completed,2913.0,1510.0
ORD0000771,2022-05-24,20220524,CUS01536,5,EMP0098,Credit Card,Completed,510.0,240.0
ORD0009762,2022-05-24,20220524,CUS00375,6,EMP0123,Cash,Completed,446.0,200.0
ORD0002720,2022-05-24,20220524,CUS01292,2,,InstaPay,Completed,1062.0,530.0
ORD0004279,2022-05-24,20220524,CUS02749,10,EMP0153,InstaPay,Completed,150.0,70.0
ORD0002654,2022-05-25,20220525,CUS02093,3,EMP0059,Credit Card,Completed,350.0,170.0
ORD0003793,2022-05-25,20220525,CUS01416,4,EMP0088,Cash,Completed,180.0,90.0
ORD0006323,2022-05-25,20220525,CUS00506,6,,InstaPay,Completed,285.0,140.0
ORD0003261,2022-05-25,20220525,CUS02360,1,EMP0019,InstaPay,Cancelled,6660.0,5770.0
ORD0009907,2022-05-25,20220525,CUS01073,6,EMP0114,Cash,Completed,1373.0,700.0
ORD0008179,2022-05-25,20220525,CUS01691,7,EMP0128,  Cash  ,Completed,408.0,230.0
ORD0001086,2022-05-25,20220525,CUS00763,1,EMP0018,  Credit Card  ,Completed,360.0,180.0
ORD0002032,2022-05-25,20220525,CUS02117,5,EMP0111,  Fawry  ,Completed,12746.0,11800.0
ORD0009207,2022-05-25,20220525,CUS00182,13,EMP0190,Credit Card,Completed,22824.0,21230.0
ORD0000228,2022-05-25,20220525,CUS01327,3,EMP0068,Fawry,Completed,288.0,180.0
ORD0010667,2022-05-25,20220525,CUS02044,4,EMP0089,Debit Card,Completed,400.0,200.0
ORD0005488,2022-05-25,20220525,CUS01729,5,EMP0104,Debit Card,Completed,2040.0,1200.0
ORD0000427,2022-05-25,20220525,CUS01498,6,EMP0123,Credit Card,Completed,11680.0,9840.0
ORD0004706,2022-05-25,20220525,CUS00113,1,EMP0005,InstaPay,Completed,5880.0,4370.0
ORD0002737,2022-05-25,20220525,CUS02387,7,EMP0134,Fawry,Completed,1527.0,970.0
ORD0005803,2022-05-25,20220525,CUS01420,5,EMP0105,Debit Card,Completed,370.5,180.0
ORD0010160,2022-05-25,20220525,CUS00084,2,EMP0054,InstaPay,Completed,485.0,270.0
ORD0004673,2022-05-26,20220526,CUS01254,12,EMP0175,Credit Card,Completed,356.0,200.0
ORD0008936,2022-05-26,20220526,CUS02345,2,EMP0054,Debit Card,Completed,2440.0,1440.0
ORD0005061,2022-05-26,20220526,CUS01613,7,EMP0131,Fawry,Cancelled,1025.5,540.0
ORD0009495,2022-05-26,20220526,CUS00822,1,EMP0019,Vodafone Cash,Completed,1714.5,990.0
ORD0010868,2022-05-26,20220526,CUS00760,2,EMP0044,Credit Card,Completed,370.0,180.0
ORD0011132,2022-05-26,20220526,CUS02216,4,EMP0089,Fawry,Returned,1099.0,560.0
ORD0000114,2022-05-26,20220526,CUS01695,1,EMP0005,InstaPay,Completed,4365.0,3270.0
ORD0009800,2022-05-26,20220526,CUS02262,4,EMP0092,Credit Card,Completed,14700.0,11800.0
ORD0005850,2022-05-26,20220526,CUS02339,1,EMP0022,Cash,Completed,1366.0,660.0
ORD0004955,2022-05-26,20220526,CUS01825,13,EMP0185,Fawry,Completed,240.0,150.0
ORD0011115,2022-05-26,20220526,CUS00989,3,EMP0057,Cash,Completed,199.5,100.0
ORD0002566,2022-05-26,20220526,CUS01161,1,EMP0021,Vodafone Cash,Completed,1134.0,600.0
ORD0010955,2022-05-26,20220526,CUS02431,14,EMP0203,Cash,Completed,3293.0,1870.0
ORD0008763,2022-05-26,20220526,CUS02618,6,EMP0115,Cash,Completed,480.0,240.0
ORD0005113,2022-05-27,20220527,CUS00066,15,EMP0208,Cash,Completed,945.0,510.0
ORD0007608,2022-05-27,20220527,CUS01739,12,EMP0184,Vodafone Cash,Completed,530.0,250.0
ORD0011037,2022-05-27,20220527,CUS01729,3,EMP0057,Fawry,Completed,916.0,470.0
ORD0007325,2022-05-27,20220527,CUS00205,2,,  Credit Card  ,Completed,893.0,460.0
ORD0009997,2022-05-27,20220527,CUS00301,8,EMP0139,  Fawry  ,Completed,192.0,120.0
ORD0000622,2022-05-27,20220527,CUS00209,2,EMP0044,Vodafone Cash,Completed,648.0,350.0
ORD0003235,2022-05-27,20220527,CUS00698,3,EMP0070,Cash,Completed,2281.0,1320.0
ORD0010058,2022-05-27,20220527,CUS00266,1,EMP0008,Credit Card,Completed,368.0,230.0
ORD0011347,2022-05-27,20220527,CUS01699,2,EMP0036,Cash,Completed,1466.0,690.0
ORD0006773,2022-05-28,20220528,CUS01751,2,EMP0050,  Debit Card  ,Completed,1162.0,750.0
ORD0002901,2022-05-28,20220528,CUS01123,7,EMP0129,Fawry,Completed,670.0,330.0
ORD0006229,2022-05-28,20220528,CUS00322,3,EMP0069,Credit Card,Cancelled,652.0,370.0
ORD0008027,2022-05-28,20220528,CUS00784,2,,  Debit Card  ,Cancelled,856.5,420.0
ORD0003794,2022-05-28,20220528,CUS00012,3,EMP0060,Vodafone Cash,Completed,1020.5,550.0
ORD0010369,2022-05-28,20220528,CUS02288,11,EMP0166,Cash,Completed,2910.0,1440.0
ORD0007305,2022-05-28,20220528,CUS00174,2,EMP0038,Cash,Completed,144.0,70.0
ORD0008098,2022-05-28,20220528,CUS01895,11,EMP0171,Cash,Completed,1072.0,530.0
ORD0000845,2022-05-28,20220528,CUS02602,2,EMP0048,  Fawry  ,Completed,931.0,500.0
ORD0011331,2022-05-28,20220528,CUS00373,1,EMP0024,Credit Card,Completed,680.0,320.0
ORD0005843,2022-05-28,20220528,CUS00208,2,EMP0035,  InstaPay  ,Completed,493.0,280.0
ORD0011112,2022-05-28,20220528,CUS02785,6,EMP0119,Debit Card,Completed,1043.0,610.0
ORD0008766,2022-05-28,20220528,CUS00433,7,,Credit Card,Completed,3568.5,1740.0
ORD0002618,2022-05-29,20220529,CUS01133,2,,  Fawry  ,Completed,962.0,520.0
ORD0001237,2022-05-29,20220529,CUS00603,1,EMP0004,Debit Card,Completed,171.0,90.0
ORD0011126,2022-05-29,20220529,CUS00853,9,EMP0147,Vodafone Cash,Completed,256.5,130.0
ORD0005095,2022-05-29,20220529,CUS02693,5,EMP0112,  Cash  ,Completed,500.0,240.0
ORD0002250,2022-05-29,20220529,CUS02567,4,EMP0085,Vodafone Cash,Cancelled,1862.0,980.0
ORD0003034,2022-05-29,20220529,CUS02487,2,EMP0051,Cash,Completed,862.5,440.0
ORD0003876,2022-05-30,20220530,CUS02676,4,EMP0080,InstaPay,Completed,720.0,340.0
ORD0006636,2022-05-30,20220530,CUS00657,2,EMP0054,Fawry,Completed,5900.0,4700.0
ORD0008707,2022-05-30,20220530,CUS00330,14,EMP0197,  Vodafone Cash  ,Completed,769.0,390.0
ORD0000607,2022-05-30,20220530,CUS00140,11,EMP0165,InstaPay,Completed,90.0,40.0
ORD0011568,2022-05-30,20220530,CUS00971,12,EMP0180,  Cash  ,Completed,2672.0,1330.0
ORD0010065,2022-05-30,20220530,CUS02942,3,EMP0065,Credit Card,Completed,700.0,340.0
ORD0010682,2022-05-30,20220530,CUS00220,12,EMP0176,Vodafone Cash,Completed,136.0,70.0
ORD0006061,2022-05-30,20220530,CUS02645,13,,  InstaPay  ,Completed,16597.0,12800.0
ORD0011147,2022-05-30,20220530,CUS02342,7,,Credit Card,Completed,8516.0,5700.0
ORD0009014,2022-05-30,20220530,CUS01196,12,,InstaPay,Completed,1418.0,760.0
ORD0007176,2022-05-30,20220530,CUS02902,1,EMP0007,  InstaPay  ,Completed,390.0,180.0
ORD0009777,2022-05-30,20220530,CUS00597,2,EMP0042,  Cash  ,Returned,20400.0,16200.0
ORD0001521,2022-05-30,20220530,CUS02668,12,EMP0175,  Debit Card  ,Completed,2160.0,1080.0
ORD0011766,2022-05-30,20220530,CUS01357,3,EMP0077,Credit Card,Completed,1949.5,1050.0
ORD0008692,2022-05-31,20220531,CUS01298,6,EMP0117,Vodafone Cash,Completed,27096.0,22720.0
ORD0009509,2022-05-31,20220531,CUS00400,2,EMP0038,InstaPay,Completed,410.5,250.0
ORD0010097,2022-05-31,20220531,CUS00990,2,EMP0050,Debit Card,Completed,1250.0,620.0
ORD0000791,2022-05-31,20220531,CUS01645,2,EMP0046,Cash,Completed,1368.0,720.0
ORD0004243,2022-05-31,20220531,CUS02266,1,EMP0017,Debit Card,Returned,731.5,360.0
ORD0004745,2022-05-31,20220531,CUS01945,4,EMP0085,Vodafone Cash,Returned,210.0,140.0
ORD0009696,2022-05-31,20220531,CUS01731,6,EMP0113,Debit Card,Completed,320.0,160.0
ORD0001531,2022-05-31,20220531,CUS01060,3,EMP0077,InstaPay,Completed,618.0,320.0
ORD0001439,2022-05-31,20220531,CUS01561,15,EMP0206,Cash,Completed,189.0,130.0
ORD0004644,2022-06-01,20220601,CUS01648,2,EMP0030,Cash,Cancelled,117.0,60.0
ORD0002431,2022-06-01,20220601,CUS00646,6,EMP0117,Fawry,Completed,171.0,80.0
ORD0002653,2022-06-01,20220601,CUS01520,2,EMP0032,Cash,Completed,666.0,340.0
ORD0003827,2022-06-01,20220601,CUS00425,2,EMP0042,Vodafone Cash,Completed,150.0,90.0
ORD0009988,2022-06-02,20220602,CUS00336,1,EMP0020,Credit Card,Completed,1700.5,940.0
ORD0002350,2022-06-02,20220602,CUS02371,8,EMP0138,Fawry,Completed,75241.5,69380.0
ORD0011052,2022-06-02,20220602,CUS00598,3,EMP0059,Fawry,Completed,2104.5,1100.0
ORD0002551,2022-06-02,20220602,CUS01097,2,EMP0040,Credit Card,Completed,1458.0,740.0
ORD0011529,2022-06-02,20220602,CUS02662,11,EMP0171,Vodafone Cash,Completed,820.0,400.0
ORD0008742,2022-06-02,20220602,CUS02409,4,EMP0080,  Debit Card  ,Completed,3060.0,1680.0
ORD0000794,2022-06-02,20220602,CUS02880,9,EMP0146,Debit Card,Completed,3504.5,2150.0
ORD0008129,2022-06-03,20220603,CUS02787,4,EMP0091,  Credit Card  ,Completed,649.5,340.0
ORD0006047,2022-06-03,20220603,CUS02416,4,EMP0083,  Debit Card  ,Completed,581.0,320.0
ORD0002354,2022-06-03,20220603,CUS02371,5,EMP0095,Vodafone Cash,Completed,357.0,200.0
ORD0000243,2022-06-03,20220603,CUS01113,5,EMP0104,Fawry,Completed,550.0,270.0
ORD0009526,2022-06-03,20220603,CUS00188,6,EMP0115,Vodafone Cash,Completed,1056.0,600.0
ORD0004761,2022-06-03,20220603,CUS01047,6,EMP0118,Fawry,Completed,864.5,440.0
ORD0008663,2022-06-03,20220603,CUS01942,7,EMP0136,Debit Card,Completed,1180.0,940.0
ORD0005632,2022-06-03,20220603,CUS00918,2,EMP0035,Cash,Completed,855.0,440.0
ORD0004598,2022-06-03,20220603,CUS00126,1,EMP0010,Vodafone Cash,Completed,1295.0,710.0
ORD0000952,2022-06-03,20220603,CUS01917,11,EMP0170,InstaPay,Cancelled,15071.0,12380.0
ORD0003378,2022-06-03,20220603,CUS02059,11,EMP0164,Fawry,Completed,799.0,420.0
ORD0002945,2022-06-04,20220604,CUS02530,14,EMP0199,  Vodafone Cash  ,Completed,3526.0,1970.0
ORD0005939,2022-06-04,20220604,CUS00666,4,EMP0090,InstaPay,Completed,1480.0,730.0
ORD0008112,2022-06-04,20220604,CUS00315,2,EMP0052,Credit Card,Completed,720.0,340.0
ORD0011486,2022-06-04,20220604,CUS00615,4,EMP0083,Fawry,Completed,1322.0,690.0
ORD0010446,2022-06-04,20220604,CUS02152,12,EMP0174,  Credit Card  ,Completed,437.0,220.0
ORD0000121,2022-06-04,20220604,CUS01029,3,EMP0069,Vodafone Cash,Completed,8999.0,9130.0
ORD0011122,2022-06-04,20220604,CUS02961,3,,Fawry,Returned,1092.0,580.0
ORD0004768,2022-06-04,20220604,CUS00401,3,EMP0067,Vodafone Cash,Completed,560.0,700.0
ORD0003369,2022-06-04,20220604,CUS01095,5,EMP0100,InstaPay,Completed,14835.0,13400.0
ORD0007168,2022-06-04,20220604,CUS02949,3,EMP0068,Debit Card,Completed,5320.0,4500.0
ORD0003638,2022-06-05,20220605,CUS01473,6,EMP0119,Vodafone Cash,Returned,1440.0,690.0
ORD0001700,2022-06-05,20220605,CUS02780,15,EMP0213,  Debit Card  ,Completed,460.0,230.0
ORD0004572,2022-06-05,20220605,CUS00233,5,EMP0103,Credit Card,Completed,440.0,220.0
ORD0000387,2022-06-05,20220605,CUS02162,2,EMP0042,InstaPay,Completed,780.0,380.0
ORD0011319,2022-06-05,20220605,CUS02170,12,EMP0178,Vodafone Cash,Completed,1035.0,650.0
ORD0000662,2022-06-05,20220605,CUS00131,5,EMP0102,Vodafone Cash,Completed,7775.5,7460.0
ORD0005500,2022-06-05,20220605,CUS00961,3,EMP0071,Credit Card,Completed,1477.5,810.0
ORD0004201,2022-06-05,20220605,CUS02770,3,EMP0063,Cash,Returned,190.0,90.0
ORD0005196,2022-06-05,20220605,CUS02450,3,EMP0056,Debit Card,Completed,1002.0,580.0
ORD0008662,2022-06-05,20220605,CUS00944,15,EMP0213,Debit Card,Completed,25415.0,23840.0
ORD0000347,2022-06-06,20220606,CUS02595,3,EMP0078,  Credit Card  ,Completed,1054.5,540.0
ORD0010712,2022-06-06,20220606,CUS02258,2,EMP0037,Debit Card,Cancelled,7414.0,5790.0
ORD0007611,2022-06-06,20220606,CUS00213,5,EMP0098,Cash,Completed,828.0,460.0
ORD0001556,2022-06-06,20220606,CUS00930,6,EMP0126,Fawry,Completed,5030.0,3100.0
ORD0010729,2022-06-06,20220606,CUS01269,2,EMP0039,Debit Card,Completed,15646.0,11780.0
ORD0002606,2022-06-07,20220607,CUS00674,6,EMP0115,  Vodafone Cash  ,Completed,506.0,250.0
ORD0004848,2022-06-07,20220607,CUS01968,5,EMP0110,InstaPay,Completed,1970.0,990.0
ORD0007860,2022-06-07,20220607,CUS01885,6,,Cash,Completed,751.0,370.0
ORD0006830,2022-06-07,20220607,CUS02854,7,EMP0128,  Fawry  ,Completed,610.0,290.0
ORD0002542,2022-06-07,20220607,CUS01028,7,EMP0132,Credit Card,Completed,5405.0,3840.0
ORD0008984,2022-06-07,20220607,CUS01295,1,EMP0013,InstaPay,Completed,2308.0,1350.0
ORD0003082,2022-06-07,20220607,CUS01646,14,EMP0203,Vodafone Cash,Completed,1364.0,860.0
ORD0006466,2022-06-07,20220607,CUS01154,14,EMP0195,Fawry,Completed,703.0,380.0
ORD0003013,2022-06-07,20220607,CUS00827,15,EMP0205,InstaPay,Returned,674.5,360.0
ORD0001197,2022-06-07,20220607,CUS02602,1,EMP0024,Fawry,Completed,817.0,410.0
ORD0005611,2022-06-07,20220607,CUS02160,4,EMP0089,Fawry,Completed,152.0,80.0
ORD0009503,2022-06-08,20220608,CUS02468,2,EMP0054,Cash,Cancelled,234.0,130.0
ORD0000777,2022-06-08,20220608,CUS01724,11,EMP0170,Debit Card,Completed,766.0,380.0
ORD0000097,2022-06-08,20220608,CUS01492,15,EMP0214,Credit Card,Completed,12552.0,10920.0
ORD0004012,2022-06-08,20220608,CUS01511,11,EMP0173,  Fawry  ,Completed,1530.0,880.0
ORD0009668,2022-06-08,20220608,CUS01849,10,EMP0152,Debit Card,Completed,2131.0,1140.0
ORD0010053,2022-06-08,20220608,CUS02881,15,,Fawry,Completed,320.0,180.0
ORD0000480,2022-06-08,20220608,CUS02441,4,EMP0088,Fawry,Completed,30160.0,24000.0
ORD0002201,2022-06-08,20220608,CUS01847,3,EMP0063,Fawry,Completed,1840.0,890.0
ORD0006644,2022-06-08,20220608,CUS00937,1,EMP0020,  Debit Card  ,Completed,450.0,240.0
ORD0004867,2022-06-09,20220609,CUS00869,2,EMP0049,InstaPay,Completed,423.0,230.0
ORD0001979,2022-06-09,20220609,CUS01710,1,EMP0018,Cash,Completed,240.0,120.0
ORD0005164,2022-06-09,20220609,CUS00344,5,EMP0112,Vodafone Cash,Cancelled,504.0,280.0
ORD0004057,2022-06-09,20220609,CUS02172,11,EMP0164,Cash,Completed,2695.5,1380.0
ORD0008103,2022-06-09,20220609,CUS00880,10,EMP0156,Cash,Completed,8955.0,8280.0
ORD0005060,2022-06-09,20220609,CUS02438,5,EMP0105,Debit Card,Completed,2749.0,1440.0
ORD0000261,2022-06-09,20220609,CUS01663,2,EMP0047,Debit Card,Completed,440.0,220.0
ORD0007806,2022-06-09,20220609,CUS02531,1,EMP0002,Debit Card,Completed,2040.0,1030.0
ORD0011149,2022-06-09,20220609,CUS02561,2,EMP0029,Credit Card,Completed,266.0,140.0
ORD0006832,2022-06-09,20220609,CUS00177,13,EMP0187,Fawry,Completed,3276.5,3240.0
ORD0002578,2022-06-09,20220609,CUS01946,15,EMP0216,Credit Card,Cancelled,1485.5,830.0
ORD0003273,2022-06-09,20220609,CUS01799,1,EMP0028,InstaPay,Completed,210.0,100.0
ORD0010743,2022-06-09,20220609,CUS00135,7,EMP0128,  Vodafone Cash  ,Completed,1416.5,750.0
ORD0003640,2022-06-10,20220610,CUS01966,4,EMP0079,  Fawry  ,Completed,441.0,240.0
ORD0006684,2022-06-10,20220610,CUS01652,11,EMP0169,Vodafone Cash,Completed,1500.0,750.0
ORD0001063,2022-06-10,20220610,CUS01592,10,EMP0159,Cash,Completed,285.0,140.0
ORD0003557,2022-06-10,20220610,CUS00045,3,EMP0067,  Cash  ,Completed,2225.0,1250.0
ORD0007811,2022-06-10,20220610,CUS00056,7,EMP0134,InstaPay,Completed,9150.0,7220.0
ORD0006179,2022-06-10,20220610,CUS01333,6,EMP0119,Credit Card,Completed,736.5,390.0
ORD0011874,2022-06-10,20220610,CUS01417,9,EMP0148,Cash,Returned,160.0,70.0
ORD0000133,2022-06-11,20220611,CUS00096,14,EMP0202,Credit Card,Completed,1523.5,770.0
ORD0007797,2022-06-11,20220611,CUS02869,4,EMP0081,Fawry,Completed,243.0,130.0
ORD0001074,2022-06-11,20220611,CUS02732,6,EMP0122,Vodafone Cash,Completed,3944.0,2800.0
ORD0003100,2022-06-11,20220611,CUS01256,12,EMP0176,InstaPay,Cancelled,224.0,140.0
ORD0000454,2022-06-11,20220611,CUS02636,3,EMP0063,InstaPay,Returned,1230.0,630.0
ORD0007434,2022-06-11,20220611,CUS00281,4,EMP0094,Vodafone Cash,Completed,576.0,310.0
ORD0004174,2022-06-11,20220611,CUS02920,10,EMP0158,Fawry,Completed,1440.0,680.0
ORD0006640,2022-06-12,20220612,CUS00134,1,EMP0009,Debit Card,Completed,540.0,260.0
ORD0011283,2022-06-12,20220612,CUS01873,8,,Debit Card,Completed,228.0,110.0
ORD0000898,2022-06-12,20220612,CUS00626,11,EMP0165,Credit Card,Completed,526.5,270.0
ORD0010241,2022-06-12,20220612,CUS02196,2,EMP0054,Vodafone Cash,Returned,21435.0,17340.0
ORD0005071,2022-06-12,20220612,CUS02489,4,EMP0089,InstaPay,Completed,696.0,350.0
ORD0002005,2022-06-12,20220612,CUS02517,12,EMP0182,Debit Card,Completed,486.0,260.0
ORD0002723,2022-06-12,20220612,CUS00780,11,EMP0167,Credit Card,Completed,270.0,150.0
ORD0003474,2022-06-13,20220613,CUS01132,14,,Debit Card,Completed,723.5,390.0
ORD0001675,2022-06-13,20220613,CUS02670,4,EMP0085,Debit Card,Completed,11919.0,9470.0
ORD0000481,2022-06-13,20220613,CUS00383,2,EMP0043,  Debit Card  ,Completed,798.0,420.0
ORD0003455,2022-06-13,20220613,CUS02694,13,EMP0190,Cash,Completed,1096.5,630.0
ORD0009583,2022-06-13,20220613,CUS02042,10,EMP0160,InstaPay,Completed,270.0,130.0
ORD0010364,2022-06-13,20220613,CUS00116,3,EMP0063,Cash,Completed,13500.0,12000.0
ORD0002368,2022-06-14,20220614,CUS01391,3,EMP0069,Credit Card,Completed,926.0,470.0
ORD0000282,2022-06-14,20220614,CUS02200,2,EMP0049,Fawry,Completed,568.0,300.0
ORD0004428,2022-06-14,20220614,CUS02432,3,EMP0074,Vodafone Cash,Completed,1323.0,720.0
ORD0007141,2022-06-14,20220614,CUS00939,1,EMP0014,Credit Card,Completed,370.0,180.0
ORD0006970,2022-06-14,20220614,CUS01634,1,EMP0020,Cash,Completed,384.0,240.0
ORD0000477,2022-06-14,20220614,CUS00961,14,EMP0202,InstaPay,Cancelled,684.0,340.0
ORD0000645,2022-06-14,20220614,CUS01535,10,EMP0157,Credit Card,Completed,13518.0,11960.0
ORD0002039,2022-06-14,20220614,CUS00845,9,EMP0145,Credit Card,Completed,152.0,70.0
ORD0000834,2022-06-14,20220614,CUS01160,3,EMP0063,Cash,Completed,417.0,220.0
ORD0000318,2022-06-14,20220614,CUS02843,1,EMP0004,Fawry,Completed,140.0,60.0
ORD0010313,2022-06-14,20220614,CUS01004,2,EMP0047,Fawry,Completed,19805.0,15770.0
ORD0001965,2022-06-14,20220614,CUS02980,5,EMP0107,Cash,Completed,461.0,260.0
ORD0004312,2022-06-14,20220614,CUS01852,5,EMP0107,InstaPay,Completed,700.0,340.0
ORD0007558,2022-06-15,20220615,CUS01359,12,EMP0175,Debit Card,Completed,1044.0,560.0
ORD0002807,2022-06-15,20220615,CUS02444,3,EMP0063,  Debit Card  ,Completed,2944.0,2190.0
ORD0003645,2022-06-15,20220615,CUS02664,3,EMP0056,Fawry,Completed,2212.0,1180.0
ORD0011012,2022-06-15,20220615,CUS02764,13,EMP0187,Debit Card,Completed,28134.0,24620.0
ORD0009507,2022-06-15,20220615,CUS02697,7,EMP0130,InstaPay,Completed,776.0,370.0
ORD0011678,2022-06-15,20220615,CUS02348,10,EMP0157,Credit Card,Returned,2613.0,1310.0
ORD0000425,2022-06-15,20220615,CUS00842,11,EMP0173,Fawry,Completed,420.0,210.0
ORD0006645,2022-06-15,20220615,CUS00987,3,EMP0057,InstaPay,Returned,520.0,240.0
ORD0003058,2022-06-15,20220615,CUS00198,5,EMP0109,Fawry,Completed,2953.5,1680.0
ORD0008674,2022-06-15,20220615,CUS00765,13,,InstaPay,Completed,495.0,270.0
ORD0006302,2022-06-15,20220615,CUS00155,5,EMP0097,  Fawry  ,Completed,674.5,350.0
ORD0003696,2022-06-16,20220616,CUS01751,9,EMP0146,Vodafone Cash,Completed,10085.0,7200.0
ORD0004511,2022-06-16,20220616,CUS00813,11,EMP0173,Credit Card,Completed,8384.0,6220.0
ORD0006135,2022-06-16,20220616,CUS01304,10,EMP0158,Fawry,Completed,3898.0,2820.0
ORD0005916,2022-06-16,20220616,CUS01114,5,EMP0096,Vodafone Cash,Completed,899.5,440.0
ORD0009790,2022-06-16,20220616,CUS02091,3,EMP0064,InstaPay,Completed,11240.0,8520.0
ORD0001748,2022-06-16,20220616,CUS00764,1,EMP0011,Debit Card,Completed,912.0,480.0
ORD0005719,2022-06-16,20220616,CUS00491,12,EMP0180,InstaPay,Completed,1223.0,610.0
ORD0007501,2022-06-16,20220616,CUS00245,1,EMP0001,Debit Card,Completed,2512.0,1240.0
ORD0000971,2022-06-16,20220616,CUS02862,15,EMP0214,Cash,Completed,787.0,370.0
ORD0010735,2022-06-16,20220616,CUS01254,9,,Fawry,Completed,555.0,260.0
ORD0008641,2022-06-16,20220616,CUS01864,15,EMP0207,InstaPay,Completed,85.5,40.0
ORD0011869,2022-06-16,20220616,CUS00664,1,EMP0023,Credit Card,Completed,15880.0,13900.0
ORD0000412,2022-06-16,20220616,CUS02443,1,EMP0012,Credit Card,Returned,895.0,460.0
ORD0004551,2022-06-16,20220616,CUS00599,14,EMP0198,Cash,Completed,474.0,260.0
ORD0010175,2022-06-17,20220617,CUS01303,2,EMP0043,Fawry,Returned,135.0,70.0
ORD0002591,2022-06-17,20220617,CUS00754,3,EMP0074,Credit Card,Completed,738.5,420.0
ORD0002303,2022-06-17,20220617,CUS00511,10,EMP0160,  InstaPay  ,Completed,1537.0,810.0
ORD0010618,2022-06-17,20220617,CUS02782,4,EMP0079,InstaPay,Completed,12150.0,11360.0
ORD0003251,2022-06-17,20220617,CUS00638,4,EMP0079,Vodafone Cash,Cancelled,1538.5,790.0
ORD0009435,2022-06-17,20220617,CUS01404,2,EMP0030,  InstaPay  ,Completed,1170.0,780.0
ORD0009094,2022-06-17,20220617,CUS02095,12,EMP0179,InstaPay,Completed,2800.0,1360.0
ORD0000511,2022-06-17,20220617,CUS00089,3,EMP0066,InstaPay,Completed,366.0,190.0
ORD0004777,2022-06-17,20220617,CUS02180,3,EMP0057,InstaPay,Completed,160.0,70.0
ORD0011843,2022-06-17,20220617,CUS00105,2,EMP0034,Cash,Completed,423.0,230.0
ORD0009550,2022-06-17,20220617,CUS02759,12,EMP0181,Credit Card,Completed,90.0,40.0
ORD0008872,2022-06-17,20220617,CUS02324,4,EMP0085,InstaPay,Completed,4558.0,2640.0
ORD0004228,2022-06-17,20220617,CUS00329,1,EMP0014,Vodafone Cash,Completed,494.0,250.0
ORD0010416,2022-06-18,20220618,CUS00423,4,EMP0091,Debit Card,Completed,810.0,450.0
ORD0010126,2022-06-18,20220618,CUS02946,1,EMP0002,Vodafone Cash,Completed,950.0,500.0
ORD0009746,2022-06-18,20220618,CUS02814,2,EMP0042,InstaPay,Completed,3986.0,2330.0
ORD0000045,2022-06-18,20220618,CUS01932,9,EMP0150,Credit Card,Completed,512.0,320.0
ORD0008150,2022-06-18,20220618,CUS02493,12,EMP0182,Cash,Completed,1670.0,1240.0
ORD0007914,2022-06-18,20220618,CUS01640,12,EMP0175,Debit Card,Completed,10960.0,9040.0
ORD0011165,2022-06-18,20220618,CUS00770,5,EMP0098,InstaPay,Completed,810.0,410.0
ORD0004374,2022-06-18,20220618,CUS00166,6,EMP0120,InstaPay,Completed,440.0,210.0
ORD0007856,2022-06-19,20220619,CUS00703,6,EMP0121,Cash,Completed,50364.0,42110.0
ORD0005885,2022-06-19,20220619,CUS01157,11,EMP0167,InstaPay,Completed,297.0,160.0
ORD0004004,2022-06-19,20220619,CUS01158,10,EMP0156,Cash,Completed,342.0,160.0
ORD0007854,2022-06-19,20220619,CUS02457,11,EMP0167,Fawry,Completed,15000.0,12000.0
ORD0008931,2022-06-19,20220619,CUS00712,8,EMP0143,Cash,Completed,3920.0,4500.0
ORD0001757,2022-06-19,20220619,CUS02414,1,EMP0007,Debit Card,Completed,315.0,170.0
ORD0005637,2022-06-19,20220619,CUS02008,11,EMP0166,Fawry,Completed,914.0,450.0
ORD0002498,2022-06-19,20220619,CUS00352,12,EMP0177,Fawry,Completed,986.0,580.0
ORD0010019,2022-06-19,20220619,CUS01936,4,EMP0080,  Debit Card  ,Returned,775.0,480.0
ORD0007831,2022-06-20,20220620,CUS01635,2,EMP0036,  Debit Card  ,Completed,5388.0,3000.0
ORD0008131,2022-06-20,20220620,CUS00423,10,EMP0162,Debit Card,Completed,540.0,360.0
ORD0009246,2022-06-20,20220620,CUS01822,1,,Debit Card,Completed,1634.5,860.0
ORD0002587,2022-06-20,20220620,CUS00910,4,EMP0093,Cash,Completed,1798.5,930.0
ORD0000276,2022-06-20,20220620,CUS01842,11,EMP0164,Credit Card,Completed,567.0,300.0
ORD0001216,2022-06-20,20220620,CUS01185,11,EMP0165,Credit Card,Completed,1860.0,930.0
ORD0004550,2022-06-20,20220620,CUS01868,8,EMP0140,Cash,Completed,2102.0,1030.0
ORD0000742,2022-06-20,20220620,CUS02376,11,EMP0169,Credit Card,Completed,9639.0,8880.0
ORD0003850,2022-06-20,20220620,CUS00932,1,EMP0023,  Cash  ,Completed,1578.0,830.0
ORD0006854,2022-06-20,20220620,CUS00013,6,EMP0115,Debit Card,Completed,795.0,620.0
ORD0008181,2022-06-21,20220621,CUS01041,9,EMP0149,  Debit Card  ,Completed,2004.0,1040.0
ORD0002907,2022-06-21,20220621,CUS02277,4,EMP0090,Credit Card,Completed,1545.5,860.0
ORD0010091,2022-06-21,20220621,CUS02540,2,EMP0041,  Debit Card  ,Cancelled,810.0,390.0
ORD0007536,2022-06-21,20220621,CUS02357,4,EMP0091,InstaPay,Completed,72.0,40.0
ORD0005159,2022-06-21,20220621,CUS01249,4,EMP0079,Debit Card,Completed,13520.0,10660.0
ORD0001093,2022-06-21,20220621,CUS00467,5,EMP0097,Fawry,Completed,2904.0,1690.0
ORD0011050,2022-06-21,20220621,CUS01636,1,EMP0001,Vodafone Cash,Completed,290.0,140.0
ORD0007122,2022-06-21,20220621,CUS01762,2,EMP0029,Fawry,Completed,135.0,70.0
ORD0001912,2022-06-21,20220621,CUS00955,5,EMP0102,Vodafone Cash,Completed,738.0,420.0
ORD0000940,2022-06-21,20220621,CUS01851,4,EMP0091,Debit Card,Completed,28999.0,26920.0
ORD0010457,2022-06-21,20220621,CUS00825,1,EMP0016,Cash,Completed,1554.0,740.0
ORD0011426,2022-06-21,20220621,CUS02165,10,EMP0155,Debit Card,Completed,13680.0,10810.0
ORD0002545,2022-06-21,20220621,CUS01266,7,EMP0132,  Fawry  ,Completed,13965.0,11800.0
ORD0004154,2022-06-21,20220621,CUS02921,12,EMP0175,  Cash  ,Completed,820.0,420.0
ORD0001399,2022-06-21,20220621,CUS02562,2,EMP0036,Credit Card,Completed,472.5,300.0
ORD0003138,2022-06-22,20220622,CUS02060,14,EMP0197,Debit Card,Returned,6459.0,5340.0
ORD0006103,2022-06-22,20220622,CUS00381,3,EMP0067,Credit Card,Completed,1350.0,720.0
ORD0000920,2022-06-22,20220622,CUS01549,11,EMP0173,Debit Card,Completed,207.0,110.0
ORD0003663,2022-06-22,20220622,CUS02481,3,EMP0074,Credit Card,Completed,882.0,620.0
ORD0000086,2022-06-22,20220622,CUS00307,8,EMP0141,InstaPay,Completed,1070.0,510.0
ORD0008909,2022-06-22,20220622,CUS00702,4,EMP0079,Fawry,Completed,864.0,520.0
ORD0005897,2022-06-22,20220622,CUS02669,3,EMP0059,Debit Card,Completed,903.0,520.0
ORD0002055,2022-06-22,20220622,CUS02826,4,EMP0082,Debit Card,Completed,836.0,430.0
ORD0000944,2022-06-22,20220622,CUS00830,4,EMP0092,InstaPay,Completed,12170.0,10740.0
ORD0003121,2022-06-22,20220622,CUS02739,1,,Fawry,Returned,648.0,360.0
ORD0003774,2022-06-22,20220622,CUS00435,2,EMP0050,Fawry,Completed,1719.0,980.0
ORD0004868,2022-06-23,20220623,CUS00124,3,EMP0067,Vodafone Cash,Completed,3774.0,2080.0
ORD0002337,2022-06-23,20220623,CUS00766,3,EMP0056,InstaPay,Completed,37262.0,32330.0
ORD0004636,2022-06-23,20220623,CUS01629,1,EMP0013,Cash,Completed,3190.5,1660.0
ORD0008386,2022-06-23,20220623,CUS00167,5,,InstaPay,Completed,12711.0,10580.0
ORD0008172,2022-06-23,20220623,CUS02649,9,EMP0149,Credit Card,Completed,912.0,470.0
ORD0008450,2022-06-23,20220623,CUS02317,12,EMP0184,Credit Card,Completed,1639.5,900.0
ORD0003423,2022-06-23,20220623,CUS01879,1,EMP0023,  Cash  ,Completed,2040.0,1260.0
ORD0001823,2022-06-23,20220623,CUS00582,3,EMP0055,  Credit Card  ,Completed,768.0,460.0
ORD0007725,2022-06-23,20220623,CUS00405,8,EMP0140,  Vodafone Cash  ,Returned,700.0,340.0
ORD0001724,2022-06-23,20220623,CUS00533,4,EMP0085,InstaPay,Completed,6475.0,5120.0
ORD0004530,2022-06-23,20220623,CUS00342,2,EMP0032,Fawry,Completed,357.0,250.0
ORD0005696,2022-06-24,20220624,CUS01236,6,EMP0126,Credit Card,Cancelled,17960.0,14270.0
ORD0002385,2022-06-24,20220624,CUS02318,7,EMP0127,Fawry,Completed,4870.0,4070.0
ORD0002433,2022-06-24,20220624,CUS00909,8,EMP0137,InstaPay,Completed,563.5,290.0
ORD0001184,2022-06-24,20220624,CUS02596,3,EMP0078,Vodafone Cash,Completed,1759.0,880.0
ORD0001285,2022-06-24,20220624,CUS01010,5,EMP0111,Cash,Completed,255.0,160.0
ORD0003363,2022-06-24,20220624,CUS01759,2,EMP0038,Cash,Returned,602.0,320.0
ORD0006967,2022-06-24,20220624,CUS02826,9,EMP0150,Cash,Completed,2870.0,1660.0
ORD0002072,2022-06-24,20220624,CUS01492,9,EMP0147,  Debit Card  ,Completed,14817.5,12740.0
ORD0006952,2022-06-25,20220625,CUS02051,7,EMP0128,  Fawry  ,Completed,96.0,60.0
ORD0009720,2022-06-25,20220625,CUS00268,1,EMP0027,  Cash  ,Completed,12160.0,10300.0
ORD0008228,2022-06-25,20220625,CUS02349,14,EMP0200,InstaPay,Completed,993.0,480.0
ORD0000666,2022-06-25,20220625,CUS00210,4,EMP0084,  Fawry  ,Completed,114.0,60.0
ORD0004757,2022-06-25,20220625,CUS02181,2,EMP0052,Debit Card,Completed,2023.0,1010.0
ORD0004181,2022-06-25,20220625,CUS01802,2,EMP0053,  Credit Card  ,Completed,570.0,300.0
ORD0008158,2022-06-25,20220625,CUS01036,2,EMP0041,Fawry,Completed,14319.0,12140.0
ORD0007085,2022-06-25,20220625,CUS00442,1,EMP0003,  Credit Card  ,Completed,1961.0,1210.0
ORD0005321,2022-06-25,20220625,CUS01943,1,EMP0021,Credit Card,Completed,488.0,300.0
ORD0004682,2022-06-25,20220625,CUS02610,5,EMP0096,Vodafone Cash,Cancelled,458.5,250.0
ORD0001170,2022-06-25,20220625,CUS00811,1,EMP0003,  Credit Card  ,Returned,19272.0,16660.0
ORD0002045,2022-06-25,20220625,CUS00396,6,EMP0124,InstaPay,Completed,200.0,100.0
ORD0006627,2022-06-26,20220626,CUS02827,6,,  Fawry  ,Completed,2049.5,990.0
ORD0008679,2022-06-26,20220626,CUS02821,5,EMP0106,Credit Card,Completed,1546.5,890.0
ORD0004050,2022-06-26,20220626,CUS02201,5,EMP0106,  Cash  ,Completed,285.0,140.0
ORD0002008,2022-06-26,20220626,CUS01300,12,EMP0175,  Vodafone Cash  ,Completed,2400.0,1800.0
ORD0005448,2022-06-26,20220626,CUS00693,12,,Credit Card,Completed,3219.0,1660.0
ORD0009318,2022-06-26,20220626,CUS00710,2,EMP0048,Debit Card,Completed,120.0,70.0
ORD0003405,2022-06-26,20220626,CUS01729,1,EMP0016,Fawry,Completed,90.0,40.0
ORD0004632,2022-06-26,20220626,CUS00149,6,EMP0124,InstaPay,Completed,22792.0,20120.0
ORD0007638,2022-06-26,20220626,CUS00806,10,EMP0161,  Credit Card  ,Completed,1980.0,990.0
ORD0009367,2022-06-27,20220627,CUS00334,11,EMP0164,Debit Card,Completed,1329.0,660.0
ORD0005232,2022-06-27,20220627,CUS02943,4,EMP0089,Credit Card,Returned,1175.5,600.0
ORD0000745,2022-06-27,20220627,CUS00017,1,EMP0006,Debit Card,Completed,505.0,270.0
ORD0011075,2022-06-27,20220627,CUS00121,2,EMP0051,Cash,Completed,672.0,350.0
ORD0002920,2022-06-27,20220627,CUS01549,6,EMP0113,Credit Card,Completed,90.0,40.0
ORD0000731,2022-06-27,20220627,CUS02805,2,EMP0030,Fawry,Completed,921.0,480.0
ORD0009363,2022-06-27,20220627,CUS00514,7,EMP0129,Fawry,Returned,2916.0,1560.0
ORD0004780,2022-06-27,20220627,CUS00747,5,,Vodafone Cash,Completed,1898.5,1020.0
ORD0008420,2022-06-27,20220627,CUS02486,5,EMP0105,  Cash  ,Completed,8200.0,6500.0
ORD0009197,2022-06-27,20220627,CUS01084,11,EMP0172,  Cash  ,Completed,162.0,90.0
ORD0000324,2022-06-27,20220627,CUS00917,6,EMP0120,Vodafone Cash,Completed,12288.5,12440.0
ORD0008068,2022-06-27,20220627,CUS00832,3,EMP0055,Cash,Completed,1626.0,950.0
ORD0008623,2022-06-28,20220628,CUS00933,1,EMP0022,Fawry,Completed,414.0,230.0
ORD0000646,2022-06-28,20220628,CUS00148,2,EMP0035,Debit Card,Completed,150.0,70.0
ORD0006464,2022-06-28,20220628,CUS00644,5,EMP0106,Fawry,Completed,2014.0,1510.0
ORD0010408,2022-06-28,20220628,CUS02987,12,EMP0179,Credit Card,Completed,47777.0,42150.0
ORD0007877,2022-06-28,20220628,CUS00176,4,EMP0081,Cash,Completed,1260.0,610.0
ORD0006654,2022-06-28,20220628,CUS01733,2,EMP0035,Vodafone Cash,Completed,882.0,490.0
ORD0003099,2022-06-28,20220628,CUS01894,2,EMP0045,  Fawry  ,Completed,1230.5,650.0
ORD0007706,2022-06-28,20220628,CUS01078,6,EMP0115,Credit Card,Completed,535.5,310.0
ORD0003214,2022-06-28,20220628,CUS02620,3,EMP0061,Credit Card,Completed,230.0,110.0
ORD0003853,2022-06-29,20220629,CUS02939,13,EMP0187,Vodafone Cash,Returned,893.5,570.0
ORD0002502,2022-06-29,20220629,CUS00351,1,EMP0005,Cash,Completed,512.0,250.0
ORD0003782,2022-06-29,20220629,CUS02797,5,EMP0097,Fawry,Completed,150.0,70.0
ORD0009173,2022-06-29,20220629,CUS01406,1,EMP0012,Credit Card,Completed,2469.0,2400.0
ORD0002448,2022-06-29,20220629,CUS01146,6,EMP0113,Cash,Returned,2440.0,1200.0
ORD0006269,2022-06-29,20220629,CUS02765,2,EMP0052,Cash,Completed,540.0,280.0
ORD0010715,2022-06-29,20220629,CUS00606,2,,Vodafone Cash,Completed,144.0,70.0
ORD0009568,2022-06-29,20220629,CUS02312,1,EMP0017,Credit Card,Completed,1305.5,700.0
ORD0006343,2022-06-30,20220630,CUS00834,12,EMP0174,Cash,Completed,288.0,140.0
ORD0008971,2022-06-30,20220630,CUS02367,1,EMP0003,InstaPay,Completed,1156.0,580.0
ORD0007636,2022-06-30,20220630,CUS02223,14,EMP0200,Vodafone Cash,Completed,1509.0,1000.0
ORD0005286,2022-06-30,20220630,CUS00568,12,EMP0175,Credit Card,Completed,12980.0,10390.0
ORD0001140,2022-06-30,20220630,CUS01181,6,EMP0114,InstaPay,Completed,140.0,70.0
ORD0002084,2022-06-30,20220630,CUS01331,2,EMP0045,Vodafone Cash,Completed,1220.0,580.0
ORD0002875,2022-06-30,20220630,CUS01169,4,EMP0079,Cash,Cancelled,459.0,240.0
ORD0004966,2022-07-01,20220701,CUS02212,1,EMP0018,Cash,Completed,1384.0,750.0
ORD0002414,2022-07-01,20220701,CUS00718,1,EMP0009,Fawry,Completed,3495.5,1760.0
ORD0005115,2022-07-01,20220701,CUS01883,4,EMP0088,Cash,Completed,3160.0,2220.0
ORD0005793,2022-07-01,20220701,CUS01072,2,EMP0033,  Vodafone Cash  ,Completed,445.0,220.0
ORD0007901,2022-07-01,20220701,CUS00075,5,EMP0101,  Vodafone Cash  ,Completed,521.0,260.0
ORD0009062,2022-07-01,20220701,CUS02629,11,EMP0164,Fawry,Completed,480.0,240.0
ORD0003880,2022-07-01,20220701,CUS02706,2,,InstaPay,Completed,4552.0,3830.0
ORD0002266,2022-07-01,20220701,CUS01459,5,EMP0107,Debit Card,Completed,1032.0,630.0
ORD0009319,2022-07-01,20220701,CUS01185,1,EMP0024,Cash,Completed,653.0,330.0
ORD0007172,2022-07-01,20220701,CUS00851,2,EMP0036,Debit Card,Cancelled,390.0,180.0
ORD0006766,2022-07-01,20220701,CUS01911,2,EMP0042,Credit Card,Completed,1800.0,990.0
ORD0001352,2022-07-01,20220701,CUS01354,6,EMP0121,Cash,Completed,1735.0,990.0
ORD0001503,2022-07-01,20220701,CUS00835,3,EMP0058,  Debit Card  ,Returned,199.5,100.0
ORD0000430,2022-07-01,20220701,CUS02445,6,EMP0126,InstaPay,Completed,17410.0,16340.0
ORD0008631,2022-07-01,20220701,CUS02438,13,EMP0185,Fawry,Completed,152.0,70.0
ORD0010910,2022-07-02,20220702,CUS02500,2,EMP0046,Vodafone Cash,Completed,713.0,360.0
ORD0004834,2022-07-02,20220702,CUS01771,12,EMP0179,Credit Card,Completed,361.0,180.0
ORD0008191,2022-07-02,20220702,CUS00253,6,EMP0113,  InstaPay  ,Completed,880.0,440.0
ORD0010035,2022-07-02,20220702,CUS02191,1,EMP0025,Credit Card,Returned,600.0,280.0
ORD0004066,2022-07-02,20220702,CUS02839,6,EMP0113,InstaPay,Completed,260.0,130.0
ORD0009706,2022-07-02,20220702,CUS00486,12,EMP0175,Credit Card,Completed,2432.0,1480.0
ORD0007605,2022-07-02,20220702,CUS00179,4,EMP0079,Cash,Completed,2761.0,1610.0
ORD0010310,2022-07-02,20220702,CUS02892,5,EMP0110,  Cash  ,Completed,1098.0,600.0
ORD0011311,2022-07-03,20220703,CUS01942,2,EMP0052,  Credit Card  ,Completed,261.0,140.0
ORD0007746,2022-07-03,20220703,CUS02997,6,EMP0121,Fawry,Completed,600.0,300.0
ORD0006473,2022-07-03,20220703,CUS02096,12,EMP0178,Debit Card,Completed,1793.5,920.0
ORD0008549,2022-07-03,20220703,CUS01239,5,,Credit Card,Completed,822.0,390.0
ORD0005521,2022-07-03,20220703,CUS00204,4,EMP0081,  Cash  ,Completed,20400.0,16200.0
ORD0003927,2022-07-03,20220703,CUS00786,4,EMP0089,Vodafone Cash,Completed,284.5,150.0
ORD0003588,2022-07-03,20220703,CUS01481,1,EMP0020,  Fawry  ,Completed,3019.5,1590.0
ORD0010374,2022-07-03,20220703,CUS02557,6,EMP0122,Vodafone Cash,Completed,1076.5,520.0
ORD0002756,2022-07-03,20220703,CUS02298,3,EMP0074,Fawry,Completed,350.0,170.0
ORD0000223,2022-07-04,20220704,CUS02860,1,EMP0027,Fawry,Completed,1172.0,650.0
ORD0005929,2022-07-04,20220704,CUS02950,1,EMP0019,InstaPay,Completed,238.0,130.0
ORD0000626,2022-07-04,20220704,CUS00563,2,,Cash,Completed,367.5,210.0
ORD0006446,2022-07-04,20220704,CUS01503,1,EMP0028,  Cash  ,Completed,7555.0,5520.0
ORD0008863,2022-07-04,20220704,CUS00737,11,EMP0169,  Credit Card  ,Completed,342.0,180.0
ORD0007825,2022-07-04,20220704,CUS00675,8,EMP0143,Vodafone Cash,Returned,670.0,320.0
ORD0004390,2022-07-04,20220704,CUS00902,4,EMP0084,Cash,Completed,460.0,230.0
ORD0001247,2022-07-04,20220704,CUS01439,2,EMP0034,Fawry,Completed,247.0,130.0
ORD0000242,2022-07-04,20220704,CUS00990,4,EMP0087,Cash,Completed,1706.5,1010.0
ORD0009438,2022-07-05,20220705,CUS01868,3,EMP0076,InstaPay,Completed,980.0,460.0
ORD0010080,2022-07-05,20220705,CUS01617,14,EMP0198,Fawry,Completed,5567.5,2740.0
ORD0007117,2022-07-06,20220706,CUS00276,1,,InstaPay,Completed,27360.0,21620.0
ORD0004238,2022-07-06,20220706,CUS02572,12,EMP0178,Credit Card,Completed,960.0,460.0
ORD0004602,2022-07-06,20220706,CUS00663,2,EMP0047,Vodafone Cash,Completed,655.0,330.0
ORD0002384,2022-07-06,20220706,CUS01492,1,EMP0025,Debit Card,Returned,220.0,100.0
ORD0011003,2022-07-06,20220706,CUS02910,7,EMP0128,Vodafone Cash,Completed,14231.0,11040.0
ORD0004912,2022-07-06,20220706,CUS02948,4,EMP0086,Cash,Completed,3085.5,1650.0
ORD0010130,2022-07-06,20220706,CUS00832,2,EMP0042,Vodafone Cash,Completed,90.0,40.0
ORD0008160,2022-07-06,20220706,CUS01359,7,EMP0131,  Cash  ,Completed,741.5,410.0
ORD0000756,2022-07-06,20220706,CUS02574,2,EMP0054,InstaPay,Completed,860.0,410.0
ORD0003005,2022-07-06,20220706,CUS00993,2,EMP0034,InstaPay,Completed,304.0,150.0
ORD0005157,2022-07-06,20220706,CUS02850,8,EMP0138,InstaPay,Completed,1482.0,780.0
ORD0009418,2022-07-06,20220706,CUS01002,6,EMP0114,Credit Card,Completed,1744.0,900.0
ORD0004445,2022-07-07,20220707,CUS00309,3,EMP0059,  Cash  ,Returned,2366.0,1590.0
ORD0007690,2022-07-07,20220707,CUS02406,2,EMP0051,Vodafone Cash,Completed,1600.0,1600.0
ORD0010199,2022-07-07,20220707,CUS02669,3,EMP0076,Cash,Returned,2070.0,1020.0
ORD0002773,2022-07-07,20220707,CUS00543,2,EMP0052,Debit Card,Completed,420.0,200.0
ORD0002482,2022-07-07,20220707,CUS00211,3,EMP0057,  Cash  ,Completed,336.0,180.0
ORD0008434,2022-07-07,20220707,CUS00901,4,EMP0083,  Cash  ,Completed,758.0,410.0
ORD0005108,2022-07-07,20220707,CUS01688,5,EMP0109,Cash,Completed,392.0,190.0
ORD0000100,2022-07-07,20220707,CUS00500,4,EMP0086,Vodafone Cash,Returned,999.0,530.0
ORD0002675,2022-07-07,20220707,CUS01514,14,EMP0199,Vodafone Cash,Returned,432.0,270.0
ORD0001756,2022-07-07,20220707,CUS01154,12,EMP0180,Cash,Completed,8080.0,8100.0
ORD0000730,2022-07-08,20220708,CUS00503,6,EMP0120,Fawry,Completed,2100.5,1080.0
ORD0001720,2022-07-08,20220708,CUS00472,13,EMP0190,Credit Card,Completed,41850.0,44700.0
ORD0009917,2022-07-08,20220708,CUS00912,4,EMP0083,InstaPay,Completed,977.5,480.0
ORD0008357,2022-07-08,20220708,CUS02873,1,EMP0013,  Credit Card  ,Completed,432.0,250.0
ORD0009377,2022-07-08,20220708,CUS01615,1,EMP0012,Vodafone Cash,Completed,1464.0,820.0
ORD0011759,2022-07-08,20220708,CUS01257,9,EMP0147,  InstaPay  ,Completed,552.0,340.0
ORD0009407,2022-07-08,20220708,CUS01851,1,EMP0023,  Credit Card  ,Completed,6714.0,5590.0
ORD0002243,2022-07-08,20220708,CUS02125,5,EMP0102,InstaPay,Completed,25235.5,23740.0
ORD0010631,2022-07-09,20220709,CUS01362,2,EMP0042,  Cash  ,Completed,1339.5,740.0
ORD0004873,2022-07-09,20220709,CUS00328,14,EMP0199,Cash,Completed,1600.5,840.0
ORD0011378,2022-07-09,20220709,CUS01499,7,EMP0136,Fawry,Completed,730.0,380.0
ORD0011338,2022-07-09,20220709,CUS00582,15,EMP0210,Vodafone Cash,Returned,7000.0,5290.0
ORD0007641,2022-07-09,20220709,CUS02816,6,EMP0121,  Fawry  ,Completed,300.0,140.0
ORD0002950,2022-07-09,20220709,CUS02024,11,EMP0168,Debit Card,Completed,13230.0,11800.0
ORD0011160,2022-07-09,20220709,CUS02322,1,EMP0011,  Debit Card  ,Completed,3141.0,2920.0
ORD0010172,2022-07-09,20220709,CUS01141,4,EMP0083,Fawry,Completed,2681.0,2040.0
ORD0003418,2022-07-09,20220709,CUS00281,13,EMP0187,  Vodafone Cash  ,Completed,297.5,170.0
ORD0007194,2022-07-09,20220709,CUS00101,12,EMP0174,  Cash  ,Cancelled,33580.0,34840.0
ORD0005019,2022-07-10,20220710,CUS00366,4,EMP0092,Cash,Completed,772.0,380.0
ORD0002751,2022-07-10,20220710,CUS02669,2,EMP0034,  Cash  ,Completed,1370.0,660.0
ORD0011629,2022-07-10,20220710,CUS01284,7,EMP0135,Cash,Completed,690.0,350.0
ORD0001227,2022-07-10,20220710,CUS00557,3,EMP0065,  InstaPay  ,Completed,463.0,300.0
ORD0001740,2022-07-10,20220710,CUS01711,6,EMP0113,Credit Card,Completed,9903.5,8360.0
ORD0000348,2022-07-10,20220710,CUS01097,2,EMP0047,  InstaPay  ,Completed,775.5,390.0
ORD0003478,2022-07-10,20220710,CUS02216,1,EMP0003,  Debit Card  ,Completed,980.5,480.0
ORD0004387,2022-07-10,20220710,CUS01081,1,EMP0016,Fawry,Completed,1440.0,930.0
ORD0010939,2022-07-10,20220710,CUS01187,4,EMP0084,InstaPay,Completed,1400.0,680.0
ORD0009380,2022-07-10,20220710,CUS01896,13,EMP0186,Debit Card,Completed,1453.0,850.0
ORD0002869,2022-07-10,20220710,CUS02718,11,EMP0169,Cash,Completed,140.0,60.0
ORD0008491,2022-07-10,20220710,CUS00764,14,EMP0195,Vodafone Cash,Completed,234.0,120.0
ORD0007777,2022-07-10,20220710,CUS00901,3,EMP0063,Debit Card,Completed,441.0,220.0
ORD0000311,2022-07-11,20220711,CUS00127,9,EMP0151,Fawry,Completed,126.0,70.0
ORD0003765,2022-07-11,20220711,CUS02788,11,EMP0167,Credit Card,Completed,668.0,340.0
ORD0004539,2022-07-11,20220711,CUS00986,4,EMP0093,  Fawry  ,Completed,663.0,380.0
ORD0011410,2022-07-11,20220711,CUS02429,4,EMP0088,  Cash  ,Completed,2444.0,1220.0
ORD0005936,2022-07-11,20220711,CUS01905,7,EMP0136,InstaPay,Completed,920.0,470.0
ORD0003544,2022-07-11,20220711,CUS01931,3,EMP0065,  Debit Card  ,Completed,1200.0,590.0
ORD0009424,2022-07-11,20220711,CUS02874,4,EMP0089,Fawry,Completed,2545.0,2180.0
ORD0010154,2022-07-11,20220711,CUS01457,3,EMP0068,  Fawry  ,Completed,782.0,430.0
ORD0002515,2022-07-11,20220711,CUS00283,1,EMP0025,Vodafone Cash,Completed,484.0,250.0
ORD0005398,2022-07-11,20220711,CUS02127,4,EMP0086,Credit Card,Completed,1910.5,1000.0
ORD0004122,2022-07-11,20220711,CUS01030,1,EMP0019,Vodafone Cash,Completed,243.0,130.0
ORD0002851,2022-07-11,20220711,CUS00782,2,EMP0032,Credit Card,Cancelled,1422.0,980.0
ORD0009171,2022-07-11,20220711,CUS00982,3,EMP0073,Debit Card,Cancelled,216.0,130.0
ORD0007287,2022-07-11,20220711,CUS02682,4,EMP0084,Vodafone Cash,Completed,133.0,60.0
ORD0003390,2022-07-11,20220711,CUS01171,6,EMP0122,Credit Card,Completed,44400.0,44400.0
ORD0000221,2022-07-12,20220712,CUS02175,5,,  Debit Card  ,Completed,541.5,270.0
ORD0001011,2022-07-12,20220712,CUS00597,1,EMP0028,Cash,Completed,400.0,180.0
ORD0004343,2022-07-12,20220712,CUS01533,8,EMP0142,Vodafone Cash,Completed,288.0,140.0
ORD0004157,2022-07-12,20220712,CUS00952,5,EMP0111,  Fawry  ,Completed,1422.0,740.0
ORD0007552,2022-07-12,20220712,CUS00563,4,EMP0090,Debit Card,Completed,26290.0,20930.0
ORD0001664,2022-07-12,20220712,CUS00148,11,EMP0166,Fawry,Completed,300.0,140.0
ORD0006653,2022-07-12,20220712,CUS00235,2,EMP0049,  Debit Card  ,Completed,2031.0,1020.0
ORD0011590,2022-07-12,20220712,CUS01514,1,EMP0022,Vodafone Cash,Completed,537.0,260.0
ORD0003682,2022-07-12,20220712,CUS01371,2,,InstaPay,Completed,450.0,220.0
ORD0011053,2022-07-12,20220712,CUS01433,7,EMP0136,Vodafone Cash,Completed,14310.0,12700.0
ORD0007944,2022-07-13,20220713,CUS01133,3,EMP0056,Debit Card,Completed,3320.0,1640.0
ORD0003596,2022-07-13,20220713,CUS02867,3,EMP0065,Vodafone Cash,Completed,480.0,230.0
ORD0010805,2022-07-13,20220713,CUS02638,11,EMP0167,Fawry,Completed,153.0,80.0
ORD0011598,2022-07-13,20220713,CUS01893,15,EMP0208,InstaPay,Completed,550.0,270.0
ORD0000215,2022-07-13,20220713,CUS01909,2,EMP0032,Fawry,Returned,290.0,170.0
ORD0002252,2022-07-13,20220713,CUS00761,14,EMP0196,Debit Card,Completed,216.0,120.0
ORD0007145,2022-07-13,20220713,CUS00240,7,EMP0130,Fawry,Completed,686.0,390.0
ORD0004702,2022-07-13,20220713,CUS00215,10,EMP0155,Debit Card,Completed,18217.0,20760.0
ORD0007404,2022-07-13,20220713,CUS00591,2,EMP0035,Fawry,Completed,1204.0,580.0
ORD0007010,2022-07-13,20220713,CUS02043,10,EMP0159,Credit Card,Completed,1560.0,1040.0
ORD0004313,2022-07-14,20220714,CUS01035,3,EMP0072,  Debit Card  ,Completed,6335.0,5190.0
ORD0010860,2022-07-14,20220714,CUS01695,4,,Cash,Completed,782.0,460.0
ORD0005812,2022-07-14,20220714,CUS00481,4,EMP0086,InstaPay,Returned,300.0,140.0
ORD0004831,2022-07-14,20220714,CUS01733,2,EMP0052,Debit Card,Completed,1440.0,880.0
ORD0004500,2022-07-14,20220714,CUS01739,7,EMP0136,Fawry,Completed,684.0,350.0
ORD0006250,2022-07-14,20220714,CUS00251,3,EMP0063,  Credit Card  ,Completed,2628.0,1370.0
ORD0004903,2022-07-14,20220714,CUS01642,3,EMP0055,Vodafone Cash,Completed,5909.0,5420.0
ORD0002289,2022-07-15,20220715,CUS02517,1,EMP0005,Cash,Completed,1356.0,710.0
ORD0010057,2022-07-15,20220715,CUS01438,3,EMP0056,Vodafone Cash,Completed,44800.0,35600.0
ORD0007024,2022-07-15,20220715,CUS00347,1,EMP0027,InstaPay,Returned,480.0,230.0
ORD0010305,2022-07-15,20220715,CUS00857,6,EMP0120,Debit Card,Completed,2877.0,1450.0
ORD0011465,2022-07-15,20220715,CUS00632,15,EMP0214,Vodafone Cash,Completed,2958.0,1520.0
ORD0003801,2022-07-15,20220715,CUS02951,1,EMP0026,Credit Card,Completed,982.0,530.0
ORD0005689,2022-07-15,20220715,CUS01507,2,EMP0042,Fawry,Completed,544.0,320.0
ORD0010628,2022-07-15,20220715,CUS01967,1,EMP0020,Credit Card,Completed,342.0,180.0
ORD0005254,2022-07-15,20220715,CUS02539,6,EMP0120,Cash,Completed,4317.0,2400.0
ORD0007150,2022-07-15,20220715,CUS00950,4,EMP0092,Cash,Completed,1603.0,740.0
ORD0001391,2022-07-15,20220715,CUS00497,2,EMP0036,Vodafone Cash,Completed,1309.0,780.0
ORD0010676,2022-07-15,20220715,CUS02457,6,EMP0124,Cash,Completed,1180.0,580.0
ORD0009086,2022-07-15,20220715,CUS01264,3,EMP0058,  Debit Card  ,Completed,456.0,220.0
ORD0008481,2022-07-16,20220716,CUS00205,6,EMP0120,  Debit Card  ,Returned,502.0,270.0
ORD0011613,2022-07-16,20220716,CUS01198,8,EMP0138,  Cash  ,Completed,12286.0,10370.0
ORD0004783,2022-07-16,20220716,CUS01525,12,EMP0180,InstaPay,Completed,350.0,170.0
ORD0009126,2022-07-16,20220716,CUS00509,13,EMP0190,Vodafone Cash,Completed,45170.0,39230.0
ORD0010235,2022-07-16,20220716,CUS02353,8,EMP0139,Vodafone Cash,Completed,1050.0,580.0
ORD0001564,2022-07-16,20220716,CUS01616,1,EMP0026,Fawry,Completed,22017.0,19200.0
ORD0003364,2022-07-16,20220716,CUS00270,4,EMP0093,Cash,Completed,2636.5,1440.0
ORD0001029,2022-07-16,20220716,CUS00824,9,EMP0149,Vodafone Cash,Completed,142.5,70.0
ORD0006151,2022-07-16,20220716,CUS00691,5,EMP0102,Debit Card,Completed,1517.0,840.0
ORD0001993,2022-07-17,20220717,CUS00260,3,EMP0067,Debit Card,Completed,28560.0,24930.0
ORD0007076,2022-07-17,20220717,CUS00661,3,EMP0069,Fawry,Returned,720.0,360.0
ORD0001456,2022-07-17,20220717,CUS00721,1,EMP0006,Fawry,Completed,362.5,200.0
ORD0008277,2022-07-17,20220717,CUS01685,3,,Vodafone Cash,Completed,570.0,280.0
ORD0003584,2022-07-17,20220717,CUS01401,1,EMP0012,Fawry,Completed,2334.0,1180.0
ORD0004225,2022-07-17,20220717,CUS02227,13,EMP0185,InstaPay,Completed,592.0,360.0
ORD0010309,2022-07-17,20220717,CUS00651,14,EMP0196,InstaPay,Completed,1762.0,940.0
ORD0011313,2022-07-17,20220717,CUS00794,7,EMP0130,  Cash  ,Completed,904.0,520.0
ORD0010711,2022-07-18,20220718,CUS02435,4,EMP0091,Vodafone Cash,Returned,29116.0,24350.0
ORD0000044,2022-07-18,20220718,CUS02507,4,EMP0084,Vodafone Cash,Completed,1848.0,980.0
ORD0000788,2022-07-18,20220718,CUS00133,4,EMP0090,Vodafone Cash,Completed,1333.5,720.0
ORD0002774,2022-07-18,20220718,CUS02272,9,EMP0147,Cash,Completed,817.0,420.0
ORD0008794,2022-07-18,20220718,CUS00825,2,EMP0039,Debit Card,Completed,1730.0,860.0
ORD0008170,2022-07-18,20220718,CUS00952,1,EMP0016,Debit Card,Completed,549.0,300.0
ORD0011484,2022-07-18,20220718,CUS02593,4,EMP0086,Credit Card,Completed,1232.0,660.0
ORD0006036,2022-07-18,20220718,CUS01401,9,EMP0147,Debit Card,Completed,280.0,140.0
ORD0000926,2022-07-18,20220718,CUS01578,1,,Vodafone Cash,Completed,144.0,70.0
ORD0000257,2022-07-18,20220718,CUS02032,8,EMP0139,Vodafone Cash,Completed,300.0,120.0
ORD0003255,2022-07-18,20220718,CUS02668,4,EMP0092,Debit Card,Completed,28785.0,24300.0
ORD0001212,2022-07-19,20220719,CUS00165,6,EMP0123,Cash,Returned,360.0,210.0
ORD0006836,2022-07-19,20220719,CUS01493,1,EMP0004,InstaPay,Completed,1702.0,920.0
ORD0002993,2022-07-19,20220719,CUS01020,4,EMP0081,Vodafone Cash,Cancelled,1759.0,870.0
ORD0001357,2022-07-19,20220719,CUS00561,2,EMP0044,Debit Card,Completed,6575.0,5150.0
ORD0007147,2022-07-19,20220719,CUS00220,10,EMP0162,Debit Card,Cancelled,39740.0,31570.0
ORD0000840,2022-07-19,20220719,CUS01060,8,EMP0140,InstaPay,Completed,150.0,70.0
ORD0000869,2022-07-19,20220719,CUS02747,7,EMP0128,Credit Card,Completed,270.0,130.0
ORD0004755,2022-07-19,20220719,CUS02354,2,EMP0048,Credit Card,Completed,890.0,870.0
ORD0007204,2022-07-19,20220719,CUS02139,3,EMP0063,  Cash  ,Completed,171.0,90.0
ORD0000832,2022-07-19,20220719,CUS01159,11,EMP0168,Cash,Returned,336.0,210.0
ORD0010763,2022-07-19,20220719,CUS01873,1,EMP0028,Vodafone Cash,Completed,180.5,90.0
ORD0001824,2022-07-20,20220720,CUS01524,4,EMP0091,  Credit Card  ,Completed,1769.0,990.0
ORD0007779,2022-07-20,20220720,CUS00147,11,EMP0172,Fawry,Completed,144.5,80.0
ORD0000336,2022-07-20,20220720,CUS00880,10,EMP0162,Debit Card,Returned,2135.0,1180.0
ORD0002603,2022-07-20,20220720,CUS02293,1,EMP0015,Debit Card,Completed,420.0,210.0
ORD0008565,2022-07-20,20220720,CUS00501,11,EMP0169,Vodafone Cash,Completed,13362.0,10590.0
ORD0003250,2022-07-20,20220720,CUS02434,1,EMP0016,InstaPay,Completed,453.0,230.0
ORD0005612,2022-07-20,20220720,CUS01314,13,EMP0188,Fawry,Completed,200.0,100.0
ORD0004880,2022-07-20,20220720,CUS00342,1,EMP0013,Debit Card,Completed,8322.0,6600.0
ORD0007014,2022-07-20,20220720,CUS00766,3,EMP0069,Credit Card,Completed,880.0,440.0
ORD0000983,2022-07-20,20220720,CUS01017,2,,Vodafone Cash,Completed,216.0,120.0
ORD0010307,2022-07-20,20220720,CUS00126,5,EMP0103,Credit Card,Completed,7800.0,6910.0
ORD0007213,2022-07-20,20220720,CUS01401,1,EMP0003,Fawry,Completed,285.0,140.0
ORD0001103,2022-07-21,20220721,CUS00709,5,EMP0105,Vodafone Cash,Completed,67.5,40.0
ORD0002582,2022-07-21,20220721,CUS00318,3,EMP0074,Debit Card,Completed,3688.0,1930.0
ORD0009620,2022-07-21,20220721,CUS00433,7,EMP0133,  Credit Card  ,Completed,17240.0,16200.0
ORD0002637,2022-07-21,20220721,CUS02270,6,EMP0122,InstaPay,Completed,656.5,330.0
ORD0002265,2022-07-21,20220721,CUS02109,15,EMP0205,Fawry,Cancelled,2235.0,1080.0
ORD0000950,2022-07-21,20220721,CUS02900,2,EMP0033,Cash,Completed,680.0,310.0
ORD0005368,2022-07-21,20220721,CUS00797,10,EMP0163,Credit Card,Completed,2200.0,1700.0
ORD0002108,2022-07-21,20220721,CUS01665,1,EMP0025,Fawry,Completed,2482.5,2090.0
ORD0001849,2022-07-21,20220721,CUS02031,10,EMP0159,  Debit Card  ,Completed,24199.5,19300.0
ORD0009051,2022-07-21,20220721,CUS01687,3,EMP0062,  Debit Card  ,Completed,352.0,200.0
ORD0003639,2022-07-21,20220721,CUS01535,1,EMP0016,Debit Card,Completed,243.0,120.0
ORD0005846,2022-07-21,20220721,CUS02431,9,EMP0148,Vodafone Cash,Completed,2564.0,1450.0
ORD0001336,2022-07-22,20220722,CUS01823,1,EMP0004,Fawry,Returned,432.0,230.0
ORD0001602,2022-07-22,20220722,CUS00994,10,EMP0154,Debit Card,Completed,304.0,140.0
ORD0010253,2022-07-22,20220722,CUS02771,3,EMP0072,Fawry,Returned,720.0,340.0
ORD0005357,2022-07-22,20220722,CUS02878,3,EMP0077,  Debit Card  ,Completed,2763.5,1420.0
ORD0009756,2022-07-22,20220722,CUS02215,11,EMP0173,InstaPay,Completed,925.0,920.0
ORD0005349,2022-07-22,20220722,CUS00092,4,EMP0080,Credit Card,Completed,1510.0,740.0
ORD0008444,2022-07-22,20220722,CUS01639,4,EMP0085,  Debit Card  ,Completed,24230.0,21270.0
ORD0000225,2022-07-22,20220722,CUS00738,2,EMP0049,Vodafone Cash,Completed,936.0,480.0
ORD0005146,2022-07-22,20220722,CUS01670,1,EMP0008,Credit Card,Completed,1205.0,630.0
ORD0008614,2022-07-22,20220722,CUS02281,14,EMP0200,Debit Card,Completed,2244.0,1300.0
ORD0002362,2022-07-22,20220722,CUS02563,2,EMP0037,Vodafone Cash,Completed,392.0,230.0
ORD0004596,2022-07-23,20220723,CUS01258,15,EMP0211,Vodafone Cash,Cancelled,1216.0,880.0
ORD0004490,2022-07-23,20220723,CUS00117,11,EMP0166,Debit Card,Completed,10900.0,8700.0
ORD0000193,2022-07-23,20220723,CUS02824,14,EMP0194,Credit Card,Completed,1500.0,740.0
ORD0003984,2022-07-23,20220723,CUS02350,11,EMP0168,InstaPay,Completed,90.0,40.0
ORD0003877,2022-07-23,20220723,CUS01075,2,EMP0054,Fawry,Completed,1525.5,770.0
ORD0009797,2022-07-23,20220723,CUS00958,11,EMP0171,Cash,Completed,576.0,280.0
ORD0003676,2022-07-23,20220723,CUS00835,12,EMP0179,Fawry,Completed,480.0,210.0
ORD0005874,2022-07-23,20220723,CUS00615,1,EMP0026,Fawry,Returned,160.0,70.0
ORD0000392,2022-07-23,20220723,CUS00013,13,EMP0187,  Cash  ,Completed,300.0,140.0
ORD0004674,2022-07-23,20220723,CUS02264,5,EMP0111,  InstaPay  ,Completed,240.0,140.0
ORD0009385,2022-07-24,20220724,CUS01571,4,EMP0082,Fawry,Completed,3720.0,2080.0
ORD0000974,2022-07-24,20220724,CUS01120,8,EMP0143,Vodafone Cash,Completed,1032.0,540.0
ORD0009833,2022-07-24,20220724,CUS01855,3,EMP0062,Cash,Returned,3300.0,1620.0
ORD0000089,2022-07-24,20220724,CUS02249,6,EMP0125,  Debit Card  ,Completed,945.0,620.0
ORD0005405,2022-07-24,20220724,CUS00461,4,,Vodafone Cash,Completed,342.0,160.0
ORD0000315,2022-07-24,20220724,CUS01745,2,EMP0053,  Cash  ,Cancelled,1425.0,720.0
ORD0008405,2022-07-24,20220724,CUS02500,11,EMP0171,Fawry,Completed,742.0,370.0
ORD0010836,2022-07-24,20220724,CUS00663,7,EMP0129,  Fawry  ,Cancelled,1360.0,650.0
ORD0004535,2022-07-24,20220724,CUS00665,11,EMP0172,InstaPay,Returned,38766.0,30540.0
ORD0005999,2022-07-25,20220725,CUS00029,1,EMP0004,Fawry,Completed,1760.0,1240.0
ORD0011764,2022-07-25,20220725,CUS00326,4,EMP0082,Credit Card,Completed,430.0,210.0
ORD0003958,2022-07-25,20220725,CUS00900,8,EMP0141,InstaPay,Completed,800.0,360.0
ORD0004105,2022-07-25,20220725,CUS02520,2,EMP0035,Credit Card,Completed,1062.0,560.0
ORD0004537,2022-07-25,20220725,CUS01295,10,EMP0162,Vodafone Cash,Completed,126.0,70.0
ORD0005887,2022-07-25,20220725,CUS02574,9,EMP0149,Fawry,Cancelled,600.0,300.0
ORD0004185,2022-07-25,20220725,CUS02950,2,EMP0049,Cash,Completed,216.0,120.0
ORD0011189,2022-07-25,20220725,CUS02934,3,EMP0063,Credit Card,Completed,6140.0,5690.0
ORD0007896,2022-07-25,20220725,CUS00656,2,,Debit Card,Completed,987.0,530.0
ORD0007626,2022-07-26,20220726,CUS00611,7,EMP0131,InstaPay,Completed,112.0,70.0
ORD0005077,2022-07-26,20220726,CUS02619,6,EMP0119,Cash,Completed,1255.0,640.0
ORD0005845,2022-07-26,20220726,CUS01669,1,EMP0026,Fawry,Completed,430.0,210.0
ORD0008963,2022-07-26,20220726,CUS00558,3,EMP0059,Credit Card,Completed,1852.0,1060.0
ORD0004845,2022-07-26,20220726,CUS00202,11,,Vodafone Cash,Completed,2244.0,1200.0
ORD0009750,2022-07-26,20220726,CUS00449,3,EMP0067,InstaPay,Completed,38340.0,35440.0
ORD0001645,2022-07-26,20220726,CUS00576,8,EMP0142,Vodafone Cash,Completed,2851.5,1510.0
ORD0011101,2022-07-26,20220726,CUS00193,8,EMP0137,Debit Card,Completed,3200.0,3200.0
ORD0003979,2022-07-26,20220726,CUS00510,10,EMP0158,InstaPay,Completed,199.5,100.0
ORD0000705,2022-07-27,20220727,CUS02333,14,EMP0199,Vodafone Cash,Completed,152.0,70.0
ORD0004060,2022-07-27,20220727,CUS00042,13,EMP0189,Debit Card,Completed,872.5,470.0
ORD0008589,2022-07-27,20220727,CUS02607,10,EMP0154,InstaPay,Completed,8729.5,7700.0
ORD0008793,2022-07-27,20220727,CUS01035,15,EMP0213,Credit Card,Completed,596.0,340.0
ORD0003911,2022-07-27,20220727,CUS00714,4,EMP0079,Fawry,Completed,760.0,380.0
ORD0003157,2022-07-27,20220727,CUS02709,10,EMP0159,Debit Card,Completed,5320.0,4500.0
ORD0000833,2022-07-27,20220727,CUS00905,11,EMP0166,Debit Card,Completed,18500.0,14800.0
ORD0010022,2022-07-27,20220727,CUS01767,12,EMP0178,Credit Card,Completed,2346.0,1270.0
ORD0009411,2022-07-27,20220727,CUS01398,7,EMP0134,Fawry,Completed,228.0,110.0
ORD0002567,2022-07-27,20220727,CUS02390,8,EMP0140,Debit Card,Completed,1272.5,690.0
ORD0008825,2022-07-27,20220727,CUS01717,11,EMP0167,Cash,Completed,10000.0,8000.0
ORD0002909,2022-07-28,20220728,CUS01189,2,EMP0029,Fawry,Completed,5600.0,4500.0
ORD0005088,2022-07-28,20220728,CUS01986,9,EMP0146,  Debit Card  ,Completed,357.0,200.0
ORD0008128,2022-07-28,20220728,CUS02463,4,EMP0080,Cash,Completed,17975.0,18700.0
ORD0000657,2022-07-28,20220728,CUS00070,3,EMP0068,  Fawry  ,Completed,852.0,420.0
ORD0010985,2022-07-28,20220728,CUS01815,14,EMP0196,Cash,Completed,170.0,80.0
ORD0000395,2022-07-28,20220728,CUS00816,13,EMP0191,InstaPay,Completed,2748.0,1560.0
ORD0004330,2022-07-28,20220728,CUS01441,6,EMP0114,  Cash  ,Completed,2563.5,1400.0
ORD0005168,2022-07-28,20220728,CUS02028,8,EMP0139,Cash,Completed,760.5,430.0
ORD0011150,2022-07-28,20220728,CUS02439,2,EMP0045,Cash,Completed,360.0,230.0
ORD0006123,2022-07-28,20220728,CUS00633,7,EMP0130,Fawry,Completed,1740.0,850.0
ORD0003269,2022-07-28,20220728,CUS02472,3,EMP0064,Fawry,Completed,1223.0,610.0
ORD0009861,2022-07-28,20220728,CUS01237,3,EMP0060,Vodafone Cash,Completed,19080.0,16660.0
ORD0011972,2022-07-28,20220728,CUS01098,5,EMP0108,InstaPay,Completed,950.0,460.0
ORD0006946,2022-07-28,20220728,CUS02277,2,EMP0052,Fawry,Completed,100.0,40.0
ORD0007323,2022-07-29,20220729,CUS00142,14,EMP0197,Vodafone Cash,Completed,3514.0,1760.0
ORD0011705,2022-07-29,20220729,CUS02268,13,EMP0191,Cash,Completed,1137.0,590.0
ORD0009862,2022-07-29,20220729,CUS01976,14,EMP0203,InstaPay,Completed,31108.0,25130.0
ORD0011784,2022-07-29,20220729,CUS02368,6,EMP0123,  Credit Card  ,Returned,8455.0,7100.0
ORD0002573,2022-07-29,20220729,CUS02240,11,EMP0166,Cash,Completed,7600.0,6400.0
ORD0009838,2022-07-29,20220729,CUS01505,4,,InstaPay,Completed,26947.0,21260.0
ORD0007533,2022-07-29,20220729,CUS02403,14,EMP0194,Credit Card,Completed,468.0,260.0
ORD0009655,2022-07-29,20220729,CUS02029,3,EMP0077,Debit Card,Completed,260.0,130.0
ORD0004056,2022-07-29,20220729,CUS02164,1,EMP0018,Fawry,Completed,120.0,70.0
ORD0007403,2022-07-29,20220729,CUS01226,2,EMP0049,Fawry,Completed,304.0,140.0
ORD0000007,2022-07-29,20220729,CUS02742,13,EMP0187,Credit Card,Completed,29610.0,26300.0
ORD0004723,2022-07-29,20220729,CUS00420,1,EMP0027,Vodafone Cash,Completed,840.0,470.0
ORD0001878,2022-07-29,20220729,CUS00889,8,EMP0144,InstaPay,Completed,588.0,330.0
ORD0001004,2022-07-30,20220730,CUS02630,2,EMP0031,Fawry,Completed,41751.0,40870.0
ORD0009889,2022-07-30,20220730,CUS01182,14,EMP0203,Credit Card,Completed,6700.0,5320.0
ORD0005539,2022-07-30,20220730,CUS02430,4,EMP0081,Credit Card,Completed,680.0,380.0
ORD0008349,2022-07-30,20220730,CUS00272,2,EMP0047,Cash,Completed,1160.0,590.0
ORD0007402,2022-07-30,20220730,CUS01443,3,EMP0064,Debit Card,Completed,13961.5,10030.0
ORD0010796,2022-07-30,20220730,CUS01702,12,EMP0179,Vodafone Cash,Completed,1074.0,530.0
ORD0005963,2022-07-30,20220730,CUS00622,4,EMP0081,Debit Card,Returned,640.0,350.0
ORD0002360,2022-07-30,20220730,CUS00938,5,EMP0110,Vodafone Cash,Completed,483.0,270.0
ORD0005413,2022-07-30,20220730,CUS00426,3,EMP0071,  Cash  ,Completed,441.0,220.0
ORD0006879,2022-07-31,20220731,CUS00277,9,EMP0147,  InstaPay  ,Completed,6100.0,4900.0
ORD0005006,2022-07-31,20220731,CUS01171,3,EMP0062,Vodafone Cash,Completed,9760.0,9800.0
ORD0004959,2022-07-31,20220731,CUS01928,2,EMP0035,InstaPay,Completed,161.5,80.0
ORD0009933,2022-07-31,20220731,CUS00431,5,EMP0098,Debit Card,Completed,2000.0,1600.0
ORD0005316,2022-07-31,20220731,CUS00398,3,EMP0061,Fawry,Completed,1400.0,680.0
ORD0002133,2022-07-31,20220731,CUS01919,1,EMP0018,Credit Card,Completed,405.0,260.0
ORD0008253,2022-07-31,20220731,CUS02671,13,EMP0190,  Credit Card  ,Completed,1200.0,600.0
ORD0003438,2022-07-31,20220731,CUS02643,1,EMP0016,Credit Card,Completed,1470.5,720.0
ORD0008688,2022-07-31,20220731,CUS01224,9,EMP0145,Credit Card,Completed,935.0,460.0
ORD0001454,2022-07-31,20220731,CUS02799,11,EMP0172,Debit Card,Completed,1250.0,590.0
ORD0005677,2022-07-31,20220731,CUS02282,2,EMP0036,Cash,Completed,144.0,80.0
ORD0003910,2022-07-31,20220731,CUS02530,5,EMP0101,Credit Card,Completed,3744.0,3270.0
ORD0010723,2022-07-31,20220731,CUS01566,2,EMP0049,Fawry,Completed,462.0,220.0
ORD0004703,2022-07-31,20220731,CUS00907,7,EMP0128,Cash,Completed,600.0,300.0
ORD0007657,2022-08-01,20220801,CUS01399,4,EMP0086,InstaPay,Completed,8306.5,6560.0
ORD0000091,2022-08-01,20220801,CUS01290,4,,Cash,Completed,378.0,200.0
ORD0003848,2022-08-01,20220801,CUS01462,4,EMP0093,  Vodafone Cash  ,Completed,705.5,410.0
ORD0011631,2022-08-01,20220801,CUS00719,12,EMP0175,InstaPay,Completed,1788.5,950.0
ORD0009182,2022-08-01,20220801,CUS01994,12,EMP0175,Debit Card,Completed,320.0,140.0
ORD0003038,2022-08-01,20220801,CUS00011,12,EMP0184,Fawry,Completed,100.0,40.0
ORD0000249,2022-08-01,20220801,CUS00574,12,EMP0178,Credit Card,Completed,666.0,360.0
ORD0003750,2022-08-01,20220801,CUS02319,4,EMP0083,Fawry,Completed,228.0,120.0
ORD0006980,2022-08-01,20220801,CUS01417,7,EMP0129,Fawry,Completed,1677.0,890.0
ORD0008920,2022-08-01,20220801,CUS00848,12,EMP0180,  Fawry  ,Completed,1140.0,580.0
ORD0003769,2022-08-01,20220801,CUS00041,12,EMP0179,Fawry,Completed,606.5,340.0
ORD0010965,2022-08-01,20220801,CUS00736,10,EMP0160,Vodafone Cash,Cancelled,405.5,200.0
ORD0005402,2022-08-01,20220801,CUS02793,14,EMP0195,Debit Card,Completed,260.0,130.0
ORD0003802,2022-08-01,20220801,CUS02544,1,EMP0009,  InstaPay  ,Returned,49106.0,39370.0
ORD0004331,2022-08-01,20220801,CUS02847,2,EMP0049,InstaPay,Completed,864.0,460.0
ORD0011954,2022-08-01,20220801,CUS01789,3,EMP0069,Cash,Completed,503.5,260.0
ORD0010495,2022-08-01,20220801,CUS00501,8,EMP0137,InstaPay,Completed,510.0,300.0
ORD0010504,2022-08-01,20220801,CUS01870,1,EMP0008,Credit Card,Completed,2598.5,1320.0
ORD0011718,2022-08-02,20220802,CUS01020,13,EMP0187,Debit Card,Completed,11360.0,8970.0
ORD0006960,2022-08-02,20220802,CUS02782,2,EMP0040,InstaPay,Completed,1171.5,660.0
ORD0009579,2022-08-02,20220802,CUS01537,4,EMP0085,InstaPay,Completed,2295.0,1260.0
ORD0007708,2022-08-02,20220802,CUS01497,5,EMP0106,InstaPay,Returned,1256.0,690.0
ORD0010978,2022-08-02,20220802,CUS01629,3,EMP0070,Credit Card,Completed,800.0,360.0
ORD0002829,2022-08-02,20220802,CUS00012,3,EMP0072,Fawry,Completed,530.0,250.0
ORD0003542,2022-08-02,20220802,CUS02436,11,EMP0166,  Fawry  ,Completed,401.0,210.0
ORD0000848,2022-08-02,20220802,CUS01434,6,EMP0115,Cash,Returned,1672.0,960.0
ORD0002711,2022-08-02,20220802,CUS01741,2,EMP0039,Fawry,Completed,123.5,60.0
ORD0005679,2022-08-03,20220803,CUS01809,5,EMP0104,Fawry,Returned,13360.0,10580.0
ORD0007755,2022-08-03,20220803,CUS02365,2,EMP0049,Cash,Completed,240.0,120.0
ORD0003930,2022-08-03,20220803,CUS02518,7,,Cash,Completed,5900.0,4700.0
ORD0000406,2022-08-03,20220803,CUS01073,11,EMP0167,Cash,Completed,345.5,180.0
ORD0008666,2022-08-03,20220803,CUS02488,3,EMP0069,InstaPay,Completed,180.0,90.0
ORD0008557,2022-08-03,20220803,CUS01882,12,EMP0181,  Cash  ,Completed,1670.0,910.0
ORD0001253,2022-08-03,20220803,CUS00411,3,EMP0057,Credit Card,Completed,1776.0,930.0
ORD0006146,2022-08-03,20220803,CUS02654,4,EMP0086,Fawry,Completed,558.0,300.0
ORD0002399,2022-08-03,20220803,CUS02787,4,EMP0092,Credit Card,Completed,1735.0,960.0
ORD0009208,2022-08-03,20220803,CUS01329,6,EMP0126,  Vodafone Cash  ,Completed,373.0,180.0
ORD0003688,2022-08-03,20220803,CUS00693,3,EMP0060,  Vodafone Cash  ,Completed,1609.0,800.0
ORD0000287,2022-08-03,20220803,CUS01623,4,EMP0090,  Cash  ,Completed,8120.0,6000.0
ORD0008886,2022-08-03,20220803,CUS00565,1,EMP0017,InstaPay,Cancelled,493.0,280.0
ORD0008924,2022-08-03,20220803,CUS02975,15,,  Vodafone Cash  ,Completed,72.0,40.0
ORD0008478,2022-08-04,20220804,CUS00211,9,EMP0146,Debit Card,Completed,1421.0,850.0
ORD0004231,2022-08-04,20220804,CUS01629,1,EMP0006,InstaPay,Completed,310.0,150.0
ORD0011983,2022-08-04,20220804,CUS00277,15,EMP0207,Fawry,Completed,1870.0,930.0
ORD0004526,2022-08-04,20220804,CUS01463,6,EMP0119,InstaPay,Returned,980.0,480.0
ORD0007365,2022-08-04,20220804,CUS00865,1,EMP0019,InstaPay,Completed,382.0,200.0
ORD0009660,2022-08-04,20220804,CUS01393,11,EMP0170,  Cash  ,Completed,600.0,300.0
ORD0011039,2022-08-04,20220804,CUS00442,5,EMP0112,Credit Card,Completed,41814.0,36450.0
ORD0001526,2022-08-04,20220804,CUS01547,4,EMP0090,Credit Card,Completed,33472.5,29680.0
ORD0009945,2022-08-04,20220804,CUS02698,2,EMP0033,InstaPay,Completed,445.0,190.0
ORD0005524,2022-08-04,20220804,CUS02563,4,EMP0079,Debit Card,Returned,684.0,360.0
ORD0010587,2022-08-04,20220804,CUS00091,14,EMP0196,  Fawry  ,Completed,1002.0,500.0
ORD0001653,2022-08-04,20220804,CUS00652,5,EMP0095,Cash,Returned,1532.0,820.0
ORD0009549,2022-08-04,20220804,CUS01916,7,EMP0136,Vodafone Cash,Completed,1690.0,890.0
ORD0000596,2022-08-04,20220804,CUS01236,7,EMP0136,Debit Card,Completed,136.0,80.0
ORD0005007,2022-08-04,20220804,CUS01734,10,EMP0159,InstaPay,Completed,144.0,70.0
ORD0008760,2022-08-04,20220804,CUS02881,5,EMP0101,Cash,Completed,1066.0,560.0
ORD0006600,2022-08-04,20220804,CUS00636,4,EMP0086,  InstaPay  ,Completed,1416.0,690.0
ORD0005431,2022-08-05,20220805,CUS01254,2,EMP0042,Fawry,Completed,600.0,280.0
ORD0011863,2022-08-05,20220805,CUS01402,1,EMP0009,Vodafone Cash,Completed,2368.5,1230.0
ORD0007132,2022-08-05,20220805,CUS02891,2,EMP0032,Cash,Completed,321.0,160.0
ORD0009883,2022-08-05,20220805,CUS00334,5,EMP0112,Debit Card,Completed,16861.0,13540.0
ORD0008950,2022-08-05,20220805,CUS01706,9,EMP0150,Credit Card,Completed,40544.0,32000.0
ORD0009968,2022-08-05,20220805,CUS01000,9,EMP0145,Cash,Completed,900.0,440.0
ORD0011859,2022-08-05,20220805,CUS00993,6,EMP0115,Credit Card,Completed,13970.0,10580.0
ORD0007464,2022-08-05,20220805,CUS01939,13,EMP0188,Cash,Completed,1490.0,720.0
ORD0002679,2022-08-05,20220805,CUS00920,8,EMP0143,  Debit Card  ,Completed,240.0,120.0
ORD0008758,2022-08-05,20220805,CUS02087,11,EMP0166,Vodafone Cash,Completed,4330.0,4160.0
ORD0002655,2022-08-05,20220805,CUS00320,1,EMP0003,  Vodafone Cash  ,Completed,570.0,270.0
ORD0006731,2022-08-06,20220806,CUS01438,1,EMP0021,Vodafone Cash,Completed,216.0,120.0
ORD0007653,2022-08-06,20220806,CUS01265,12,EMP0177,InstaPay,Completed,304.0,160.0
ORD0003762,2022-08-06,20220806,CUS02784,2,EMP0037,Vodafone Cash,Completed,1040.0,500.0
ORD0007283,2022-08-06,20220806,CUS01390,13,EMP0192,InstaPay,Completed,304.0,160.0
ORD0009268,2022-08-06,20220806,CUS01380,3,EMP0077,Vodafone Cash,Completed,304.5,180.0
ORD0003023,2022-08-06,20220806,CUS02135,12,EMP0181,Fawry,Completed,8900.0,7100.0
ORD0002274,2022-08-06,20220806,CUS00406,10,EMP0157,Cash,Completed,1040.0,520.0
ORD0003673,2022-08-06,20220806,CUS00054,2,EMP0052,Debit Card,Completed,391.0,220.0
ORD0008069,2022-08-06,20220806,CUS02923,5,EMP0110,Cash,Completed,2075.0,1260.0
ORD0005245,2022-08-06,20220806,CUS02224,3,EMP0061,Cash,Completed,55500.0,44400.0
ORD0000624,2022-08-06,20220806,CUS02895,12,EMP0182,Credit Card,Completed,1269.0,690.0
ORD0006313,2022-08-06,20220806,CUS00304,8,EMP0140,Debit Card,Completed,1800.0,1600.0
ORD0003135,2022-08-07,20220807,CUS02330,1,,  InstaPay  ,Returned,501.5,290.0
ORD0010192,2022-08-07,20220807,CUS02410,3,EMP0055,InstaPay,Completed,2284.0,1130.0
ORD0009823,2022-08-07,20220807,CUS00380,2,EMP0044,  Vodafone Cash  ,Completed,680.0,340.0
ORD0010067,2022-08-07,20220807,CUS02174,6,EMP0118,Credit Card,Completed,990.0,480.0
ORD0011423,2022-08-07,20220807,CUS02293,7,EMP0128,InstaPay,Completed,2422.5,1260.0
ORD0002146,2022-08-07,20220807,CUS01864,12,EMP0176,  Fawry  ,Completed,270.0,120.0
ORD0010536,2022-08-07,20220807,CUS02357,2,EMP0043,  InstaPay  ,Completed,20044.0,18480.0
ORD0005322,2022-08-07,20220807,CUS02247,8,EMP0141,Credit Card,Completed,2222.0,1160.0
ORD0011473,2022-08-07,20220807,CUS00989,1,EMP0002,Credit Card,Completed,408.5,210.0
ORD0011187,2022-08-07,20220807,CUS00320,4,EMP0086,  Debit Card  ,Completed,170.0,80.0
ORD0003543,2022-08-07,20220807,CUS00377,14,EMP0196,Vodafone Cash,Completed,240.0,120.0
ORD0009700,2022-08-07,20220807,CUS01708,1,EMP0021,Cash,Completed,756.0,420.0
ORD0006293,2022-08-07,20220807,CUS02607,5,EMP0100,Debit Card,Completed,150.0,70.0
ORD0000751,2022-08-08,20220808,CUS02936,13,EMP0185,Fawry,Completed,698.0,350.0
ORD0005880,2022-08-08,20220808,CUS01649,2,EMP0041,Vodafone Cash,Completed,3672.0,2040.0
ORD0005416,2022-08-08,20220808,CUS01678,1,EMP0018,Cash,Completed,462.0,230.0
ORD0001222,2022-08-08,20220808,CUS01245,6,EMP0116,Cash,Completed,428.0,200.0
ORD0011256,2022-08-08,20220808,CUS01515,13,EMP0188,Cash,Completed,1225.5,640.0
ORD0002730,2022-08-08,20220808,CUS00101,13,EMP0188,Credit Card,Completed,2837.5,1770.0
ORD0004386,2022-08-08,20220808,CUS00431,3,,Credit Card,Completed,540.0,300.0
ORD0008187,2022-08-08,20220808,CUS02854,1,EMP0028,  Vodafone Cash  ,Completed,399.0,210.0
ORD0007595,2022-08-08,20220808,CUS01546,12,EMP0177,  Credit Card  ,Completed,2726.0,1380.0
ORD0008972,2022-08-09,20220809,CUS00586,3,EMP0064,InstaPay,Completed,20045.0,16010.0
ORD0001060,2022-08-09,20220809,CUS02997,15,EMP0210,  Credit Card  ,Completed,1269.0,700.0
ORD0007573,2022-08-09,20220809,CUS01402,3,EMP0073,Debit Card,Cancelled,168.0,100.0
ORD0006306,2022-08-09,20220809,CUS00167,2,EMP0049,InstaPay,Returned,333.0,180.0
ORD0005221,2022-08-09,20220809,CUS02191,12,EMP0174,Fawry,Completed,1102.0,550.0
ORD0009554,2022-08-09,20220809,CUS00131,7,EMP0132,InstaPay,Completed,7244.5,6830.0
ORD0000902,2022-08-09,20220809,CUS02078,3,EMP0060,Credit Card,Completed,405.0,220.0
ORD0006588,2022-08-09,20220809,CUS02428,4,EMP0082,  Fawry  ,Completed,418.5,230.0
ORD0010724,2022-08-09,20220809,CUS02430,2,EMP0030,Fawry,Completed,3740.0,1880.0
ORD0004743,2022-08-09,20220809,CUS00726,9,EMP0150,Debit Card,Completed,1000.0,800.0
ORD0009832,2022-08-09,20220809,CUS02379,2,EMP0049,Vodafone Cash,Returned,405.0,210.0
ORD0004520,2022-08-09,20220809,CUS00476,1,EMP0002,Vodafone Cash,Completed,189.0,100.0
ORD0008065,2022-08-10,20220810,CUS02772,1,EMP0014,Credit Card,Completed,171.0,90.0
ORD0002066,2022-08-10,20220810,CUS01659,1,EMP0028,Debit Card,Completed,10246.0,8670.0
ORD0008448,2022-08-10,20220810,CUS01284,4,EMP0084,InstaPay,Completed,1023.0,530.0
ORD0004139,2022-08-10,20220810,CUS01660,7,EMP0132,InstaPay,Completed,350.0,170.0
ORD0004069,2022-08-10,20220810,CUS02198,2,EMP0042,Cash,Completed,810.0,380.0
ORD0010699,2022-08-10,20220810,CUS01056,2,EMP0033,Cash,Completed,1688.0,1340.0
ORD0009611,2022-08-10,20220810,CUS00221,3,EMP0071,Debit Card,Completed,290.0,140.0
ORD0001369,2022-08-10,20220810,CUS02214,2,EMP0036,Debit Card,Completed,13950.0,14900.0
ORD0005515,2022-08-10,20220810,CUS01373,3,EMP0055,Credit Card,Completed,480.0,240.0
ORD0003161,2022-08-10,20220810,CUS01900,2,EMP0036,Cash,Completed,1781.5,880.0
ORD0011213,2022-08-10,20220810,CUS00568,3,EMP0060,Debit Card,Completed,957.0,490.0
ORD0011453,2022-08-10,20220810,CUS01038,4,EMP0079,  Debit Card  ,Completed,15000.0,12000.0
ORD0001980,2022-08-10,20220810,CUS01130,1,EMP0017,Cash,Completed,830.0,410.0
ORD0005645,2022-08-10,20220810,CUS02921,5,EMP0106,Debit Card,Completed,120.0,70.0
ORD0000726,2022-08-10,20220810,CUS02054,13,EMP0189,Credit Card,Completed,2736.0,1400.0
ORD0010615,2022-08-10,20220810,CUS02283,5,EMP0098,Fawry,Completed,567.0,310.0
ORD0001169,2022-08-10,20220810,CUS01489,3,EMP0073,Vodafone Cash,Completed,669.0,340.0
ORD0002135,2022-08-10,20220810,CUS00199,14,EMP0199,Debit Card,Completed,3240.0,2800.0
ORD0008393,2022-08-11,20220811,CUS00177,7,EMP0130,InstaPay,Completed,5566.0,4440.0
ORD0003652,2022-08-11,20220811,CUS02855,12,EMP0175,Fawry,Completed,1754.5,900.0
ORD0004654,2022-08-11,20220811,CUS02963,11,EMP0165,Vodafone Cash,Completed,499.0,320.0
ORD0005319,2022-08-11,20220811,CUS02846,12,EMP0181,Fawry,Completed,5490.0,4900.0
ORD0009011,2022-08-11,20220811,CUS01123,14,EMP0202,  Vodafone Cash  ,Completed,170.0,80.0
ORD0002419,2022-08-11,20220811,CUS02115,5,EMP0107,InstaPay,Completed,14384.5,11060.0
ORD0008590,2022-08-11,20220811,CUS00199,8,EMP0137,Credit Card,Completed,5292.0,4330.0
ORD0005342,2022-08-11,20220811,CUS01891,6,EMP0121,Debit Card,Completed,380.0,200.0
ORD0001794,2022-08-11,20220811,CUS02503,3,EMP0064,Credit Card,Completed,285.0,200.0
ORD0011390,2022-08-11,20220811,CUS00214,3,EMP0070,Debit Card,Completed,1335.0,680.0
ORD0010304,2022-08-11,20220811,CUS00877,11,EMP0166,  Cash  ,Completed,805.0,440.0
ORD0001321,2022-08-11,20220811,CUS02106,6,EMP0124,InstaPay,Completed,1088.0,590.0
ORD0001319,2022-08-11,20220811,CUS02503,4,EMP0088,Fawry,Completed,13085.0,12940.0
ORD0001425,2022-08-11,20220811,CUS01570,3,EMP0070,Debit Card,Completed,2187.5,1140.0
ORD0010626,2022-08-11,20220811,CUS02820,4,EMP0080,Fawry,Completed,960.0,510.0
ORD0004724,2022-08-12,20220812,CUS02340,10,EMP0163,  InstaPay  ,Completed,1553.0,940.0
ORD0000913,2022-08-12,20220812,CUS00359,1,EMP0001,  InstaPay  ,Completed,1830.0,890.0
ORD0008518,2022-08-12,20220812,CUS02429,2,EMP0035,Debit Card,Completed,31110.0,29400.0
ORD0000789,2022-08-12,20220812,CUS01410,1,EMP0001,  Credit Card  ,Completed,360.0,180.0
ORD0006995,2022-08-12,20220812,CUS02146,1,,Cash,Returned,90.0,40.0
ORD0001988,2022-08-12,20220812,CUS00465,6,,InstaPay,Completed,1529.0,820.0
ORD0007193,2022-08-12,20220812,CUS00495,1,EMP0012,Cash,Completed,948.0,500.0
ORD0005203,2022-08-12,20220812,CUS02933,14,EMP0195,Credit Card,Completed,628.5,360.0
ORD0003772,2022-08-12,20220812,CUS00064,12,EMP0179,  Fawry  ,Completed,768.0,450.0
ORD0006215,2022-08-12,20220812,CUS00014,1,EMP0022,InstaPay,Completed,1876.0,940.0
ORD0001614,2022-08-12,20220812,CUS01995,1,EMP0012,Cash,Completed,600.0,390.0
ORD0000998,2022-08-12,20220812,CUS00689,4,EMP0081,Debit Card,Returned,2082.0,1080.0
ORD0010050,2022-08-12,20220812,CUS03000,5,EMP0110,  Credit Card  ,Completed,204.0,120.0
ORD0011585,2022-08-13,20220813,CUS01888,10,EMP0157,  InstaPay  ,Completed,792.0,440.0
ORD0007524,2022-08-13,20220813,CUS02621,4,EMP0082,Credit Card,Completed,45111.0,37160.0
ORD0007937,2022-08-13,20220813,CUS02075,13,EMP0189,Fawry,Completed,4005.5,3010.0
ORD0010018,2022-08-13,20220813,CUS00852,5,EMP0096,Fawry,Completed,1258.0,740.0
ORD0000529,2022-08-13,20220813,CUS01653,14,EMP0198,Vodafone Cash,Completed,566.0,290.0
ORD0006368,2022-08-13,20220813,CUS00224,11,EMP0168,Debit Card,Completed,1260.0,750.0
ORD0008358,2022-08-13,20220813,CUS01247,13,EMP0185,Credit Card,Completed,20433.0,16640.0
ORD0006835,2022-08-13,20220813,CUS01194,1,EMP0022,Fawry,Cancelled,1737.0,850.0
ORD0005752,2022-08-14,20220814,CUS02456,2,EMP0047,InstaPay,Completed,35296.5,30000.0
ORD0009453,2022-08-14,20220814,CUS02158,1,EMP0012,Cash,Completed,90.0,50.0
ORD0008345,2022-08-14,20220814,CUS00809,3,EMP0071,Debit Card,Completed,1411.0,820.0
ORD0011696,2022-08-14,20220814,CUS01600,3,EMP0071,Vodafone Cash,Returned,3930.0,3040.0
ORD0004402,2022-08-14,20220814,CUS00433,8,EMP0144,  Cash  ,Completed,470.0,230.0
ORD0008730,2022-08-14,20220814,CUS00574,1,EMP0010,Credit Card,Completed,1749.0,870.0
ORD0003653,2022-08-14,20220814,CUS01757,3,EMP0058,  Cash  ,Completed,1335.0,790.0
ORD0009119,2022-08-14,20220814,CUS01439,10,EMP0160,Debit Card,Completed,12000.0,9600.0
ORD0007822,2022-08-14,20220814,CUS01964,1,EMP0003,  Fawry  ,Completed,1849.0,910.0
ORD0002193,2022-08-14,20220814,CUS01506,10,EMP0153,Cash,Completed,612.0,340.0
ORD0004065,2022-08-15,20220815,CUS00244,1,EMP0003,InstaPay,Completed,704.0,440.0
ORD0008325,2022-08-15,20220815,CUS00842,14,EMP0200,Cash,Completed,119.0,70.0
ORD0010880,2022-08-15,20220815,CUS02248,14,EMP0203,  InstaPay  ,Returned,666.0,360.0
ORD0007538,2022-08-15,20220815,CUS01595,1,EMP0021,Cash,Completed,10801.5,8670.0
ORD0004906,2022-08-15,20220815,CUS00634,15,EMP0215,Cash,Returned,1046.5,640.0
ORD0000635,2022-08-15,20220815,CUS02548,1,EMP0022,Vodafone Cash,Completed,2518.5,1260.0
ORD0005026,2022-08-15,20220815,CUS02945,4,EMP0081,Cash,Completed,665.0,350.0
ORD0007431,2022-08-15,20220815,CUS01230,2,EMP0046,Cash,Completed,256.0,160.0
ORD0011388,2022-08-15,20220815,CUS00485,7,EMP0133,Vodafone Cash,Cancelled,320.0,140.0
ORD0004259,2022-08-16,20220816,CUS02331,9,EMP0146,Credit Card,Completed,922.5,460.0
ORD0003306,2022-08-16,20220816,CUS00725,4,EMP0086,  Debit Card  ,Cancelled,600.0,270.0
ORD0006735,2022-08-16,20220816,CUS02957,10,EMP0153,Credit Card,Completed,1089.0,630.0
ORD0007774,2022-08-16,20220816,CUS02602,2,EMP0045,Cash,Returned,248.0,150.0
ORD0011710,2022-08-16,20220816,CUS01428,1,EMP0028,Credit Card,Completed,9890.0,10250.0
ORD0004977,2022-08-16,20220816,CUS02436,13,EMP0191,Debit Card,Completed,591.0,280.0
ORD0001372,2022-08-16,20220816,CUS00142,4,EMP0090,  Credit Card  ,Completed,14535.0,12000.0
ORD0011676,2022-08-16,20220816,CUS01979,1,EMP0009,Cash,Completed,606.0,290.0
ORD0006480,2022-08-16,20220816,CUS01983,1,EMP0018,Vodafone Cash,Completed,1524.0,780.0
ORD0002593,2022-08-16,20220816,CUS00955,1,EMP0020,Fawry,Completed,680.0,390.0
ORD0007069,2022-08-17,20220817,CUS01642,5,EMP0105,Vodafone Cash,Completed,2775.0,1590.0
ORD0007100,2022-08-17,20220817,CUS01079,2,EMP0039,InstaPay,Completed,272.0,140.0
ORD0004278,2022-08-17,20220817,CUS00430,1,EMP0024,Credit Card,Completed,635.0,310.0
ORD0003948,2022-08-17,20220817,CUS01743,2,EMP0045,Fawry,Returned,161.5,90.0
ORD0008615,2022-08-17,20220817,CUS02052,1,EMP0023,Vodafone Cash,Completed,180.0,80.0
ORD0009650,2022-08-17,20220817,CUS02004,13,EMP0190,InstaPay,Completed,3547.0,1840.0
ORD0007334,2022-08-18,20220818,CUS02619,8,EMP0138,  InstaPay  ,Completed,24138.0,21180.0
ORD0000025,2022-08-18,20220818,CUS00181,1,EMP0026,Credit Card,Completed,804.0,500.0
ORD0005748,2022-08-18,20220818,CUS00357,1,EMP0005,  InstaPay  ,Completed,180.0,110.0
ORD0009911,2022-08-18,20220818,CUS01441,5,EMP0097,Fawry,Completed,199.5,100.0
ORD0005446,2022-08-18,20220818,CUS00839,8,EMP0137,InstaPay,Completed,171.0,90.0
ORD0011622,2022-08-18,20220818,CUS01802,3,EMP0070,Vodafone Cash,Completed,2082.0,1140.0
ORD0004677,2022-08-18,20220818,CUS00943,10,EMP0161,  Fawry  ,Completed,1452.5,880.0
ORD0004493,2022-08-18,20220818,CUS02663,3,EMP0060,Credit Card,Completed,330.0,160.0
ORD0006073,2022-08-18,20220818,CUS02217,4,EMP0079,Vodafone Cash,Cancelled,655.5,330.0
ORD0003824,2022-08-18,20220818,CUS02656,14,EMP0199,Fawry,Returned,11920.0,11900.0
ORD0009379,2022-08-18,20220818,CUS01711,5,EMP0110,Credit Card,Completed,460.0,220.0
ORD0000681,2022-08-18,20220818,CUS01584,10,EMP0162,Cash,Completed,12000.0,12000.0
ORD0006122,2022-08-18,20220818,CUS01183,4,EMP0093,Debit Card,Completed,360.0,170.0
ORD0000143,2022-08-18,20220818,CUS02532,6,EMP0115,Cash,Completed,500.0,240.0
ORD0001655,2022-08-18,20220818,CUS02684,3,,Credit Card,Completed,520.0,250.0
ORD0001643,2022-08-19,20220819,CUS02013,12,EMP0174,  Credit Card  ,Completed,200.0,90.0
ORD0007292,2022-08-19,20220819,CUS01854,1,EMP0006,InstaPay,Completed,686.0,350.0
ORD0003434,2022-08-19,20220819,CUS02595,5,EMP0100,  Debit Card  ,Completed,400.0,240.0
ORD0005174,2022-08-19,20220819,CUS02041,3,EMP0076,Credit Card,Completed,600.0,500.0
ORD0008060,2022-08-19,20220819,CUS00495,9,EMP0147,  Credit Card  ,Completed,801.0,430.0
ORD0002693,2022-08-19,20220819,CUS02248,8,EMP0144,Vodafone Cash,Completed,2327.0,1270.0
ORD0009829,2022-08-19,20220819,CUS00461,3,EMP0059,Vodafone Cash,Cancelled,2550.0,1260.0
ORD0001194,2022-08-20,20220820,CUS00136,9,,  Cash  ,Completed,1054.5,540.0
ORD0006504,2022-08-20,20220820,CUS02887,13,EMP0186,Fawry,Completed,915.5,550.0
ORD0002550,2022-08-20,20220820,CUS00119,1,EMP0013,InstaPay,Completed,5600.0,4500.0
ORD0002452,2022-08-20,20220820,CUS00152,2,EMP0034,  Cash  ,Completed,10805.0,8440.0
ORD0002210,2022-08-20,20220820,CUS01170,2,EMP0034,Fawry,Completed,787.5,490.0
ORD0001440,2022-08-20,20220820,CUS02440,2,EMP0038,Fawry,Completed,961.0,490.0
ORD0010897,2022-08-21,20220821,CUS00345,6,EMP0120,Fawry,Completed,9342.0,8270.0
ORD0002227,2022-08-21,20220821,CUS01503,6,EMP0120,  Credit Card  ,Completed,367.0,180.0
ORD0008232,2022-08-21,20220821,CUS01326,6,EMP0114,Credit Card,Completed,609.0,340.0
ORD0003533,2022-08-21,20220821,CUS00318,13,EMP0187,  Vodafone Cash  ,Completed,1788.0,930.0
ORD0006394,2022-08-21,20220821,CUS02243,9,EMP0148,Credit Card,Completed,1620.0,810.0
ORD0001143,2022-08-21,20220821,CUS01819,1,EMP0020,Cash,Completed,23202.0,20680.0
ORD0006360,2022-08-21,20220821,CUS02685,8,EMP0141,  InstaPay  ,Completed,2760.0,1370.0
ORD0000828,2022-08-21,20220821,CUS00557,5,EMP0098,Credit Card,Completed,13711.0,10810.0
ORD0010845,2022-08-21,20220821,CUS00278,4,EMP0088,Cash,Cancelled,256.5,130.0
ORD0007995,2022-08-21,20220821,CUS01699,12,EMP0177,  Vodafone Cash  ,Completed,270.0,140.0
ORD0011912,2022-08-21,20220821,CUS00413,5,EMP0096,Cash,Completed,578.0,340.0
ORD0005907,2022-08-21,20220821,CUS00263,7,EMP0132,InstaPay,Completed,418.0,220.0
ORD0008712,2022-08-21,20220821,CUS02909,1,EMP0010,Vodafone Cash,Returned,666.0,360.0
ORD0005601,2022-08-21,20220821,CUS01972,4,EMP0084,  Fawry  ,Completed,1110.0,630.0
ORD0003333,2022-08-21,20220821,CUS02174,5,EMP0096,Debit Card,Completed,90.0,40.0
ORD0007756,2022-08-21,20220821,CUS01096,7,EMP0129,Debit Card,Completed,3441.0,1740.0
ORD0001039,2022-08-21,20220821,CUS01335,7,EMP0134,  Debit Card  ,Completed,1122.0,530.0
ORD0005862,2022-08-21,20220821,CUS02790,11,EMP0166,Fawry,Completed,1461.0,820.0
ORD0010621,2022-08-22,20220822,CUS00911,5,,Cash,Completed,140.0,70.0
ORD0009292,2022-08-22,20220822,CUS02161,4,EMP0091,Cash,Completed,16200.0,12450.0
ORD0002997,2022-08-22,20220822,CUS00791,5,EMP0102,  InstaPay  ,Completed,3508.5,1790.0
ORD0004631,2022-08-22,20220822,CUS02026,5,EMP0097,Vodafone Cash,Completed,216.0,120.0
ORD0004164,2022-08-22,20220822,CUS01693,8,EMP0143,InstaPay,Completed,2014.0,1040.0
ORD0001337,2022-08-22,20220822,CUS00921,6,EMP0120,Vodafone Cash,Completed,480.0,240.0
ORD0004774,2022-08-22,20220822,CUS02186,3,EMP0069,Fawry,Completed,1200.0,540.0
ORD0010353,2022-08-22,20220822,CUS00579,12,EMP0179,  Debit Card  ,Completed,37574.5,31020.0
ORD0001482,2022-08-22,20220822,CUS00508,4,EMP0094,Fawry,Completed,391.0,220.0
ORD0008529,2022-08-22,20220822,CUS02493,6,EMP0114,InstaPay,Completed,3298.0,1880.0
ORD0008829,2022-08-22,20220822,CUS00144,2,EMP0040,Cash,Completed,20900.0,21600.0
ORD0011672,2022-08-22,20220822,CUS02662,12,EMP0177,Fawry,Completed,224.0,140.0
ORD0002790,2022-08-22,20220822,CUS00573,2,EMP0051,InstaPay,Completed,845.0,400.0
ORD0002499,2022-08-23,20220823,CUS00437,6,EMP0118,Vodafone Cash,Completed,736.0,390.0
ORD0003740,2022-08-23,20220823,CUS01262,14,EMP0201,  InstaPay  ,Cancelled,1512.0,770.0
ORD0010697,2022-08-23,20220823,CUS02557,14,EMP0202,Cash,Completed,2277.0,1290.0
ORD0000341,2022-08-23,20220823,CUS01410,12,EMP0184,  Vodafone Cash  ,Completed,432.0,230.0
ORD0005650,2022-08-23,20220823,CUS02548,2,EMP0035,  Credit Card  ,Completed,2525.0,1970.0
ORD0010962,2022-08-23,20220823,CUS00901,6,EMP0114,InstaPay,Completed,540.0,280.0
ORD0005487,2022-08-23,20220823,CUS00004,1,EMP0009,Debit Card,Completed,1530.5,810.0
ORD0001888,2022-08-23,20220823,CUS02664,8,EMP0137,Cash,Returned,440.0,270.0
ORD0001123,2022-08-23,20220823,CUS00846,8,EMP0143,Fawry,Completed,133.0,60.0
ORD0006576,2022-08-23,20220823,CUS02327,3,,  Cash  ,Completed,4047.0,2100.0
ORD0005023,2022-08-23,20220823,CUS02686,11,EMP0165,Credit Card,Completed,722.5,420.0
ORD0002956,2022-08-23,20220823,CUS01462,6,,  Fawry  ,Completed,1783.0,1030.0
ORD0010548,2022-08-24,20220824,CUS01638,5,EMP0107,Cash,Completed,225.0,120.0
ORD0011054,2022-08-24,20220824,CUS00793,6,EMP0114,Vodafone Cash,Completed,1250.0,620.0
ORD0000099,2022-08-24,20220824,CUS02321,1,EMP0008,  Cash  ,Completed,3771.0,1880.0
ORD0003780,2022-08-24,20220824,CUS02066,1,EMP0017,Debit Card,Completed,42950.0,36120.0
ORD0010774,2022-08-24,20220824,CUS01646,11,EMP0172,  Debit Card  ,Completed,778.0,400.0
ORD0001055,2022-08-24,20220824,CUS01354,10,,Debit Card,Completed,864.0,440.0
ORD0011929,2022-08-24,20220824,CUS02041,1,EMP0004,Fawry,Completed,180.0,80.0
ORD0007198,2022-08-24,20220824,CUS01585,10,EMP0153,Vodafone Cash,Completed,210.0,100.0
ORD0006260,2022-08-24,20220824,CUS00996,1,EMP0023,  Credit Card  ,Completed,396.0,210.0
ORD0010490,2022-08-24,20220824,CUS01050,4,EMP0090,InstaPay,Completed,234.0,120.0
ORD0009037,2022-08-24,20220824,CUS01418,2,EMP0031,Cash,Completed,748.5,420.0
ORD0007219,2022-08-24,20220824,CUS00288,5,EMP0106,Fawry,Completed,142.5,70.0
ORD0011221,2022-08-24,20220824,CUS00107,8,EMP0144,Fawry,Completed,705.5,410.0
ORD0005720,2022-08-24,20220824,CUS01866,5,EMP0103,Cash,Completed,514.0,280.0
ORD0011800,2022-08-25,20220825,CUS01819,9,EMP0146,Credit Card,Completed,15393.0,14270.0
ORD0004449,2022-08-25,20220825,CUS00740,7,EMP0131,Debit Card,Completed,127.5,70.0
ORD0007942,2022-08-25,20220825,CUS01067,7,EMP0134,Cash,Completed,128.0,70.0
ORD0011185,2022-08-25,20220825,CUS01799,6,EMP0119,Debit Card,Completed,929.0,470.0
ORD0005111,2022-08-25,20220825,CUS02458,5,EMP0099,Cash,Completed,184.0,110.0
ORD0003150,2022-08-25,20220825,CUS00789,14,EMP0200,Cash,Completed,610.0,300.0
ORD0000331,2022-08-25,20220825,CUS01371,6,EMP0118,Debit Card,Cancelled,290.0,140.0
ORD0008251,2022-08-25,20220825,CUS00031,5,EMP0099,  Cash  ,Completed,470.0,230.0
ORD0003428,2022-08-25,20220825,CUS00675,10,EMP0158,  Fawry  ,Completed,560.0,280.0
ORD0007411,2022-08-25,20220825,CUS01636,11,EMP0169,Vodafone Cash,Completed,441.0,240.0
ORD0003636,2022-08-25,20220825,CUS01324,3,EMP0064,Vodafone Cash,Completed,17236.0,15600.0
ORD0002960,2022-08-25,20220825,CUS00979,11,,InstaPay,Completed,71076.0,59820.0
ORD0009846,2022-08-26,20220826,CUS01278,3,EMP0075,Credit Card,Completed,1395.5,680.0
ORD0006774,2022-08-26,20220826,CUS01940,4,EMP0091,Fawry,Completed,17388.5,13260.0
ORD0006860,2022-08-26,20220826,CUS02364,2,EMP0054,  Cash  ,Completed,5020.0,2460.0
ORD0010834,2022-08-26,20220826,CUS01684,15,EMP0216,Fawry,Cancelled,405.0,220.0
ORD0001341,2022-08-26,20220826,CUS02956,4,,Credit Card,Completed,14494.0,11200.0
ORD0005411,2022-08-26,20220826,CUS02726,4,EMP0092,Cash,Completed,1265.0,660.0
ORD0004930,2022-08-26,20220826,CUS02164,2,EMP0053,Fawry,Completed,808.0,400.0
ORD0003920,2022-08-26,20220826,CUS02921,4,EMP0092,InstaPay,Completed,789.0,370.0
ORD0003152,2022-08-26,20220826,CUS02620,5,,Cash,Completed,2176.0,1090.0
ORD0011429,2022-08-26,20220826,CUS01438,5,EMP0095,  Credit Card  ,Returned,2006.5,1030.0
ORD0007610,2022-08-26,20220826,CUS01177,12,EMP0175,Debit Card,Completed,1456.0,730.0
ORD0010424,2022-08-26,20220826,CUS01890,8,EMP0138,Credit Card,Completed,340.0,160.0
ORD0000812,2022-08-26,20220826,CUS02594,4,EMP0094,Debit Card,Completed,2295.0,1420.0
ORD0000039,2022-08-26,20220826,CUS01682,1,EMP0012,Cash,Returned,1705.0,880.0
ORD0004041,2022-08-27,20220827,CUS02391,10,EMP0154,Fawry,Completed,437.0,220.0
ORD0004418,2022-08-27,20220827,CUS01348,2,EMP0053,  Debit Card  ,Completed,243.0,130.0
ORD0000992,2022-08-27,20220827,CUS01480,2,EMP0035,  Vodafone Cash  ,Completed,26604.0,21100.0
ORD0005835,2022-08-27,20220827,CUS01018,14,EMP0202,Vodafone Cash,Returned,142.5,70.0
ORD0001051,2022-08-27,20220827,CUS02164,14,EMP0201,Vodafone Cash,Completed,1491.0,900.0
ORD0010993,2022-08-27,20220827,CUS01048,2,EMP0050,  Debit Card  ,Returned,560.0,280.0
ORD0005056,2022-08-27,20220827,CUS02318,4,EMP0083,Fawry,Completed,280.0,180.0
ORD0006420,2022-08-27,20220827,CUS00585,5,EMP0103,Fawry,Completed,184.0,110.0
ORD0009902,2022-08-27,20220827,CUS02796,3,EMP0071,Cash,Completed,786.0,360.0
ORD0000419,2022-08-27,20220827,CUS02145,2,EMP0040,Credit Card,Completed,2095.5,1050.0
ORD0001351,2022-08-27,20220827,CUS00998,10,EMP0163,Fawry,Returned,12155.0,9880.0
ORD0000483,2022-08-27,20220827,CUS02415,3,,Fawry,Completed,1499.5,900.0
ORD0003231,2022-08-28,20220828,CUS01929,6,EMP0113,Cash,Returned,450.0,280.0
ORD0011907,2022-08-28,20220828,CUS01224,4,EMP0081,InstaPay,Returned,761.0,410.0
ORD0010256,2022-08-28,20220828,CUS02144,2,EMP0053,Fawry,Completed,3539.0,2840.0
ORD0004833,2022-08-28,20220828,CUS02222,2,EMP0053,Cash,Cancelled,140.0,70.0
ORD0005090,2022-08-28,20220828,CUS02488,12,EMP0180,Cash,Completed,718.0,370.0
ORD0004350,2022-08-28,20220828,CUS00611,14,EMP0194,Cash,Cancelled,690.0,340.0
ORD0001501,2022-08-28,20220828,CUS01089,6,EMP0120,Debit Card,Completed,442.5,250.0
ORD0004594,2022-08-28,20220828,CUS01326,13,EMP0187,InstaPay,Completed,16404.0,13050.0
ORD0003201,2022-08-28,20220828,CUS02144,8,EMP0142,  InstaPay  ,Completed,16020.0,12230.0
ORD0004568,2022-08-28,20220828,CUS02081,1,EMP0016,Cash,Completed,26734.0,25230.0
ORD0006053,2022-08-28,20220828,CUS02053,1,EMP0010,  Vodafone Cash  ,Returned,3003.0,1480.0
ORD0011491,2022-08-29,20220829,CUS01952,12,EMP0180,Credit Card,Completed,29600.0,24200.0
ORD0009104,2022-08-29,20220829,CUS00620,11,,  Credit Card  ,Completed,337.5,220.0
ORD0011593,2022-08-29,20220829,CUS02485,11,EMP0166,  Vodafone Cash  ,Completed,2261.0,1170.0
ORD0010267,2022-08-29,20220829,CUS00516,1,EMP0015,  Fawry  ,Completed,740.0,360.0
ORD0007968,2022-08-29,20220829,CUS00407,6,EMP0118,Credit Card,Completed,135.0,70.0
ORD0011134,2022-08-29,20220829,CUS01692,4,,InstaPay,Completed,350.0,170.0
ORD0004555,2022-08-29,20220829,CUS00602,7,EMP0128,Cash,Completed,388.0,200.0
ORD0007232,2022-08-29,20220829,CUS02147,3,EMP0056,Vodafone Cash,Completed,15963.0,12540.0
ORD0004931,2022-08-29,20220829,CUS00332,11,EMP0173,Debit Card,Returned,672.0,350.0
ORD0003586,2022-08-29,20220829,CUS02418,4,EMP0081,Fawry,Completed,1149.0,620.0
ORD0008256,2022-08-29,20220829,CUS01648,14,EMP0194,Fawry,Completed,28500.0,24000.0
ORD0006944,2022-08-29,20220829,CUS00840,7,EMP0128,  Vodafone Cash  ,Completed,800.0,400.0
ORD0010866,2022-08-29,20220829,CUS01914,7,EMP0135,Debit Card,Completed,331.5,180.0
ORD0000393,2022-08-30,20220830,CUS02135,12,EMP0183,InstaPay,Completed,2092.0,1340.0
ORD0008923,2022-08-30,20220830,CUS02502,1,EMP0018,Fawry,Returned,1795.5,1200.0
ORD0002458,2022-08-30,20220830,CUS02057,4,EMP0086,Vodafone Cash,Completed,128.0,70.0
ORD0006739,2022-08-30,20220830,CUS01934,3,EMP0071,Cash,Completed,320.0,160.0
ORD0008724,2022-08-30,20220830,CUS00221,6,EMP0124,Vodafone Cash,Cancelled,600.0,300.0
ORD0008438,2022-08-30,20220830,CUS00478,13,EMP0190,  Cash  ,Completed,1320.0,760.0
ORD0007800,2022-08-30,20220830,CUS00143,1,,  Fawry  ,Completed,350.0,250.0
ORD0007766,2022-08-31,20220831,CUS01584,7,EMP0131,Cash,Completed,666.0,380.0
ORD0006493,2022-08-31,20220831,CUS02829,3,,Vodafone Cash,Completed,1358.5,1010.0
ORD0007384,2022-08-31,20220831,CUS00467,12,EMP0176,Credit Card,Completed,1500.0,1200.0
ORD0006748,2022-08-31,20220831,CUS00236,3,EMP0069,Vodafone Cash,Completed,459.0,260.0
ORD0005403,2022-08-31,20220831,CUS01260,6,EMP0120,  Cash  ,Completed,119.0,70.0
ORD0003198,2022-08-31,20220831,CUS01837,12,EMP0184,  Debit Card  ,Completed,586.5,340.0
ORD0010923,2022-08-31,20220831,CUS01292,2,EMP0050,Cash,Completed,652.5,350.0
ORD0008953,2022-08-31,20220831,CUS02196,1,EMP0017,Debit Card,Completed,1824.0,960.0
ORD0009699,2022-08-31,20220831,CUS00389,14,EMP0202,Credit Card,Completed,1016.0,590.0
ORD0000205,2022-08-31,20220831,CUS01415,8,EMP0142,InstaPay,Completed,258.0,140.0
ORD0005921,2022-08-31,20220831,CUS02460,5,EMP0104,Fawry,Completed,1330.5,650.0
ORD0009054,2022-08-31,20220831,CUS00912,10,EMP0163,Debit Card,Completed,6140.0,5070.0
ORD0008026,2022-08-31,20220831,CUS02517,6,EMP0125,Debit Card,Completed,1919.0,920.0
ORD0003426,2022-08-31,20220831,CUS02764,2,EMP0037,  Credit Card  ,Returned,5584.0,4310.0
ORD0002023,2022-09-01,20220901,CUS02032,14,EMP0194,  Debit Card  ,Completed,324.0,180.0
ORD0011865,2022-09-01,20220901,CUS00381,9,EMP0147,Cash,Completed,112.0,70.0
ORD0003224,2022-09-01,20220901,CUS01025,3,,Credit Card,Completed,433.0,220.0
ORD0004073,2022-09-01,20220901,CUS01473,6,EMP0123,Fawry,Completed,59600.0,47600.0
ORD0002429,2022-09-01,20220901,CUS02299,8,EMP0143,InstaPay,Completed,1036.0,490.0
ORD0001276,2022-09-01,20220901,CUS01829,6,EMP0125,Debit Card,Returned,540.0,270.0
ORD0002858,2022-09-01,20220901,CUS02429,1,EMP0020,Vodafone Cash,Completed,943.5,540.0
ORD0006632,2022-09-01,20220901,CUS02103,8,EMP0141,Debit Card,Completed,616.0,380.0
ORD0003694,2022-09-01,20220901,CUS00559,11,,Fawry,Completed,612.0,320.0
ORD0007707,2022-09-01,20220901,CUS01577,7,EMP0136,Fawry,Completed,270.0,130.0
ORD0011591,2022-09-01,20220901,CUS01724,9,EMP0149,Debit Card,Returned,760.0,360.0
ORD0005397,2022-09-01,20220901,CUS02355,6,EMP0113,  Cash  ,Completed,7819.5,6270.0
ORD0011057,2022-09-01,20220901,CUS01475,5,EMP0099,Vodafone Cash,Cancelled,1674.0,820.0
ORD0003669,2022-09-02,20220902,CUS02068,2,EMP0029,Vodafone Cash,Completed,1040.0,480.0
ORD0006247,2022-09-02,20220902,CUS02443,5,EMP0109,InstaPay,Completed,370.0,180.0
ORD0001005,2022-09-02,20220902,CUS01756,2,EMP0042,Credit Card,Completed,256.5,130.0
ORD0006979,2022-09-02,20220902,CUS02158,14,EMP0197,Vodafone Cash,Completed,3866.0,2010.0
ORD0006598,2022-09-02,20220902,CUS02710,3,EMP0063,Vodafone Cash,Returned,1870.0,1420.0
ORD0004775,2022-09-02,20220902,CUS01658,3,EMP0065,InstaPay,Completed,280.0,140.0
ORD0009825,2022-09-02,20220902,CUS01022,14,EMP0201,Cash,Completed,2145.0,1220.0
ORD0007324,2022-09-02,20220902,CUS01633,1,EMP0026,Cash,Completed,1164.0,550.0
ORD0006210,2022-09-02,20220902,CUS00586,6,EMP0123,Debit Card,Completed,1341.0,810.0
ORD0005685,2022-09-02,20220902,CUS00237,3,EMP0063,  InstaPay  ,Returned,370.0,180.0
ORD0009212,2022-09-02,20220902,CUS01959,5,EMP0103,  InstaPay  ,Completed,1510.0,740.0
ORD0006609,2022-09-02,20220902,CUS00100,2,EMP0051,Fawry,Completed,285.0,140.0
ORD0011688,2022-09-02,20220902,CUS02938,10,EMP0159,Cash,Completed,144.0,70.0
ORD0005902,2022-09-03,20220903,CUS00532,13,EMP0189,Vodafone Cash,Returned,782.0,440.0
ORD0011674,2022-09-03,20220903,CUS00835,10,EMP0158,Vodafone Cash,Completed,1612.5,970.0
ORD0009160,2022-09-03,20220903,CUS01125,2,EMP0036,Vodafone Cash,Completed,840.0,420.0
ORD0008049,2022-09-03,20220903,CUS02031,4,EMP0087,  Vodafone Cash  ,Cancelled,900.0,520.0
ORD0011048,2022-09-03,20220903,CUS00572,2,EMP0052,Debit Card,Cancelled,144.0,70.0
ORD0007714,2022-09-03,20220903,CUS00166,10,EMP0153,Cash,Completed,448.0,280.0
ORD0010024,2022-09-03,20220903,CUS00444,8,EMP0137,Fawry,Completed,987.0,510.0
ORD0008964,2022-09-03,20220903,CUS00016,2,EMP0050,Vodafone Cash,Completed,90.0,40.0
ORD0010600,2022-09-03,20220903,CUS01796,14,EMP0195,Debit Card,Completed,420.0,200.0
ORD0005901,2022-09-04,20220904,CUS02915,3,EMP0058,Fawry,Completed,1048.0,560.0
ORD0002256,2022-09-04,20220904,CUS01280,5,EMP0103,Credit Card,Returned,2228.0,1200.0
ORD0003628,2022-09-04,20220904,CUS00052,8,EMP0143,Vodafone Cash,Completed,1096.5,630.0
ORD0004166,2022-09-04,20220904,CUS00384,1,EMP0004,Fawry,Completed,494.0,250.0
ORD0010703,2022-09-04,20220904,CUS02786,9,EMP0149,Credit Card,Completed,161.0,110.0
ORD0003278,2022-09-04,20220904,CUS02231,3,EMP0077,Debit Card,Completed,650.0,300.0
ORD0009027,2022-09-04,20220904,CUS00629,10,EMP0154,Cash,Completed,55200.0,44300.0
ORD0007128,2022-09-04,20220904,CUS00490,12,EMP0179,  Vodafone Cash  ,Returned,6224.0,4690.0
ORD0001846,2022-09-04,20220904,CUS00512,4,,Vodafone Cash,Completed,612.0,340.0
ORD0010574,2022-09-04,20220904,CUS01480,5,EMP0105,  Fawry  ,Completed,9772.0,8790.0
ORD0004459,2022-09-04,20220904,CUS00298,2,EMP0030,  Credit Card  ,Cancelled,2780.0,1340.0
ORD0008865,2022-09-04,20220904,CUS02945,10,EMP0155,InstaPay,Completed,754.5,390.0
ORD0003643,2022-09-04,20220904,CUS00575,5,EMP0101,Vodafone Cash,Completed,13440.0,10610.0
ORD0008697,2022-09-05,20220905,CUS01383,4,EMP0090,Fawry,Completed,1211.0,640.0
ORD0010666,2022-09-05,20220905,CUS01145,12,EMP0179,Fawry,Completed,1026.0,540.0
ORD0010421,2022-09-05,20220905,CUS01323,14,EMP0202,Cash,Completed,1695.5,1050.0
ORD0000701,2022-09-05,20220905,CUS01565,6,EMP0125,Fawry,Completed,180.0,80.0
ORD0002880,2022-09-05,20220905,CUS01179,5,EMP0097,InstaPay,Completed,306.0,160.0
ORD0000437,2022-09-05,20220905,CUS01644,2,EMP0037,Debit Card,Completed,300.0,140.0
ORD0001451,2022-09-05,20220905,CUS01116,4,EMP0087,Vodafone Cash,Completed,21000.0,16600.0
ORD0006775,2022-09-05,20220905,CUS01979,11,EMP0165,InstaPay,Completed,48917.0,39260.0
ORD0004202,2022-09-05,20220905,CUS02893,1,EMP0003,  Credit Card  ,Completed,1515.0,800.0
ORD0001911,2022-09-05,20220905,CUS01490,12,EMP0175,Credit Card,Completed,486.0,260.0
ORD0002870,2022-09-05,20220905,CUS01826,6,EMP0122,  Vodafone Cash  ,Completed,1784.0,870.0
ORD0006891,2022-09-05,20220905,CUS01559,9,EMP0150,Cash,Completed,39600.0,42000.0
ORD0001738,2022-09-05,20220905,CUS00769,3,EMP0061,Credit Card,Completed,195.5,110.0
ORD0011820,2022-09-06,20220906,CUS00139,5,EMP0097,Cash,Completed,320.0,160.0
ORD0006471,2022-09-06,20220906,CUS00726,4,EMP0085,Vodafone Cash,Completed,16032.0,15830.0
ORD0001607,2022-09-06,20220906,CUS02224,12,EMP0175,Cash,Completed,2857.0,1430.0
ORD0004071,2022-09-06,20220906,CUS02768,3,EMP0072,Cash,Completed,850.0,800.0
ORD0003045,2022-09-06,20220906,CUS01376,8,EMP0142,Credit Card,Completed,14910.0,12880.0
ORD0011614,2022-09-06,20220906,CUS00984,8,EMP0142,Fawry,Completed,836.0,420.0
ORD0003562,2022-09-06,20220906,CUS02039,3,EMP0064,  Fawry  ,Completed,520.0,260.0
ORD0011019,2022-09-06,20220906,CUS02280,14,EMP0195,Debit Card,Completed,340.0,200.0
ORD0011131,2022-09-06,20220906,CUS02235,1,EMP0021,Debit Card,Completed,1358.5,750.0
ORD0011478,2022-09-06,20220906,CUS01548,15,EMP0204,Debit Card,Completed,240.0,110.0
ORD0004688,2022-09-07,20220907,CUS00559,3,EMP0056,InstaPay,Completed,590.0,300.0
ORD0009107,2022-09-07,20220907,CUS02829,10,EMP0154,Vodafone Cash,Completed,12540.0,10500.0
ORD0004937,2022-09-07,20220907,CUS02234,5,EMP0110,Vodafone Cash,Completed,960.0,470.0
ORD0003713,2022-09-07,20220907,CUS01939,8,EMP0142,Fawry,Completed,798.0,400.0
ORD0001820,2022-09-07,20220907,CUS02694,2,EMP0038,InstaPay,Completed,9900.0,10500.0
ORD0006793,2022-09-07,20220907,CUS02292,1,EMP0028,  Cash  ,Completed,808.0,480.0
ORD0002841,2022-09-07,20220907,CUS02287,4,EMP0093,Fawry,Completed,20160.0,17800.0
ORD0005721,2022-09-07,20220907,CUS02532,3,EMP0055,Credit Card,Completed,590.0,270.0
ORD0010275,2022-09-07,20220907,CUS01943,8,EMP0142,InstaPay,Completed,1116.0,620.0
ORD0006534,2022-09-08,20220908,CUS01913,12,EMP0184,  InstaPay  ,Completed,330.0,160.0
ORD0011508,2022-09-08,20220908,CUS01728,3,EMP0068,InstaPay,Completed,513.0,260.0
ORD0001678,2022-09-08,20220908,CUS00859,14,EMP0194,Cash,Completed,1967.5,1020.0
ORD0001998,2022-09-08,20220908,CUS01967,3,EMP0067,Cash,Completed,930.0,490.0
ORD0003817,2022-09-08,20220908,CUS01882,2,EMP0039,Vodafone Cash,Completed,1200.0,580.0
ORD0006779,2022-09-08,20220908,CUS00882,4,EMP0094,  InstaPay  ,Completed,4920.0,4580.0
ORD0008017,2022-09-08,20220908,CUS02585,7,EMP0130,Credit Card,Completed,136.0,70.0
ORD0005204,2022-09-08,20220908,CUS02384,3,EMP0078,Fawry,Returned,1440.0,780.0
ORD0011333,2022-09-08,20220908,CUS00978,1,EMP0006,Fawry,Completed,2492.5,1380.0
ORD0004593,2022-09-08,20220908,CUS01080,9,EMP0150,Credit Card,Completed,560.0,280.0
ORD0005112,2022-09-09,20220909,CUS02703,3,EMP0066,Fawry,Completed,568.0,300.0
ORD0002099,2022-09-09,20220909,CUS01928,4,EMP0079,Credit Card,Completed,702.0,390.0
ORD0001131,2022-09-09,20220909,CUS00759,3,EMP0067,  Credit Card  ,Completed,1372.0,720.0
ORD0007827,2022-09-09,20220909,CUS01427,1,EMP0017,InstaPay,Completed,720.0,330.0
ORD0000206,2022-09-09,20220909,CUS00229,11,EMP0166,Fawry,Completed,50310.0,42100.0
ORD0005952,2022-09-09,20220909,CUS00474,11,,Cash,Completed,17982.5,14240.0
ORD0005546,2022-09-09,20220909,CUS00468,5,EMP0102,InstaPay,Returned,655.5,340.0
ORD0009609,2022-09-09,20220909,CUS00038,12,EMP0178,Vodafone Cash,Completed,4575.0,4770.0
ORD0010914,2022-09-09,20220909,CUS01762,12,EMP0175,Debit Card,Completed,1090.0,530.0
ORD0005009,2022-09-10,20220910,CUS02366,8,EMP0141,  Fawry  ,Completed,3160.0,1550.0
ORD0003414,2022-09-10,20220910,CUS00171,4,EMP0088,Debit Card,Completed,2000.0,1600.0
ORD0009488,2022-09-10,20220910,CUS02451,1,EMP0018,Fawry,Completed,570.0,280.0
ORD0009647,2022-09-10,20220910,CUS00739,2,EMP0043,Fawry,Completed,324.0,160.0
ORD0006415,2022-09-10,20220910,CUS00868,4,EMP0079,Fawry,Completed,120.0,70.0
ORD0005823,2022-09-10,20220910,CUS01518,1,EMP0012,Fawry,Completed,332.5,170.0
ORD0004769,2022-09-10,20220910,CUS01483,1,EMP0010,Credit Card,Completed,5928.0,4170.0
ORD0002889,2022-09-10,20220910,CUS00036,11,EMP0167,InstaPay,Completed,1983.0,1010.0
ORD0004727,2022-09-10,20220910,CUS01650,1,EMP0024,Vodafone Cash,Completed,763.0,390.0
ORD0007700,2022-09-10,20220910,CUS02774,3,EMP0062,Debit Card,Completed,1090.0,660.0
ORD0000823,2022-09-10,20220910,CUS00029,11,EMP0168,  InstaPay  ,Completed,408.0,240.0
ORD0009613,2022-09-10,20220910,CUS00726,2,EMP0047,Debit Card,Cancelled,888.5,440.0
ORD0004173,2022-09-10,20220910,CUS01492,3,EMP0065,Fawry,Completed,17817.5,15220.0
ORD0000082,2022-09-10,20220910,CUS00897,12,EMP0182,Fawry,Completed,252.0,140.0
ORD0001630,2022-09-10,20220910,CUS00733,5,EMP0107,Credit Card,Completed,1872.0,1080.0
ORD0003635,2022-09-10,20220910,CUS02916,7,EMP0133,Fawry,Completed,1760.0,1330.0
ORD0008430,2022-09-10,20220910,CUS00914,5,EMP0098,Debit Card,Completed,15751.0,14880.0
ORD0005303,2022-09-11,20220911,CUS02900,8,EMP0140,Cash,Completed,2979.0,1680.0
ORD0010043,2022-09-11,20220911,CUS00615,14,EMP0196,Debit Card,Completed,10200.0,8000.0
ORD0004208,2022-09-11,20220911,CUS02217,4,EMP0082,Fawry,Completed,300.0,140.0
ORD0011124,2022-09-11,20220911,CUS02911,3,EMP0071,Credit Card,Completed,16020.0,14200.0
ORD0005067,2022-09-11,20220911,CUS02946,5,EMP0104,InstaPay,Completed,1441.0,740.0
ORD0011099,2022-09-11,20220911,CUS01551,8,EMP0138,InstaPay,Completed,900.0,480.0
ORD0004578,2022-09-11,20220911,CUS01708,9,EMP0151,  Credit Card  ,Completed,2240.0,1080.0
ORD0011460,2022-09-11,20220911,CUS02426,10,EMP0161,  Debit Card  ,Completed,1740.0,870.0
ORD0001622,2022-09-11,20220911,CUS01981,10,EMP0158,Cash,Completed,39726.0,31570.0
ORD0001089,2022-09-11,20220911,CUS02574,12,EMP0181,Debit Card,Returned,1032.0,500.0
ORD0010822,2022-09-11,20220911,CUS00826,2,EMP0047,Cash,Completed,15670.0,12330.0
ORD0004894,2022-09-11,20220911,CUS00535,4,EMP0086,Fawry,Completed,504.0,280.0
ORD0004036,2022-09-11,20220911,CUS02286,11,EMP0166,  Credit Card  ,Completed,429.0,210.0
ORD0011850,2022-09-12,20220912,CUS00555,4,EMP0084,Vodafone Cash,Returned,2462.5,1350.0
ORD0000813,2022-09-12,20220912,CUS01901,2,EMP0053,  InstaPay  ,Completed,1065.0,560.0
ORD0011898,2022-09-12,20220912,CUS01925,2,EMP0048,InstaPay,Completed,12631.0,11870.0
ORD0004447,2022-09-12,20220912,CUS02032,6,EMP0114,Vodafone Cash,Returned,190.0,90.0
ORD0003965,2022-09-12,20220912,CUS02067,3,EMP0059,InstaPay,Completed,790.5,430.0
ORD0005950,2022-09-12,20220912,CUS01356,6,,Cash,Completed,1760.0,880.0
ORD0007412,2022-09-12,20220912,CUS01160,10,EMP0153,InstaPay,Cancelled,702.0,360.0
ORD0007917,2022-09-12,20220912,CUS01491,1,EMP0022,Cash,Completed,176.0,100.0
ORD0005734,2022-09-12,20220912,CUS02115,4,EMP0082,InstaPay,Completed,420.0,200.0
ORD0010528,2022-09-12,20220912,CUS00907,3,EMP0064,Credit Card,Completed,962.5,510.0
ORD0005807,2022-09-12,20220912,CUS02857,4,EMP0080,Fawry,Completed,5326.0,4140.0
ORD0006840,2022-09-12,20220912,CUS02085,11,EMP0169,Cash,Completed,300.0,180.0
ORD0006679,2022-09-13,20220913,CUS02882,5,,InstaPay,Completed,161.0,110.0
ORD0001245,2022-09-13,20220913,CUS00897,4,EMP0080,Debit Card,Completed,1310.5,640.0
ORD0001014,2022-09-13,20220913,CUS00873,2,EMP0046,Cash,Completed,340.0,160.0
ORD0004044,2022-09-13,20220913,CUS00186,2,EMP0040,  InstaPay  ,Completed,230.0,110.0
ORD0008600,2022-09-13,20220913,CUS02103,7,EMP0128,Cash,Completed,234.0,120.0
ORD0003613,2022-09-13,20220913,CUS01944,2,EMP0051,Debit Card,Completed,1146.0,580.0
ORD0004787,2022-09-13,20220913,CUS01169,3,,  InstaPay  ,Completed,465.5,240.0
ORD0006591,2022-09-13,20220913,CUS02516,5,EMP0105,Debit Card,Returned,5000.0,4000.0
ORD0006315,2022-09-13,20220913,CUS02758,6,EMP0115,Debit Card,Completed,2592.0,1380.0
ORD0008292,2022-09-13,20220913,CUS02467,3,EMP0076,Debit Card,Completed,1224.0,640.0
ORD0002521,2022-09-13,20220913,CUS00389,11,EMP0169,Cash,Completed,310.0,160.0
ORD0008086,2022-09-13,20220913,CUS01142,4,EMP0091,Fawry,Completed,675.0,340.0
ORD0001306,2022-09-14,20220914,CUS00498,1,EMP0009,InstaPay,Completed,1214.0,650.0
ORD0007964,2022-09-14,20220914,CUS00054,3,EMP0075,Fawry,Completed,1178.0,560.0
ORD0008596,2022-09-14,20220914,CUS00926,11,EMP0168,Vodafone Cash,Completed,1100.0,660.0
ORD0002765,2022-09-14,20220914,CUS02832,12,EMP0181,Cash,Completed,2930.0,1460.0
ORD0004375,2022-09-15,20220915,CUS01125,1,EMP0018,Debit Card,Completed,490.0,270.0
ORD0010646,2022-09-15,20220915,CUS01114,6,EMP0125,Vodafone Cash,Cancelled,3870.0,3040.0
ORD0003244,2022-09-15,20220915,CUS00126,9,EMP0151,  Credit Card  ,Completed,14900.0,11900.0
ORD0001196,2022-09-15,20220915,CUS02743,2,EMP0032,  Fawry  ,Completed,243.0,130.0
ORD0005574,2022-09-15,20220915,CUS02086,3,EMP0067,Credit Card,Completed,1506.0,740.0
ORD0004472,2022-09-15,20220915,CUS02665,1,EMP0026,Credit Card,Completed,884.0,450.0
ORD0003538,2022-09-15,20220915,CUS00931,12,EMP0184,Credit Card,Completed,6937.0,5190.0
ORD0008520,2022-09-15,20220915,CUS02787,12,EMP0178,Cash,Completed,1764.0,960.0
ORD0010138,2022-09-15,20220915,CUS01610,1,EMP0019,  Fawry  ,Completed,1974.5,980.0
ORD0003129,2022-09-15,20220915,CUS01026,2,EMP0033,Vodafone Cash,Completed,712.5,370.0
ORD0008996,2022-09-15,20220915,CUS00490,1,EMP0006,Fawry,Completed,912.0,490.0
ORD0008671,2022-09-15,20220915,CUS01873,3,EMP0073,  Vodafone Cash  ,Completed,260.0,120.0
ORD0006916,2022-09-16,20220916,CUS01344,14,EMP0197,Vodafone Cash,Completed,340.0,170.0
ORD0007954,2022-09-16,20220916,CUS01446,1,EMP0004,Credit Card,Returned,632.5,330.0
ORD0006781,2022-09-16,20220916,CUS02864,3,EMP0055,Vodafone Cash,Completed,600.0,280.0
ORD0004425,2022-09-16,20220916,CUS00513,4,EMP0089,Debit Card,Completed,2210.0,2000.0
ORD0005704,2022-09-16,20220916,CUS00628,2,EMP0039,Cash,Completed,15870.0,13280.0
ORD0009521,2022-09-16,20220916,CUS02208,1,EMP0003,Debit Card,Completed,680.0,340.0
ORD0010857,2022-09-16,20220916,CUS02692,1,EMP0001,  Fawry  ,Completed,1170.0,940.0
ORD0011449,2022-09-16,20220916,CUS01215,5,EMP0112,Cash,Completed,221.0,130.0
ORD0006020,2022-09-16,20220916,CUS00488,7,EMP0128,Debit Card,Completed,1790.0,870.0
ORD0010983,2022-09-16,20220916,CUS02785,2,,Fawry,Completed,3040.0,2260.0
ORD0007259,2022-09-16,20220916,CUS02217,12,,Debit Card,Completed,43600.0,34800.0
ORD0010598,2022-09-16,20220916,CUS01855,2,EMP0029,Debit Card,Returned,597.5,310.0
ORD0003664,2022-09-16,20220916,CUS00335,10,EMP0154,Cash,Completed,881.0,470.0
ORD0007561,2022-09-16,20220916,CUS02165,1,EMP0015,Credit Card,Completed,1205.5,600.0
ORD0001859,2022-09-16,20220916,CUS01270,13,,Credit Card,Completed,6416.5,5230.0
ORD0008073,2022-09-16,20220916,CUS00124,3,,  InstaPay  ,Completed,1713.0,950.0
ORD0010442,2022-09-17,20220917,CUS02437,10,EMP0161,InstaPay,Completed,1480.5,810.0
ORD0002650,2022-09-17,20220917,CUS01185,6,,  Credit Card  ,Returned,1260.0,620.0
ORD0000137,2022-09-17,20220917,CUS02556,10,EMP0160,Cash,Completed,432.0,240.0
ORD0005202,2022-09-17,20220917,CUS01205,4,EMP0088,Debit Card,Completed,665.0,340.0
ORD0010363,2022-09-17,20220917,CUS00839,3,EMP0060,Vodafone Cash,Cancelled,3868.0,3450.0
ORD0005363,2022-09-17,20220917,CUS00042,2,EMP0051,Vodafone Cash,Completed,9760.0,9800.0
ORD0007366,2022-09-17,20220917,CUS00147,3,EMP0071,InstaPay,Completed,14386.5,10200.0
ORD0001665,2022-09-17,20220917,CUS02073,11,EMP0168,Debit Card,Completed,5835.5,4150.0
ORD0006482,2022-09-17,20220917,CUS02288,3,EMP0071,Debit Card,Completed,918.0,540.0
ORD0006769,2022-09-17,20220917,CUS02532,15,EMP0211,Credit Card,Completed,555.0,280.0
ORD0007079,2022-09-17,20220917,CUS01397,1,EMP0001,Fawry,Completed,2143.0,1090.0
ORD0006224,2022-09-17,20220917,CUS00780,2,EMP0046,Credit Card,Completed,1102.0,570.0
ORD0009807,2022-09-17,20220917,CUS01360,2,EMP0038,Fawry,Completed,1680.0,800.0
ORD0002317,2022-09-17,20220917,CUS00068,3,EMP0055,Credit Card,Cancelled,520.0,260.0
ORD0000543,2022-09-17,20220917,CUS00952,2,EMP0048,Debit Card,Completed,985.0,490.0
ORD0010878,2022-09-17,20220917,CUS01474,3,EMP0076,Debit Card,Completed,72.0,40.0
ORD0001780,2022-09-18,20220918,CUS01144,2,EMP0045,Fawry,Completed,936.0,500.0
ORD0010280,2022-09-18,20220918,CUS00284,12,,Fawry,Returned,873.0,480.0
ORD0003922,2022-09-18,20220918,CUS02441,1,EMP0013,  Debit Card  ,Returned,24759.0,21260.0
ORD0005821,2022-09-18,20220918,CUS01405,1,EMP0020,Debit Card,Completed,1151.5,550.0
ORD0004687,2022-09-18,20220918,CUS02579,10,EMP0153,Credit Card,Completed,178.5,100.0
ORD0000800,2022-09-18,20220918,CUS02082,6,EMP0123,Fawry,Completed,342.0,180.0
ORD0008274,2022-09-19,20220919,CUS00905,1,EMP0016,Vodafone Cash,Cancelled,120.0,70.0
ORD0006206,2022-09-19,20220919,CUS02866,1,EMP0027,Debit Card,Completed,238.0,140.0
ORD0009123,2022-09-19,20220919,CUS02670,6,,Vodafone Cash,Completed,5427.0,4760.0
ORD0008459,2022-09-19,20220919,CUS00667,13,EMP0188,Credit Card,Returned,2120.0,1140.0
ORD0005505,2022-09-19,20220919,CUS01169,2,EMP0040,InstaPay,Completed,1585.0,810.0
ORD0004829,2022-09-19,20220919,CUS00410,6,EMP0115,Credit Card,Completed,1110.0,550.0
ORD0003680,2022-09-19,20220919,CUS00846,5,EMP0108,InstaPay,Returned,600.0,310.0
ORD0002824,2022-09-19,20220919,CUS00301,9,EMP0150,Cash,Completed,690.0,330.0
ORD0008672,2022-09-20,20220920,CUS00267,2,EMP0048,  Vodafone Cash  ,Completed,1022.5,540.0
ORD0003297,2022-09-20,20220920,CUS02829,3,EMP0077,Credit Card,Completed,1068.0,560.0
ORD0000300,2022-09-20,20220920,CUS01887,11,EMP0166,Fawry,Completed,224.0,140.0
ORD0002027,2022-09-20,20220920,CUS01692,2,EMP0049,Credit Card,Completed,340.0,170.0
ORD0006725,2022-09-20,20220920,CUS01911,1,EMP0019,InstaPay,Returned,370.0,180.0
ORD0011136,2022-09-20,20220920,CUS00186,3,EMP0057,Fawry,Completed,704.0,350.0
ORD0004541,2022-09-20,20220920,CUS02499,2,EMP0053,Fawry,Completed,510.0,500.0
ORD0006252,2022-09-20,20220920,CUS02619,7,EMP0129,Vodafone Cash,Completed,1224.0,640.0
ORD0000606,2022-09-21,20220921,CUS01803,2,EMP0031,Fawry,Completed,14015.0,10920.0
ORD0002129,2022-09-21,20220921,CUS02589,3,EMP0059,  Vodafone Cash  ,Completed,832.0,500.0
ORD0011278,2022-09-21,20220921,CUS02299,5,EMP0099,  InstaPay  ,Completed,5110.0,4160.0
ORD0006444,2022-09-21,20220921,CUS02491,3,EMP0074,Credit Card,Completed,23200.0,21380.0
ORD0003331,2022-09-21,20220921,CUS01831,1,EMP0012,Fawry,Completed,396.0,220.0
ORD0008543,2022-09-21,20220921,CUS02590,11,EMP0171,Credit Card,Completed,540.0,240.0
ORD0008705,2022-09-21,20220921,CUS01354,2,EMP0048,Cash,Completed,27810.0,24580.0
ORD0005283,2022-09-21,20220921,CUS00263,12,EMP0174,  Vodafone Cash  ,Returned,1288.0,680.0
ORD0011376,2022-09-21,20220921,CUS02626,11,EMP0165,InstaPay,Completed,1162.5,550.0
ORD0004298,2022-09-22,20220922,CUS00532,5,EMP0101,Debit Card,Completed,1190.0,680.0
ORD0003836,2022-09-22,20220922,CUS00342,2,EMP0033,Credit Card,Returned,10775.0,9070.0
ORD0008629,2022-09-22,20220922,CUS01210,3,EMP0072,Fawry,Completed,3916.0,3100.0
ORD0000663,2022-09-22,20220922,CUS00451,1,EMP0018,Debit Card,Completed,980.0,520.0
ORD0008900,2022-09-22,20220922,CUS00622,1,EMP0017,  Cash  ,Completed,18198.0,15920.0
ORD0010927,2022-09-22,20220922,CUS01519,1,EMP0015,Cash,Completed,1380.0,660.0
ORD0005035,2022-09-22,20220922,CUS01665,11,EMP0165,Vodafone Cash,Completed,680.0,320.0
ORD0000356,2022-09-22,20220922,CUS01548,1,EMP0005,Cash,Completed,7600.0,6400.0
ORD0001734,2022-09-23,20220923,CUS00453,13,EMP0187,  Vodafone Cash  ,Completed,3203.0,1640.0
ORD0005099,2022-09-23,20220923,CUS01227,4,EMP0092,Credit Card,Completed,11250.0,12000.0
ORD0002380,2022-09-23,20220923,CUS01395,2,,Fawry,Completed,4291.0,2770.0
ORD0005578,2022-09-23,20220923,CUS00381,2,EMP0037,Fawry,Completed,1175.5,590.0
ORD0002802,2022-09-23,20220923,CUS00565,1,EMP0022,Credit Card,Completed,1080.0,510.0
ORD0001950,2022-09-23,20220923,CUS02886,12,EMP0179,Debit Card,Completed,1059.0,530.0
ORD0003343,2022-09-23,20220923,CUS01687,7,EMP0135,Credit Card,Completed,3904.0,2310.0
ORD0006164,2022-09-23,20220923,CUS01552,3,EMP0066,Debit Card,Returned,480.0,240.0
ORD0009643,2022-09-23,20220923,CUS02822,10,EMP0160,Fawry,Completed,718.0,360.0
ORD0009050,2022-09-23,20220923,CUS00618,2,EMP0029,  Fawry  ,Completed,240.0,110.0
ORD0008378,2022-09-23,20220923,CUS01330,4,EMP0091,Cash,Completed,14535.0,12140.0
ORD0000501,2022-09-23,20220923,CUS00336,3,EMP0055,Cash,Returned,1992.0,1190.0
ORD0011680,2022-09-23,20220923,CUS01700,12,,  Vodafone Cash  ,Completed,2494.0,1300.0
ORD0007167,2022-09-23,20220923,CUS01542,4,EMP0080,Debit Card,Completed,34769.0,36780.0
ORD0002122,2022-09-23,20220923,CUS02922,13,EMP0186,Debit Card,Completed,153.0,80.0
ORD0008731,2022-09-24,20220924,CUS00785,8,EMP0137,Vodafone Cash,Completed,10967.0,11050.0
ORD0001023,2022-09-24,20220924,CUS01172,7,EMP0134,InstaPay,Completed,198.0,100.0
ORD0011866,2022-09-24,20220924,CUS02992,1,EMP0026,Cash,Completed,130.0,60.0
ORD0006941,2022-09-24,20220924,CUS00433,14,EMP0198,  Credit Card  ,Completed,144.0,70.0
ORD0002269,2022-09-24,20220924,CUS00924,12,EMP0178,Credit Card,Returned,540.0,300.0
ORD0001156,2022-09-24,20220924,CUS01417,1,EMP0019,Credit Card,Completed,548.0,300.0
ORD0003725,2022-09-25,20220925,CUS01693,6,EMP0123,Debit Card,Completed,450.0,220.0
ORD0001450,2022-09-25,20220925,CUS01357,9,EMP0149,Cash,Completed,1620.0,1340.0
ORD0005434,2022-09-25,20220925,CUS01019,12,EMP0180,Cash,Completed,184.0,110.0
ORD0000574,2022-09-25,20220925,CUS02366,15,EMP0206,Credit Card,Cancelled,180.0,80.0
ORD0002994,2022-09-25,20220925,CUS02353,5,EMP0096,Vodafone Cash,Completed,755.0,420.0
ORD0007138,2022-09-25,20220925,CUS01315,7,EMP0129,Debit Card,Completed,37914.5,31950.0
ORD0000805,2022-09-25,20220925,CUS00658,2,EMP0053,Cash,Completed,357.0,190.0
ORD0010497,2022-09-25,20220925,CUS00285,13,EMP0192,InstaPay,Completed,1887.0,960.0
ORD0011498,2022-09-26,20220926,CUS00587,4,EMP0087,Cash,Completed,90.0,40.0
ORD0008447,2022-09-26,20220926,CUS00217,13,EMP0192,Fawry,Completed,1840.0,900.0
ORD0007288,2022-09-26,20220926,CUS02445,1,EMP0022,Fawry,Completed,791.0,430.0
ORD0004443,2022-09-26,20220926,CUS01695,1,EMP0012,Debit Card,Completed,1244.0,670.0
ORD0006329,2022-09-26,20220926,CUS02485,3,EMP0062,Credit Card,Completed,218.5,110.0
ORD0000796,2022-09-26,20220926,CUS00573,7,EMP0135,Debit Card,Completed,297.0,160.0
ORD0007531,2022-09-26,20220926,CUS02354,10,EMP0160,Fawry,Completed,630.0,300.0
ORD0003302,2022-09-26,20220926,CUS00683,4,EMP0088,Debit Card,Completed,440.0,200.0
ORD0001119,2022-09-26,20220926,CUS01331,2,EMP0031,  Cash  ,Completed,1342.5,690.0
ORD0010250,2022-09-26,20220926,CUS02435,5,EMP0101,Vodafone Cash,Completed,576.0,330.0
ORD0005591,2022-09-26,20220926,CUS02359,12,EMP0175,Debit Card,Completed,243.0,130.0
ORD0011440,2022-09-26,20220926,CUS02385,3,EMP0057,Fawry,Completed,7265.0,5810.0
ORD0007661,2022-09-26,20220926,CUS02765,4,EMP0081,Credit Card,Completed,340.0,160.0
ORD0002767,2022-09-26,20220926,CUS01875,2,EMP0035,Cash,Cancelled,126.0,70.0
ORD0010406,2022-09-26,20220926,CUS01354,3,EMP0070,Vodafone Cash,Completed,2393.5,1230.0
ORD0008711,2022-09-27,20220927,CUS01196,12,EMP0175,Cash,Completed,3390.0,1920.0
ORD0001525,2022-09-27,20220927,CUS02059,11,EMP0167,  Debit Card  ,Completed,3312.0,2760.0
ORD0000591,2022-09-27,20220927,CUS00090,14,EMP0194,  Vodafone Cash  ,Completed,199.5,100.0
ORD0000428,2022-09-27,20220927,CUS01160,7,EMP0128,  Cash  ,Completed,15210.0,12100.0
ORD0011723,2022-09-27,20220927,CUS01033,3,EMP0066,Cash,Completed,13200.0,10500.0
ORD0010564,2022-09-27,20220927,CUS00387,6,EMP0114,Fawry,Completed,1188.0,600.0
ORD0009485,2022-09-27,20220927,CUS02636,9,EMP0151,Credit Card,Completed,652.5,340.0
ORD0011088,2022-09-27,20220927,CUS01771,3,EMP0055,Debit Card,Completed,195.5,110.0
ORD0004257,2022-09-27,20220927,CUS02062,1,EMP0007,Debit Card,Completed,1020.0,570.0
ORD0008419,2022-09-27,20220927,CUS00756,10,EMP0162,Cash,Completed,1781.0,940.0
ORD0008841,2022-09-28,20220928,CUS00039,1,EMP0001,InstaPay,Completed,475.0,230.0
ORD0006245,2022-09-28,20220928,CUS00371,5,EMP0095,InstaPay,Completed,1254.0,620.0
ORD0005224,2022-09-28,20220928,CUS02142,13,EMP0189,InstaPay,Cancelled,897.0,560.0
ORD0001065,2022-09-28,20220928,CUS02423,12,EMP0174,InstaPay,Completed,255.0,140.0
ORD0002478,2022-09-28,20220928,CUS02049,8,EMP0144,  Vodafone Cash  ,Returned,50220.0,44700.0
ORD0003059,2022-09-28,20220928,CUS01765,12,EMP0177,Vodafone Cash,Completed,700.0,340.0
ORD0007184,2022-09-28,20220928,CUS01602,3,EMP0078,Credit Card,Completed,2332.0,1320.0
ORD0007316,2022-09-28,20220928,CUS01297,5,EMP0105,Debit Card,Completed,715.0,350.0
ORD0008070,2022-09-28,20220928,CUS02339,5,,Cash,Completed,760.0,360.0
ORD0008077,2022-09-28,20220928,CUS00349,4,EMP0087,Vodafone Cash,Completed,2450.0,1340.0
ORD0000354,2022-09-28,20220928,CUS01219,5,EMP0103,Vodafone Cash,Completed,1368.0,720.0
ORD0000735,2022-09-29,20220929,CUS00521,2,EMP0054,Cash,Cancelled,279.0,150.0
ORD0009918,2022-09-29,20220929,CUS02888,6,EMP0114,Credit Card,Completed,380.0,190.0
ORD0004734,2022-09-29,20220929,CUS01065,11,EMP0168,Debit Card,Completed,1590.0,780.0
ORD0004969,2022-09-29,20220929,CUS01472,4,,Credit Card,Completed,1437.5,710.0
ORD0000305,2022-09-29,20220929,CUS00105,2,EMP0053,Vodafone Cash,Completed,646.0,320.0
ORD0003815,2022-09-29,20220929,CUS02499,5,EMP0096,Vodafone Cash,Returned,1397.0,740.0
ORD0008741,2022-09-29,20220929,CUS02052,3,EMP0077,Cash,Completed,368.0,220.0
ORD0011533,2022-09-29,20220929,CUS00398,1,EMP0020,Cash,Completed,784.0,420.0
ORD0006438,2022-09-29,20220929,CUS02799,2,EMP0030,Vodafone Cash,Completed,762.0,580.0
ORD0001893,2022-09-29,20220929,CUS02686,6,EMP0126,Fawry,Completed,418.0,210.0
ORD0007395,2022-09-29,20220929,CUS02543,1,,Debit Card,Completed,230.0,110.0
ORD0010816,2022-09-29,20220929,CUS02400,2,EMP0036,InstaPay,Completed,142.5,70.0
ORD0009798,2022-09-29,20220929,CUS02513,5,EMP0105,Credit Card,Completed,1914.5,1080.0
ORD0005154,2022-09-30,20220930,CUS02149,14,EMP0197,Debit Card,Completed,870.0,440.0
ORD0001478,2022-09-30,20220930,CUS02914,3,,Debit Card,Completed,6272.0,5060.0
ORD0004600,2022-09-30,20220930,CUS00634,3,EMP0057,Fawry,Completed,142.5,90.0
ORD0000369,2022-09-30,20220930,CUS00905,2,EMP0032,InstaPay,Completed,1536.0,780.0
ORD0000375,2022-09-30,20220930,CUS01342,11,EMP0173,  Vodafone Cash  ,Completed,2070.0,1680.0
ORD0001673,2022-09-30,20220930,CUS01356,9,EMP0149,  Fawry  ,Returned,610.0,300.0
ORD0011901,2022-09-30,20220930,CUS01266,1,EMP0009,Vodafone Cash,Completed,880.0,440.0
ORD0010095,2022-09-30,20220930,CUS00329,13,,Vodafone Cash,Completed,240.0,110.0
ORD0004638,2022-09-30,20220930,CUS02424,6,EMP0121,  Debit Card  ,Completed,1145.0,610.0
ORD0007447,2022-09-30,20220930,CUS02846,4,EMP0081,Fawry,Completed,810.0,390.0
ORD0000784,2022-09-30,20220930,CUS02886,11,EMP0165,  Cash  ,Completed,1246.0,650.0
ORD0003054,2022-09-30,20220930,CUS02673,4,EMP0087,Credit Card,Cancelled,1010.0,480.0
ORD0008617,2022-10-01,20221001,CUS00417,3,EMP0060,Cash,Completed,266.0,140.0
ORD0010823,2022-10-01,20221001,CUS00137,15,EMP0209,Debit Card,Completed,10685.5,9130.0
ORD0005104,2022-10-01,20221001,CUS00099,1,EMP0010,Cash,Completed,1830.0,900.0
ORD0010806,2022-10-01,20221001,CUS00255,1,EMP0009,Fawry,Completed,450.0,270.0
ORD0003027,2022-10-01,20221001,CUS02587,12,EMP0176,  Fawry  ,Completed,2170.0,1120.0
ORD0008823,2022-10-01,20221001,CUS02390,4,EMP0092,  Fawry  ,Completed,756.0,420.0
ORD0008090,2022-10-01,20221001,CUS02443,7,EMP0132,Fawry,Completed,970.0,490.0
ORD0000811,2022-10-01,20221001,CUS01590,8,EMP0141,Fawry,Returned,6925.0,6930.0
ORD0000036,2022-10-01,20221001,CUS00650,3,EMP0061,Fawry,Completed,680.0,400.0
ORD0002406,2022-10-01,20221001,CUS00853,13,EMP0190,Fawry,Returned,606.0,300.0
ORD0005234,2022-10-01,20221001,CUS02155,6,EMP0114,InstaPay,Returned,993.0,490.0
ORD0006969,2022-10-01,20221001,CUS02500,10,EMP0159,  Vodafone Cash  ,Completed,3380.0,2730.0
ORD0003887,2022-10-01,20221001,CUS02244,2,EMP0031,Fawry,Cancelled,340.0,200.0
ORD0009179,2022-10-01,20221001,CUS02649,5,EMP0109,Credit Card,Completed,933.0,460.0
ORD0002062,2022-10-01,20221001,CUS00363,13,EMP0187,  InstaPay  ,Completed,1134.0,580.0
ORD0009170,2022-10-01,20221001,CUS02687,3,EMP0061,  Debit Card  ,Completed,5582.0,2790.0
ORD0005407,2022-10-01,20221001,CUS02654,1,EMP0010,InstaPay,Completed,6036.0,4770.0
ORD0005567,2022-10-01,20221001,CUS02994,13,EMP0185,Vodafone Cash,Completed,2610.0,1300.0
ORD0007542,2022-10-01,20221001,CUS01842,6,EMP0122,Debit Card,Returned,13340.0,10570.0
ORD0004048,2022-10-01,20221001,CUS02258,1,EMP0008,  InstaPay  ,Completed,396.0,200.0
ORD0005351,2022-10-01,20221001,CUS02332,11,EMP0172,Credit Card,Completed,228.0,120.0
ORD0002627,2022-10-02,20221002,CUS00923,4,EMP0087,Debit Card,Completed,27970.0,24660.0
ORD0011469,2022-10-02,20221002,CUS02218,6,EMP0119,InstaPay,Completed,1709.0,880.0
ORD0005712,2022-10-02,20221002,CUS02911,3,,Cash,Completed,2465.0,1940.0
ORD0011223,2022-10-02,20221002,CUS02266,4,EMP0090,Credit Card,Completed,46043.0,42560.0
ORD0008220,2022-10-02,20221002,CUS00315,4,,Fawry,Completed,15376.0,12200.0
ORD0001150,2022-10-02,20221002,CUS01139,10,EMP0154,  Vodafone Cash  ,Completed,180.0,80.0
ORD0005345,2022-10-02,20221002,CUS00070,14,EMP0197,InstaPay,Completed,2298.0,1270.0
ORD0011228,2022-10-02,20221002,CUS01156,1,EMP0026,InstaPay,Completed,1512.0,820.0
ORD0001657,2022-10-02,20221002,CUS01119,11,EMP0166,Credit Card,Completed,1275.0,630.0
ORD0003081,2022-10-02,20221002,CUS02355,4,EMP0080,  Credit Card  ,Completed,384.0,240.0
ORD0011076,2022-10-02,20221002,CUS02311,7,EMP0133,  Vodafone Cash  ,Completed,1856.5,930.0
ORD0002336,2022-10-03,20221003,CUS00274,14,EMP0199,InstaPay,Returned,2130.0,1050.0
ORD0004580,2022-10-03,20221003,CUS02858,8,EMP0137,  Debit Card  ,Completed,1882.5,1130.0
ORD0001147,2022-10-03,20221003,CUS01084,1,EMP0019,  Debit Card  ,Completed,1147.0,680.0
ORD0010780,2022-10-03,20221003,CUS00646,8,EMP0139,Cash,Completed,26520.0,21260.0
ORD0010648,2022-10-03,20221003,CUS02021,7,EMP0131,  Cash  ,Completed,578.0,320.0
ORD0005468,2022-10-03,20221003,CUS00283,5,EMP0104,InstaPay,Completed,450.0,210.0
ORD0002991,2022-10-03,20221003,CUS01986,1,EMP0011,InstaPay,Completed,878.5,430.0
ORD0010311,2022-10-03,20221003,CUS00024,3,EMP0063,Fawry,Returned,360.0,170.0
ORD0005581,2022-10-03,20221003,CUS02044,3,EMP0060,Cash,Completed,1152.0,690.0
ORD0009368,2022-10-03,20221003,CUS01648,3,EMP0065,Fawry,Cancelled,1054.5,540.0
ORD0004245,2022-10-03,20221003,CUS00157,3,EMP0059,InstaPay,Completed,5957.0,4710.0
ORD0008670,2022-10-04,20221004,CUS00411,1,EMP0001,Credit Card,Completed,352.0,220.0
ORD0009067,2022-10-04,20221004,CUS00732,3,EMP0055,Debit Card,Completed,958.0,460.0
ORD0000109,2022-10-04,20221004,CUS02941,6,EMP0113,Credit Card,Completed,552.0,280.0
ORD0011646,2022-10-04,20221004,CUS00707,3,EMP0059,Cash,Completed,2220.0,1110.0
ORD0003753,2022-10-04,20221004,CUS02988,3,EMP0074,Cash,Completed,492.0,250.0
ORD0003265,2022-10-04,20221004,CUS02205,12,EMP0175,Vodafone Cash,Completed,1161.0,630.0
ORD0006452,2022-10-04,20221004,CUS01954,7,EMP0133,Cash,Completed,720.0,350.0
ORD0004862,2022-10-04,20221004,CUS00212,2,EMP0047,Credit Card,Completed,770.0,380.0
ORD0004260,2022-10-04,20221004,CUS02188,4,EMP0089,Cash,Completed,579.5,300.0
ORD0008593,2022-10-04,20221004,CUS01625,3,EMP0072,Credit Card,Completed,252.0,120.0
ORD0004543,2022-10-04,20221004,CUS00829,6,EMP0114,Cash,Returned,1884.5,930.0
ORD0008471,2022-10-04,20221004,CUS01233,1,EMP0009,  Debit Card  ,Completed,34128.0,30190.0
ORD0011226,2022-10-04,20221004,CUS00774,5,EMP0105,  InstaPay  ,Returned,25326.0,21990.0
ORD0003549,2022-10-04,20221004,CUS00023,2,EMP0052,Credit Card,Completed,423.0,230.0
ORD0011265,2022-10-04,20221004,CUS00580,9,EMP0149,InstaPay,Completed,622.0,310.0
ORD0009012,2022-10-05,20221005,CUS01833,3,EMP0066,Debit Card,Completed,1645.0,860.0
ORD0011071,2022-10-05,20221005,CUS02616,5,,Vodafone Cash,Completed,1098.0,600.0
ORD0004705,2022-10-05,20221005,CUS00001,1,EMP0002,Cash,Completed,965.0,740.0
ORD0006823,2022-10-05,20221005,CUS00246,8,EMP0144,Vodafone Cash,Returned,322.5,150.0
ORD0004131,2022-10-05,20221005,CUS00483,3,EMP0078,Credit Card,Completed,20150.0,19910.0
ORD0009183,2022-10-05,20221005,CUS01567,5,EMP0108,Vodafone Cash,Completed,2360.5,1240.0
ORD0002076,2022-10-05,20221005,CUS01850,5,EMP0096,Cash,Completed,1458.0,810.0
ORD0009329,2022-10-05,20221005,CUS01156,13,EMP0193,Vodafone Cash,Returned,580.0,290.0
ORD0003203,2022-10-05,20221005,CUS01785,13,EMP0190,InstaPay,Completed,900.0,480.0
ORD0007135,2022-10-05,20221005,CUS01882,1,EMP0004,Vodafone Cash,Returned,350.0,170.0
ORD0008987,2022-10-05,20221005,CUS00051,3,EMP0071,Credit Card,Completed,10080.0,8900.0
ORD0011768,2022-10-05,20221005,CUS02732,15,EMP0205,Vodafone Cash,Completed,1161.0,640.0
ORD0006176,2022-10-05,20221005,CUS02459,2,EMP0053,Vodafone Cash,Completed,1414.0,770.0
ORD0011833,2022-10-06,20221006,CUS00929,11,EMP0166,InstaPay,Completed,9990.0,8480.0
ORD0010409,2022-10-06,20221006,CUS00384,2,EMP0046,  InstaPay  ,Completed,23850.0,21020.0
ORD0004904,2022-10-06,20221006,CUS01976,11,EMP0169,  Cash  ,Cancelled,1467.0,800.0
ORD0001075,2022-10-06,20221006,CUS01035,8,EMP0138,Fawry,Completed,494.0,240.0
ORD0009165,2022-10-06,20221006,CUS02096,3,EMP0064,Cash,Completed,2776.0,1430.0
ORD0002732,2022-10-06,20221006,CUS02537,3,EMP0058,Vodafone Cash,Completed,1362.0,790.0
ORD0007618,2022-10-06,20221006,CUS01168,12,EMP0183,  Fawry  ,Completed,1800.0,1010.0
ORD0000208,2022-10-06,20221006,CUS01353,10,EMP0162,Fawry,Completed,243.0,130.0
ORD0009539,2022-10-06,20221006,CUS00038,2,EMP0033,Cash,Completed,442.5,230.0
ORD0004235,2022-10-06,20221006,CUS02619,3,EMP0075,Vodafone Cash,Completed,936.0,480.0
ORD0001704,2022-10-06,20221006,CUS01877,6,EMP0126,Cash,Completed,865.0,520.0
ORD0000604,2022-10-07,20221007,CUS02713,3,EMP0064,Cash,Completed,720.0,360.0
ORD0002144,2022-10-07,20221007,CUS01673,10,EMP0155,Cash,Cancelled,540.0,360.0
ORD0008115,2022-10-07,20221007,CUS00272,6,EMP0120,Debit Card,Completed,2113.0,1080.0
ORD0010924,2022-10-07,20221007,CUS01291,2,EMP0037,InstaPay,Completed,1872.0,1000.0
ORD0001966,2022-10-07,20221007,CUS00956,2,EMP0030,  InstaPay  ,Completed,1008.0,540.0
ORD0011875,2022-10-07,20221007,CUS00988,10,EMP0155,Credit Card,Completed,200.0,100.0
ORD0007382,2022-10-07,20221007,CUS00955,8,EMP0141,Debit Card,Returned,577.5,280.0
ORD0011673,2022-10-07,20221007,CUS02928,1,,  Credit Card  ,Completed,160.0,70.0
ORD0004830,2022-10-07,20221007,CUS02426,1,EMP0028,Vodafone Cash,Completed,1440.0,800.0
ORD0002947,2022-10-07,20221007,CUS02282,3,EMP0070,Credit Card,Completed,1234.0,700.0
ORD0005710,2022-10-08,20221008,CUS02803,9,EMP0147,Fawry,Returned,720.0,340.0
ORD0011336,2022-10-08,20221008,CUS00107,14,EMP0201,Debit Card,Completed,203.0,140.0
ORD0010449,2022-10-08,20221008,CUS00374,11,EMP0171,Vodafone Cash,Completed,1054.5,540.0
ORD0007482,2022-10-08,20221008,CUS01814,8,EMP0140,Vodafone Cash,Completed,918.0,510.0
ORD0001523,2022-10-08,20221008,CUS01391,12,EMP0177,Debit Card,Returned,272.0,170.0
ORD0011342,2022-10-08,20221008,CUS00020,2,EMP0039,Vodafone Cash,Completed,300.0,140.0
ORD0000435,2022-10-08,20221008,CUS00658,8,EMP0138,Debit Card,Completed,631.0,360.0
ORD0001201,2022-10-08,20221008,CUS02377,12,EMP0184,Debit Card,Completed,324.0,180.0
ORD0001686,2022-10-09,20221009,CUS00146,4,EMP0088,Cash,Completed,247.0,120.0
ORD0008734,2022-10-09,20221009,CUS00098,4,EMP0087,Debit Card,Completed,2876.0,1540.0
ORD0003942,2022-10-09,20221009,CUS02081,12,EMP0184,  Credit Card  ,Completed,2022.0,1170.0
ORD0002189,2022-10-09,20221009,CUS01389,14,EMP0201,  Debit Card  ,Cancelled,342.0,180.0
ORD0000775,2022-10-09,20221009,CUS02740,7,EMP0128,Vodafone Cash,Completed,520.0,250.0
ORD0003834,2022-10-09,20221009,CUS01578,13,EMP0186,Credit Card,Completed,432.0,210.0
ORD0005128,2022-10-09,20221009,CUS02612,14,EMP0199,  Vodafone Cash  ,Completed,157.5,100.0
ORD0002221,2022-10-09,20221009,CUS01303,3,EMP0063,Cash,Completed,1112.5,610.0
ORD0011662,2022-10-09,20221009,CUS00273,10,EMP0159,Credit Card,Completed,1472.5,800.0
ORD0006929,2022-10-09,20221009,CUS01854,11,,  Cash  ,Completed,90.0,40.0
ORD0009711,2022-10-09,20221009,CUS02991,2,EMP0029,Vodafone Cash,Completed,2292.0,1150.0
ORD0004652,2022-10-09,20221009,CUS01746,2,EMP0044,InstaPay,Completed,4130.0,3800.0
ORD0011828,2022-10-09,20221009,CUS00681,8,EMP0140,  Debit Card  ,Completed,16781.0,15350.0
ORD0005914,2022-10-09,20221009,CUS01589,2,EMP0037,Vodafone Cash,Completed,3584.0,1860.0
ORD0005652,2022-10-10,20221010,CUS00386,4,EMP0079,  Fawry  ,Completed,864.0,470.0
ORD0007837,2022-10-10,20221010,CUS02453,6,EMP0118,Credit Card,Completed,2537.5,1440.0
ORD0004545,2022-10-10,20221010,CUS00947,2,EMP0032,Cash,Completed,510.0,250.0
ORD0011923,2022-10-10,20221010,CUS02794,13,EMP0186,Debit Card,Completed,320.0,140.0
ORD0001009,2022-10-10,20221010,CUS00631,8,EMP0141,  InstaPay  ,Completed,280.0,140.0
ORD0004461,2022-10-10,20221010,CUS00009,5,EMP0103,Cash,Completed,10767.0,8300.0
ORD0006472,2022-10-10,20221010,CUS01226,8,EMP0141,InstaPay,Completed,480.0,220.0
ORD0007426,2022-10-10,20221010,CUS00614,11,EMP0164,Cash,Returned,450.0,210.0
ORD0008446,2022-10-10,20221010,CUS01440,11,EMP0170,  Cash  ,Completed,1204.0,620.0
ORD0010436,2022-10-11,20221011,CUS02060,14,EMP0201,Fawry,Cancelled,405.0,240.0
ORD0003253,2022-10-11,20221011,CUS01006,3,EMP0077,Credit Card,Completed,387.0,210.0
ORD0009092,2022-10-11,20221011,CUS02357,2,EMP0042,InstaPay,Completed,189.0,100.0
ORD0011992,2022-10-11,20221011,CUS01713,6,EMP0115,Cash,Completed,788.5,410.0
ORD0007758,2022-10-11,20221011,CUS02625,10,EMP0154,Cash,Completed,1627.5,880.0
ORD0009004,2022-10-11,20221011,CUS02201,10,EMP0162,Credit Card,Completed,18776.0,15540.0
ORD0009599,2022-10-11,20221011,CUS02651,5,EMP0101,Debit Card,Completed,540.0,260.0
ORD0003353,2022-10-11,20221011,CUS01526,1,EMP0016,InstaPay,Completed,3260.0,2310.0
ORD0004213,2022-10-11,20221011,CUS02443,2,EMP0029,Fawry,Completed,945.0,570.0
ORD0000184,2022-10-11,20221011,CUS00246,2,EMP0040,Cash,Cancelled,600.0,290.0
ORD0002736,2022-10-11,20221011,CUS00854,8,EMP0138,InstaPay,Completed,9556.0,8840.0
ORD0010871,2022-10-11,20221011,CUS00792,10,EMP0153,Cash,Completed,580.0,260.0
ORD0008184,2022-10-11,20221011,CUS00187,6,EMP0114,InstaPay,Completed,358.5,210.0
ORD0010239,2022-10-12,20221012,CUS02729,15,EMP0210,Fawry,Completed,3006.0,1560.0
ORD0001917,2022-10-12,20221012,CUS02252,3,EMP0068,Cash,Completed,3125.5,1620.0
ORD0002175,2022-10-12,20221012,CUS00387,4,,InstaPay,Completed,2140.0,1870.0
ORD0000060,2022-10-12,20221012,CUS00707,14,EMP0197,InstaPay,Completed,916.0,440.0
ORD0009000,2022-10-12,20221012,CUS00085,3,EMP0065,Cash,Completed,136.0,80.0
ORD0007125,2022-10-12,20221012,CUS00107,1,EMP0027,  Fawry  ,Completed,1020.0,490.0
ORD0002022,2022-10-12,20221012,CUS02619,4,EMP0092,Fawry,Completed,3027.0,1610.0
ORD0005494,2022-10-12,20221012,CUS00659,14,EMP0201,  Fawry  ,Completed,10834.5,8550.0
ORD0009169,2022-10-12,20221012,CUS00217,5,EMP0111,  Fawry  ,Completed,380.0,180.0
ORD0007142,2022-10-12,20221012,CUS00718,4,EMP0085,  Cash  ,Completed,4891.5,4510.0
ORD0006308,2022-10-12,20221012,CUS01625,9,EMP0146,InstaPay,Completed,170.0,80.0
ORD0004824,2022-10-13,20221013,CUS01165,9,EMP0149,Vodafone Cash,Returned,1170.0,560.0
ORD0004762,2022-10-13,20221013,CUS01105,1,EMP0006,Vodafone Cash,Completed,930.0,560.0
ORD0001071,2022-10-13,20221013,CUS00324,3,EMP0060,  InstaPay  ,Completed,152.0,70.0
ORD0003835,2022-10-13,20221013,CUS01906,13,EMP0193,InstaPay,Returned,1120.0,700.0
ORD0000115,2022-10-13,20221013,CUS00091,2,EMP0030,  InstaPay  ,Completed,144.0,70.0
ORD0007302,2022-10-13,20221013,CUS02051,11,EMP0173,Fawry,Completed,1476.0,770.0
ORD0010115,2022-10-13,20221013,CUS02667,6,EMP0119,Fawry,Completed,2867.5,1460.0
ORD0007670,2022-10-13,20221013,CUS02679,1,EMP0014,Fawry,Completed,304.0,160.0
ORD0008540,2022-10-13,20221013,CUS01823,8,,Cash,Cancelled,1600.0,1600.0
ORD0005044,2022-10-13,20221013,CUS01995,8,EMP0139,Debit Card,Cancelled,17134.0,13130.0
ORD0006077,2022-10-14,20221014,CUS02914,10,EMP0155,  InstaPay  ,Completed,2331.0,1220.0
ORD0009281,2022-10-14,20221014,CUS02890,5,EMP0108,Cash,Completed,30345.0,26610.0
ORD0005139,2022-10-14,20221014,CUS01149,5,EMP0096,Credit Card,Completed,1732.0,840.0
ORD0001449,2022-10-14,20221014,CUS01072,3,EMP0057,  Fawry  ,Returned,1000.0,490.0
ORD0009372,2022-10-14,20221014,CUS02808,4,EMP0091,Credit Card,Completed,190.0,90.0
ORD0004266,2022-10-14,20221014,CUS02947,1,EMP0020,  Cash  ,Completed,3960.0,3020.0
ORD0001718,2022-10-14,20221014,CUS01763,15,EMP0214,Vodafone Cash,Completed,432.0,230.0
ORD0007243,2022-10-14,20221014,CUS00482,5,EMP0111,Cash,Completed,15872.5,13560.0
ORD0001489,2022-10-14,20221014,CUS02113,10,EMP0163,  Vodafone Cash  ,Completed,1900.0,1600.0
ORD0003470,2022-10-14,20221014,CUS00534,10,EMP0161,Credit Card,Completed,2030.0,990.0
ORD0006964,2022-10-14,20221014,CUS00163,5,EMP0112,Cash,Returned,8109.5,7640.0
ORD0008442,2022-10-15,20221015,CUS02536,5,EMP0111,Debit Card,Completed,8062.0,6160.0
ORD0004651,2022-10-15,20221015,CUS02564,1,EMP0003,Credit Card,Completed,1609.0,820.0
ORD0002207,2022-10-15,20221015,CUS01434,11,EMP0167,Debit Card,Completed,855.0,440.0
ORD0003187,2022-10-15,20221015,CUS02766,10,EMP0163,InstaPay,Completed,1062.0,560.0
ORD0001192,2022-10-15,20221015,CUS01922,12,EMP0175,Vodafone Cash,Completed,19144.0,15190.0
ORD0001837,2022-10-15,20221015,CUS02713,3,EMP0063,Vodafone Cash,Completed,1123.0,560.0
ORD0005870,2022-10-15,20221015,CUS02931,3,EMP0071,Fawry,Completed,3124.0,1700.0
ORD0003410,2022-10-16,20221016,CUS02923,14,,Debit Card,Completed,522.0,290.0
ORD0004134,2022-10-16,20221016,CUS02571,2,EMP0044,Cash,Cancelled,1324.0,690.0
ORD0009065,2022-10-16,20221016,CUS01460,13,EMP0190,  Vodafone Cash  ,Completed,1078.5,560.0
ORD0004429,2022-10-16,20221016,CUS02502,7,EMP0127,Credit Card,Completed,304.0,140.0
ORD0011683,2022-10-16,20221016,CUS02929,9,EMP0149,Vodafone Cash,Completed,1842.0,1280.0
ORD0010696,2022-10-16,20221016,CUS01960,1,EMP0023,Fawry,Completed,8000.0,6400.0
ORD0004896,2022-10-16,20221016,CUS00948,12,EMP0180,InstaPay,Completed,234.0,120.0
ORD0006986,2022-10-16,20221016,CUS01611,6,EMP0123,Credit Card,Completed,469.5,260.0
ORD0011436,2022-10-16,20221016,CUS01599,3,EMP0066,Debit Card,Completed,1220.0,600.0
ORD0004607,2022-10-16,20221016,CUS01995,2,EMP0041,Credit Card,Returned,835.5,420.0
ORD0005847,2022-10-16,20221016,CUS02842,14,EMP0200,Vodafone Cash,Completed,1656.0,860.0
ORD0011682,2022-10-16,20221016,CUS02046,1,EMP0007,InstaPay,Returned,127.5,70.0
ORD0006055,2022-10-16,20221016,CUS01973,6,EMP0122,  Fawry  ,Completed,21490.0,20570.0
ORD0011487,2022-10-17,20221017,CUS01403,1,EMP0009,Vodafone Cash,Completed,918.0,500.0
ORD0001731,2022-10-17,20221017,CUS01255,1,EMP0007,Cash,Completed,127.5,70.0
ORD0010972,2022-10-17,20221017,CUS02147,5,EMP0105,Cash,Completed,13810.0,10800.0
ORD0006897,2022-10-17,20221017,CUS01011,9,EMP0145,  InstaPay  ,Completed,850.0,420.0
ORD0003855,2022-10-17,20221017,CUS01941,1,EMP0004,  Credit Card  ,Completed,207.0,110.0
ORD0010629,2022-10-17,20221017,CUS01076,13,EMP0188,Cash,Completed,1740.5,840.0
ORD0006322,2022-10-17,20221017,CUS00645,12,EMP0179,Vodafone Cash,Completed,680.0,340.0
ORD0011713,2022-10-17,20221017,CUS01542,5,EMP0101,Vodafone Cash,Completed,393.5,210.0
ORD0006839,2022-10-18,20221018,CUS00550,9,EMP0147,Vodafone Cash,Completed,190.0,100.0
ORD0004826,2022-10-18,20221018,CUS02084,12,EMP0180,Credit Card,Completed,6846.0,5340.0
ORD0011280,2022-10-18,20221018,CUS00234,6,EMP0114,  Cash  ,Completed,17460.0,15240.0
ORD0006197,2022-10-18,20221018,CUS00920,9,EMP0150,Cash,Completed,18390.0,15240.0
ORD0010886,2022-10-18,20221018,CUS02341,13,EMP0186,Fawry,Completed,17880.0,18310.0
ORD0006216,2022-10-18,20221018,CUS01444,3,EMP0068,InstaPay,Completed,2055.5,1020.0
ORD0011915,2022-10-18,20221018,CUS01575,4,EMP0084,Fawry,Completed,686.0,480.0
ORD0001202,2022-10-18,20221018,CUS00748,2,EMP0042,Debit Card,Completed,1057.5,540.0
ORD0000636,2022-10-18,20221018,CUS02330,5,EMP0109,Vodafone Cash,Cancelled,1368.0,690.0
ORD0003893,2022-10-18,20221018,CUS02291,13,EMP0185,Cash,Completed,947.0,490.0
ORD0003175,2022-10-19,20221019,CUS00227,5,EMP0107,Debit Card,Completed,8490.0,7300.0
ORD0005206,2022-10-19,20221019,CUS02154,2,EMP0035,Cash,Completed,270.0,160.0
ORD0008404,2022-10-19,20221019,CUS00095,4,EMP0091,  Debit Card  ,Completed,663.5,320.0
ORD0009487,2022-10-19,20221019,CUS02937,4,EMP0083,Fawry,Completed,270.0,130.0
ORD0006663,2022-10-19,20221019,CUS00054,2,EMP0045,Debit Card,Completed,906.5,450.0
ORD0007516,2022-10-19,20221019,CUS01596,5,EMP0110,  Vodafone Cash  ,Completed,25080.0,21200.0
ORD0002228,2022-10-19,20221019,CUS01692,12,EMP0178,Fawry,Completed,752.0,350.0
ORD0002483,2022-10-19,20221019,CUS00255,4,EMP0089,  InstaPay  ,Completed,2112.0,1090.0
ORD0005355,2022-10-19,20221019,CUS00306,2,EMP0037,Debit Card,Completed,802.0,460.0
ORD0001860,2022-10-19,20221019,CUS02318,12,EMP0184,  InstaPay  ,Completed,1980.5,990.0
ORD0008989,2022-10-19,20221019,CUS01171,10,EMP0161,Cash,Completed,208.0,130.0
ORD0008376,2022-10-20,20221020,CUS01368,4,EMP0089,Cash,Completed,803.0,410.0
ORD0004832,2022-10-20,20221020,CUS01581,4,EMP0093,Credit Card,Returned,24260.0,23960.0
ORD0004365,2022-10-20,20221020,CUS01039,5,EMP0102,Debit Card,Completed,1326.0,680.0
ORD0009628,2022-10-20,20221020,CUS01931,13,EMP0185,Credit Card,Completed,622.0,300.0
ORD0004138,2022-10-20,20221020,CUS01070,7,EMP0130,InstaPay,Completed,2180.0,1080.0
ORD0000239,2022-10-20,20221020,CUS00611,6,EMP0126,InstaPay,Completed,9595.0,8100.0
ORD0006966,2022-10-20,20221020,CUS00645,6,EMP0113,InstaPay,Completed,391.5,220.0
ORD0010367,2022-10-20,20221020,CUS01404,2,EMP0040,  Vodafone Cash  ,Completed,622.5,410.0
ORD0002536,2022-10-20,20221020,CUS00756,1,EMP0009,Cash,Completed,410.0,200.0
ORD0008007,2022-10-20,20221020,CUS00999,7,EMP0130,InstaPay,Completed,1609.5,920.0
ORD0003917,2022-10-20,20221020,CUS00182,3,EMP0073,  Fawry  ,Returned,51260.0,43040.0
ORD0003296,2022-10-20,20221020,CUS01820,12,EMP0183,Fawry,Completed,487.0,250.0
ORD0005373,2022-10-21,20221021,CUS01593,4,EMP0084,  Vodafone Cash  ,Completed,11050.0,10400.0
ORD0009908,2022-10-21,20221021,CUS01586,11,EMP0166,Credit Card,Completed,2188.5,1060.0
ORD0011216,2022-10-21,20221021,CUS01543,1,EMP0026,Vodafone Cash,Completed,445.0,210.0
ORD0004790,2022-10-21,20221021,CUS00004,6,,  Debit Card  ,Completed,617.0,320.0
ORD0003570,2022-10-21,20221021,CUS00080,4,EMP0088,  Credit Card  ,Completed,2000.0,1600.0
ORD0008333,2022-10-21,20221021,CUS02891,12,EMP0178,Fawry,Returned,1044.0,560.0
ORD0001682,2022-10-21,20221021,CUS00535,2,EMP0039,Debit Card,Completed,911.5,490.0
ORD0003724,2022-10-21,20221021,CUS01397,4,EMP0085,Fawry,Completed,90.0,40.0
ORD0004163,2022-10-21,20221021,CUS01972,7,EMP0133,Credit Card,Completed,333.0,180.0
ORD0006689,2022-10-21,20221021,CUS01954,3,EMP0060,Vodafone Cash,Completed,76.5,40.0
ORD0006937,2022-10-21,20221021,CUS02821,4,EMP0090,Vodafone Cash,Completed,510.0,250.0
ORD0001716,2022-10-21,20221021,CUS01765,3,EMP0077,Debit Card,Completed,661.0,350.0
ORD0008521,2022-10-21,20221021,CUS02305,8,EMP0144,Vodafone Cash,Returned,142.5,70.0
ORD0004379,2022-10-21,20221021,CUS01028,6,EMP0113,Cash,Completed,190.0,90.0
ORD0008980,2022-10-21,20221021,CUS02285,3,EMP0057,InstaPay,Completed,680.0,320.0
ORD0000479,2022-10-21,20221021,CUS01464,5,EMP0110,  Fawry  ,Completed,1308.0,630.0
ORD0000541,2022-10-21,20221021,CUS01087,2,EMP0041,Credit Card,Completed,136.0,70.0
ORD0005509,2022-10-21,20221021,CUS00522,13,EMP0191,  InstaPay  ,Completed,672.0,340.0
ORD0007468,2022-10-21,20221021,CUS02525,3,EMP0071,InstaPay,Completed,570.0,400.0
ORD0003785,2022-10-22,20221022,CUS00765,9,EMP0150,  Fawry  ,Completed,503.0,280.0
ORD0008660,2022-10-22,20221022,CUS00292,3,EMP0074,Credit Card,Completed,12608.0,10040.0
ORD0009469,2022-10-22,20221022,CUS02691,5,EMP0111,Credit Card,Completed,1120.0,560.0
ORD0006040,2022-10-22,20221022,CUS01108,2,EMP0051,Vodafone Cash,Completed,738.0,430.0
ORD0005960,2022-10-22,20221022,CUS00782,12,EMP0174,Credit Card,Completed,266.0,140.0
ORD0008682,2022-10-22,20221022,CUS02877,2,EMP0030,Debit Card,Completed,720.0,390.0
ORD0002375,2022-10-22,20221022,CUS02236,5,EMP0098,Fawry,Completed,1656.0,860.0
ORD0006131,2022-10-22,20221022,CUS01487,2,EMP0029,Vodafone Cash,Completed,484.5,240.0
ORD0008122,2022-10-22,20221022,CUS00244,2,EMP0031,InstaPay,Completed,270.0,140.0
ORD0008473,2022-10-22,20221022,CUS01405,15,EMP0216,InstaPay,Completed,318.0,170.0
ORD0005069,2022-10-22,20221022,CUS02252,4,EMP0080,  InstaPay  ,Completed,40230.0,35700.0
ORD0005395,2022-10-23,20221023,CUS00440,10,EMP0156,Fawry,Completed,3834.0,2080.0
ORD0009644,2022-10-23,20221023,CUS02638,15,EMP0216,Debit Card,Completed,255.0,140.0
ORD0003115,2022-10-23,20221023,CUS01600,3,EMP0055,Cash,Completed,1428.5,750.0
ORD0011861,2022-10-23,20221023,CUS00264,3,EMP0073,Vodafone Cash,Completed,306.0,160.0
ORD0010204,2022-10-24,20221024,CUS00309,11,EMP0173,  InstaPay  ,Completed,896.0,560.0
ORD0009344,2022-10-24,20221024,CUS02395,7,EMP0132,InstaPay,Completed,24240.0,24300.0
ORD0001995,2022-10-24,20221024,CUS01475,1,EMP0012,Vodafone Cash,Returned,545.5,320.0
ORD0009814,2022-10-24,20221024,CUS01173,1,EMP0017,  Debit Card  ,Completed,731.5,380.0
ORD0001111,2022-10-24,20221024,CUS02009,6,EMP0114,  InstaPay  ,Completed,1920.0,2000.0
ORD0007973,2022-10-24,20221024,CUS01134,2,EMP0032,InstaPay,Completed,560.0,280.0
ORD0006014,2022-10-24,20221024,CUS02959,1,EMP0011,Fawry,Completed,1937.0,1010.0
ORD0010515,2022-10-24,20221024,CUS01172,1,EMP0020,  Debit Card  ,Completed,2180.0,1080.0
ORD0007572,2022-10-24,20221024,CUS02891,12,EMP0181,Cash,Completed,170.0,80.0
ORD0001465,2022-10-24,20221024,CUS01490,8,EMP0138,Fawry,Completed,2249.5,1140.0
ORD0007248,2022-10-24,20221024,CUS01947,10,EMP0154,Credit Card,Completed,777.0,380.0
ORD0005005,2022-10-24,20221024,CUS00751,6,EMP0120,Vodafone Cash,Completed,12690.0,10570.0
ORD0001538,2022-10-24,20221024,CUS01860,6,EMP0116,Credit Card,Completed,456.0,240.0
ORD0008505,2022-10-24,20221024,CUS02304,5,,InstaPay,Completed,710.0,350.0
ORD0009168,2022-10-25,20221025,CUS01886,10,EMP0155,Cash,Completed,592.0,300.0
ORD0010807,2022-10-25,20221025,CUS00258,4,EMP0087,InstaPay,Completed,1080.0,490.0
ORD0008295,2022-10-25,20221025,CUS02228,1,EMP0022,InstaPay,Completed,142.5,70.0
ORD0003181,2022-10-25,20221025,CUS01142,6,EMP0120,Fawry,Completed,1880.0,1640.0
ORD0003205,2022-10-25,20221025,CUS01143,1,EMP0013,Vodafone Cash,Completed,1306.0,690.0
ORD0000004,2022-10-25,20221025,CUS01046,7,EMP0134,  InstaPay  ,Completed,1190.0,600.0
ORD0010566,2022-10-25,20221025,CUS01353,4,EMP0091,Vodafone Cash,Completed,1249.5,710.0
ORD0003757,2022-10-25,20221025,CUS00245,11,EMP0173,Debit Card,Completed,117.0,60.0
ORD0005908,2022-10-25,20221025,CUS00596,7,EMP0130,Vodafone Cash,Completed,26975.5,21280.0
ORD0006318,2022-10-25,20221025,CUS01499,3,EMP0068,  Vodafone Cash  ,Completed,1734.0,870.0
ORD0008626,2022-10-25,20221025,CUS02296,1,EMP0005,Vodafone Cash,Completed,1226.0,700.0
ORD0009412,2022-10-25,20221025,CUS01633,12,EMP0178,Vodafone Cash,Returned,978.0,560.0
ORD0004123,2022-10-25,20221025,CUS01351,5,EMP0112,Vodafone Cash,Completed,300.0,140.0
ORD0011127,2022-10-26,20221026,CUS02136,8,EMP0140,Credit Card,Returned,674.0,340.0
ORD0007462,2022-10-26,20221026,CUS00561,5,EMP0102,Credit Card,Completed,135.0,70.0
ORD0003467,2022-10-26,20221026,CUS01640,5,EMP0112,InstaPay,Completed,280.0,140.0
ORD0009477,2022-10-26,20221026,CUS00076,2,EMP0030,Vodafone Cash,Completed,1560.0,800.0
ORD0004588,2022-10-26,20221026,CUS02793,9,EMP0150,Cash,Completed,1376.0,840.0
ORD0010225,2022-10-26,20221026,CUS02189,4,EMP0087,InstaPay,Returned,130.0,60.0
ORD0005210,2022-10-26,20221026,CUS01868,2,EMP0047,Credit Card,Completed,999.0,530.0
ORD0008215,2022-10-26,20221026,CUS02205,11,EMP0167,Cash,Completed,560.0,280.0
ORD0000973,2022-10-26,20221026,CUS01693,3,EMP0065,Fawry,Completed,210.0,140.0
ORD0009810,2022-10-27,20221027,CUS01716,6,EMP0119,Vodafone Cash,Completed,55670.0,44480.0
ORD0005624,2022-10-27,20221027,CUS02258,12,EMP0180,  Fawry  ,Completed,646.0,320.0
ORD0002190,2022-10-28,20221028,CUS02626,3,EMP0064,Vodafone Cash,Completed,375.0,190.0
ORD0008288,2022-10-28,20221028,CUS01637,3,EMP0071,Debit Card,Completed,2254.0,1170.0
ORD0009636,2022-10-28,20221028,CUS01860,2,EMP0041,Vodafone Cash,Completed,247.0,120.0
ORD0003440,2022-10-28,20221028,CUS02614,5,,Cash,Cancelled,234.0,130.0
ORD0003290,2022-10-28,20221028,CUS00714,4,EMP0094,Credit Card,Completed,2173.0,1100.0
ORD0008904,2022-10-28,20221028,CUS00637,4,EMP0081,  InstaPay  ,Completed,1143.0,590.0
ORD0009019,2022-10-28,20221028,CUS02616,2,EMP0046,Cash,Completed,2496.0,1290.0
ORD0005744,2022-10-28,20221028,CUS00258,1,EMP0005,Credit Card,Completed,2818.5,1470.0
ORD0007543,2022-10-28,20221028,CUS02997,9,EMP0151,Credit Card,Returned,1672.5,870.0
ORD0004055,2022-10-28,20221028,CUS01296,5,EMP0110,Credit Card,Completed,2952.0,1600.0
ORD0000443,2022-10-28,20221028,CUS02709,2,EMP0044,Debit Card,Completed,360.0,170.0
ORD0003690,2022-10-29,20221029,CUS00811,1,EMP0001,Credit Card,Completed,1434.0,810.0
ORD0011176,2022-10-29,20221029,CUS02473,12,EMP0180,Fawry,Cancelled,1752.0,990.0
ORD0004168,2022-10-29,20221029,CUS00877,4,EMP0088,Debit Card,Returned,1476.5,810.0
ORD0003370,2022-10-29,20221029,CUS01209,11,,Fawry,Completed,2800.0,1400.0
ORD0001278,2022-10-29,20221029,CUS00733,3,,Cash,Completed,1870.0,1730.0
ORD0000320,2022-10-29,20221029,CUS00084,10,EMP0153,Credit Card,Completed,1852.0,1000.0
ORD0001805,2022-10-29,20221029,CUS01842,11,EMP0173,  Credit Card  ,Completed,340.0,200.0
ORD0003477,2022-10-29,20221029,CUS00939,5,EMP0103,InstaPay,Completed,715.5,460.0
ORD0010144,2022-10-29,20221029,CUS01084,1,EMP0007,Credit Card,Completed,112.0,60.0
ORD0003200,2022-10-29,20221029,CUS00223,1,EMP0015,Fawry,Completed,960.0,460.0
ORD0007452,2022-10-29,20221029,CUS01313,14,EMP0196,Credit Card,Completed,1329.0,640.0
ORD0002757,2022-10-30,20221030,CUS00357,7,EMP0130,Credit Card,Completed,1580.0,840.0
ORD0011106,2022-10-30,20221030,CUS02682,3,EMP0064,Fawry,Returned,18575.0,15420.0
ORD0003708,2022-10-30,20221030,CUS02969,5,EMP0107,  Fawry  ,Completed,399.5,230.0
ORD0003749,2022-10-30,20221030,CUS01547,15,EMP0204,  Fawry  ,Completed,16851.5,13210.0
ORD0010669,2022-10-30,20221030,CUS00148,13,EMP0190,InstaPay,Completed,165.0,110.0
ORD0004854,2022-10-30,20221030,CUS01613,3,EMP0060,Vodafone Cash,Completed,676.0,360.0
ORD0011988,2022-10-30,20221030,CUS01515,10,EMP0153,Debit Card,Completed,5310.0,4700.0
ORD0010933,2022-10-30,20221030,CUS01511,1,EMP0004,Cash,Completed,1425.0,740.0
ORD0003508,2022-10-30,20221030,CUS02907,13,,InstaPay,Completed,3582.0,2190.0
ORD0002481,2022-10-30,20221030,CUS00915,11,EMP0167,Debit Card,Completed,4824.0,2390.0
ORD0007705,2022-10-30,20221030,CUS00564,1,EMP0024,Debit Card,Completed,720.0,460.0
ORD0007880,2022-10-30,20221030,CUS00333,14,EMP0201,Cash,Completed,160.0,90.0
ORD0004206,2022-10-31,20221031,CUS00858,2,EMP0050,Credit Card,Returned,39450.0,32390.0
ORD0001226,2022-10-31,20221031,CUS02357,9,EMP0145,Vodafone Cash,Completed,420.0,230.0
ORD0008173,2022-10-31,20221031,CUS02251,14,EMP0194,Fawry,Completed,15820.0,14920.0
ORD0011447,2022-10-31,20221031,CUS00945,13,EMP0185,Debit Card,Completed,3128.5,1590.0
ORD0003174,2022-10-31,20221031,CUS00787,11,EMP0171,InstaPay,Completed,36080.0,35840.0
ORD0001062,2022-10-31,20221031,CUS02826,2,EMP0049,  Debit Card  ,Completed,24990.0,23600.0
ORD0001394,2022-10-31,20221031,CUS01871,1,EMP0001,Cash,Completed,314.5,180.0
ORD0006973,2022-10-31,20221031,CUS00839,14,EMP0200,Credit Card,Completed,2208.0,1620.0
ORD0011045,2022-10-31,20221031,CUS00394,2,EMP0054,  Credit Card  ,Completed,8060.0,6630.0
ORD0000915,2022-10-31,20221031,CUS00853,14,EMP0202,Debit Card,Cancelled,29800.0,23800.0
ORD0005456,2022-11-01,20221101,CUS00238,2,EMP0038,Vodafone Cash,Completed,1992.0,1090.0
ORD0011641,2022-11-01,20221101,CUS01159,5,EMP0107,Credit Card,Completed,1903.0,950.0
ORD0000189,2022-11-01,20221101,CUS02177,11,EMP0165,Credit Card,Returned,2305.5,1160.0
ORD0003670,2022-11-01,20221101,CUS02354,1,EMP0020,  InstaPay  ,Completed,1816.0,990.0
ORD0004694,2022-11-01,20221101,CUS01619,6,EMP0118,Credit Card,Completed,1160.0,560.0
ORD0000737,2022-11-01,20221101,CUS00178,7,EMP0136,  Debit Card  ,Completed,2022.0,1060.0
ORD0006456,2022-11-01,20221101,CUS01789,2,EMP0041,Vodafone Cash,Completed,2520.0,2140.0
ORD0001769,2022-11-01,20221101,CUS02161,8,EMP0140,  InstaPay  ,Completed,865.5,430.0
ORD0003400,2022-11-01,20221101,CUS00273,12,EMP0178,Debit Card,Cancelled,230.0,110.0
ORD0009817,2022-11-01,20221101,CUS01545,11,EMP0169,  Debit Card  ,Completed,1000.0,480.0
ORD0001749,2022-11-02,20221102,CUS02135,4,EMP0080,Fawry,Completed,2157.0,1110.0
ORD0003884,2022-11-02,20221102,CUS02908,4,EMP0087,Cash,Completed,300.0,140.0
ORD0001750,2022-11-02,20221102,CUS02205,11,EMP0171,InstaPay,Completed,1475.0,780.0
ORD0011545,2022-11-02,20221102,CUS01218,4,EMP0081,Fawry,Completed,484.5,250.0
ORD0005840,2022-11-02,20221102,CUS02814,1,,Debit Card,Completed,8335.0,8410.0
ORD0000351,2022-11-02,20221102,CUS01443,2,EMP0053,Credit Card,Completed,6380.0,5250.0
ORD0011290,2022-11-02,20221102,CUS01474,2,EMP0036,Debit Card,Completed,2389.0,1760.0
ORD0010111,2022-11-02,20221102,CUS01771,2,EMP0049,  Credit Card  ,Completed,480.0,240.0
ORD0000803,2022-11-02,20221102,CUS02390,11,EMP0165,Debit Card,Completed,25080.0,21000.0
ORD0010609,2022-11-02,20221102,CUS02483,2,EMP0049,Debit Card,Cancelled,342.0,170.0
ORD0008935,2022-11-02,20221102,CUS01086,4,EMP0091,Vodafone Cash,Returned,48136.0,51070.0
ORD0007823,2022-11-02,20221102,CUS00187,14,EMP0202,Debit Card,Completed,631.0,350.0
ORD0011494,2022-11-02,20221102,CUS01032,1,EMP0028,  Credit Card  ,Returned,540.0,330.0
ORD0005644,2022-11-02,20221102,CUS02200,2,EMP0032,Debit Card,Completed,540.0,360.0
ORD0004950,2022-11-02,20221102,CUS02107,3,EMP0064,Credit Card,Completed,1629.5,950.0
ORD0006652,2022-11-03,20221103,CUS02320,2,EMP0048,Vodafone Cash,Completed,969.5,550.0
ORD0002758,2022-11-03,20221103,CUS00861,4,EMP0087,Debit Card,Completed,53274.5,47380.0
ORD0000839,2022-11-03,20221103,CUS00138,14,EMP0195,Cash,Completed,13821.0,10930.0
ORD0002131,2022-11-03,20221103,CUS01818,6,EMP0120,Cash,Completed,1563.0,840.0
ORD0002034,2022-11-03,20221103,CUS00645,6,EMP0115,Vodafone Cash,Completed,440.0,220.0
ORD0008770,2022-11-03,20221103,CUS01782,1,EMP0013,Fawry,Completed,847.5,440.0
ORD0003699,2022-11-03,20221103,CUS01977,11,EMP0170,  Fawry  ,Completed,1440.0,690.0
ORD0004191,2022-11-03,20221103,CUS00568,6,,Credit Card,Completed,1060.0,570.0
ORD0004980,2022-11-03,20221103,CUS01204,8,EMP0139,Debit Card,Completed,240.0,110.0
ORD0009963,2022-11-03,20221103,CUS01212,11,EMP0169,Cash,Completed,1520.0,840.0
ORD0010841,2022-11-03,20221103,CUS01865,1,EMP0007,  Fawry  ,Completed,1045.0,530.0
ORD0007949,2022-11-04,20221104,CUS00869,2,EMP0045,Vodafone Cash,Completed,450.0,280.0
ORD0006917,2022-11-04,20221104,CUS02665,1,EMP0006,Vodafone Cash,Completed,1586.0,810.0
ORD0007027,2022-11-04,20221104,CUS01291,13,EMP0190,Credit Card,Completed,3170.0,1560.0
ORD0002434,2022-11-04,20221104,CUS02100,1,EMP0023,InstaPay,Completed,2448.0,1410.0
ORD0006702,2022-11-04,20221104,CUS02172,2,EMP0045,  Cash  ,Completed,800.0,380.0
ORD0009606,2022-11-04,20221104,CUS00922,4,EMP0094,  Debit Card  ,Completed,2130.0,1070.0
ORD0006949,2022-11-04,20221104,CUS02996,5,EMP0095,  InstaPay  ,Completed,396.0,180.0
ORD0007651,2022-11-04,20221104,CUS02387,14,,Cash,Completed,412.5,220.0
ORD0002396,2022-11-04,20221104,CUS00663,3,EMP0067,Fawry,Completed,805.0,410.0
ORD0009685,2022-11-04,20221104,CUS01121,5,EMP0108,Cash,Completed,769.5,390.0
ORD0005014,2022-11-05,20221105,CUS01034,2,EMP0053,Vodafone Cash,Completed,1680.0,820.0
ORD0007362,2022-11-05,20221105,CUS00267,12,EMP0176,Credit Card,Completed,680.0,390.0
ORD0000535,2022-11-05,20221105,CUS02869,2,EMP0031,Debit Card,Completed,2190.0,1070.0
ORD0005024,2022-11-05,20221105,CUS01741,4,EMP0083,Cash,Completed,2668.0,2220.0
ORD0011846,2022-11-05,20221105,CUS00496,10,EMP0158,Fawry,Completed,85.5,40.0
ORD0010803,2022-11-05,20221105,CUS00113,14,EMP0197,Credit Card,Returned,250.0,120.0
ORD0004523,2022-11-05,20221105,CUS01248,6,EMP0120,Cash,Completed,1320.0,730.0
ORD0001474,2022-11-05,20221105,CUS01615,3,EMP0069,Debit Card,Completed,22160.0,19500.0
ORD0009201,2022-11-05,20221105,CUS01518,3,EMP0069,  Debit Card  ,Completed,409.5,210.0
ORD0003583,2022-11-05,20221105,CUS00275,9,EMP0149,  Fawry  ,Completed,701.0,380.0
ORD0005836,2022-11-05,20221105,CUS02254,1,EMP0004,InstaPay,Cancelled,504.0,290.0
ORD0003560,2022-11-05,20221105,CUS00540,14,EMP0197,Debit Card,Completed,432.0,220.0
ORD0003874,2022-11-06,20221106,CUS00101,3,EMP0065,Credit Card,Completed,720.0,360.0
ORD0002580,2022-11-06,20221106,CUS00137,4,EMP0083,Vodafone Cash,Returned,2160.0,2100.0
ORD0003862,2022-11-06,20221106,CUS01775,13,EMP0191,Debit Card,Completed,270.0,130.0
ORD0010068,2022-11-06,20221106,CUS02787,6,EMP0125,Cash,Completed,2680.5,1940.0
ORD0007379,2022-11-06,20221106,CUS01557,11,EMP0165,Vodafone Cash,Completed,567.0,310.0
ORD0008053,2022-11-06,20221106,CUS02515,7,EMP0128,Credit Card,Completed,472.0,290.0
ORD0010738,2022-11-07,20221107,CUS00033,11,EMP0164,Credit Card,Cancelled,1604.5,870.0
ORD0011267,2022-11-07,20221107,CUS01919,14,,InstaPay,Completed,1624.0,860.0
ORD0005037,2022-11-07,20221107,CUS00886,3,EMP0069,Credit Card,Completed,770.0,380.0
ORD0007164,2022-11-07,20221107,CUS01598,4,EMP0086,InstaPay,Completed,1401.0,770.0
ORD0001639,2022-11-07,20221107,CUS01189,10,EMP0154,Debit Card,Completed,701.0,360.0
ORD0009555,2022-11-07,20221107,CUS00663,6,EMP0113,InstaPay,Cancelled,1355.0,690.0
ORD0010269,2022-11-07,20221107,CUS00026,14,EMP0202,  Fawry  ,Completed,1033.0,530.0
ORD0010642,2022-11-07,20221107,CUS00489,5,EMP0108,Vodafone Cash,Completed,266.0,140.0
ORD0007274,2022-11-07,20221107,CUS00860,1,EMP0017,Credit Card,Returned,911.0,470.0
ORD0009185,2022-11-07,20221107,CUS00052,1,EMP0015,Fawry,Completed,270.0,130.0
ORD0003896,2022-11-07,20221107,CUS01268,13,EMP0186,  Debit Card  ,Completed,1382.0,690.0
ORD0000251,2022-11-07,20221107,CUS02826,5,EMP0107,Credit Card,Returned,5357.5,3010.0
ORD0004064,2022-11-07,20221107,CUS01195,10,EMP0161,Debit Card,Completed,127.5,70.0
ORD0006671,2022-11-07,20221107,CUS02580,4,EMP0091,  Fawry  ,Completed,378.0,210.0
ORD0011556,2022-11-07,20221107,CUS01507,4,EMP0084,InstaPay,Completed,3342.0,1910.0
ORD0003234,2022-11-07,20221107,CUS02322,2,EMP0053,Debit Card,Completed,152.0,80.0
ORD0001148,2022-11-08,20221108,CUS00847,4,EMP0088,InstaPay,Completed,3240.0,1600.0
ORD0000894,2022-11-08,20221108,CUS00506,4,EMP0084,Credit Card,Completed,648.0,360.0
ORD0005529,2022-11-08,20221108,CUS01918,8,EMP0138,Cash,Completed,1770.0,870.0
ORD0007332,2022-11-08,20221108,CUS01889,6,EMP0116,Debit Card,Completed,950.0,480.0
ORD0008036,2022-11-08,20221108,CUS00417,14,EMP0195,Fawry,Completed,551.0,290.0
ORD0002837,2022-11-08,20221108,CUS00540,12,EMP0179,Debit Card,Completed,1236.0,690.0
ORD0000679,2022-11-08,20221108,CUS02980,11,EMP0171,Cash,Completed,7511.0,5570.0
ORD0001213,2022-11-08,20221108,CUS02278,5,EMP0098,  Fawry  ,Returned,880.0,430.0
ORD0006130,2022-11-08,20221108,CUS01252,14,EMP0197,Cash,Completed,22531.0,21220.0
ORD0008562,2022-11-08,20221108,CUS00338,2,EMP0046,Credit Card,Completed,1149.0,580.0
ORD0008586,2022-11-09,20221109,CUS01105,7,EMP0134,Debit Card,Completed,1390.0,750.0
ORD0004782,2022-11-09,20221109,CUS02490,1,EMP0022,Vodafone Cash,Completed,585.0,300.0
ORD0009311,2022-11-09,20221109,CUS00362,6,EMP0120,Cash,Completed,2058.0,1090.0
ORD0000578,2022-11-09,20221109,CUS01818,5,EMP0101,Fawry,Completed,427.5,210.0
ORD0006677,2022-11-09,20221109,CUS01713,14,EMP0198,Vodafone Cash,Completed,304.0,140.0
ORD0010634,2022-11-09,20221109,CUS01736,7,EMP0129,Debit Card,Returned,238.0,140.0
ORD0008938,2022-11-09,20221109,CUS00552,4,EMP0086,Debit Card,Completed,12415.0,9630.0
ORD0002785,2022-11-09,20221109,CUS01748,1,EMP0027,Fawry,Completed,4014.5,2110.0
ORD0001636,2022-11-10,20221110,CUS01050,14,EMP0198,Credit Card,Completed,883.5,450.0
ORD0003866,2022-11-10,20221110,CUS02370,3,EMP0078,  Fawry  ,Completed,698.0,360.0
ORD0002282,2022-11-10,20221110,CUS01326,5,EMP0103,Vodafone Cash,Completed,1138.0,560.0
ORD0001840,2022-11-10,20221110,CUS01502,3,,Vodafone Cash,Completed,2052.5,1090.0
ORD0004726,2022-11-10,20221110,CUS01947,2,EMP0043,  Credit Card  ,Completed,210.0,100.0
ORD0006082,2022-11-10,20221110,CUS02516,4,EMP0089,Cash,Completed,600.0,280.0
ORD0002509,2022-11-10,20221110,CUS01812,2,EMP0054,Credit Card,Completed,1101.0,590.0
ORD0006089,2022-11-10,20221110,CUS01350,2,EMP0029,Debit Card,Returned,850.0,500.0
ORD0005353,2022-11-10,20221110,CUS01830,12,EMP0180,Vodafone Cash,Returned,11824.0,10440.0
ORD0010112,2022-11-10,20221110,CUS01431,5,EMP0096,Credit Card,Returned,17160.0,14080.0
ORD0008107,2022-11-10,20221110,CUS00453,10,EMP0162,InstaPay,Completed,31680.0,31500.0
ORD0011881,2022-11-10,20221110,CUS00574,11,EMP0167,Vodafone Cash,Returned,199.5,100.0
ORD0007228,2022-11-11,20221111,CUS00907,10,EMP0160,InstaPay,Completed,1143.0,590.0
ORD0008806,2022-11-11,20221111,CUS02606,1,EMP0004,Credit Card,Completed,10863.0,9530.0
ORD0005066,2022-11-11,20221111,CUS01664,1,EMP0008,Vodafone Cash,Completed,2135.0,1070.0
ORD0002916,2022-11-11,20221111,CUS01990,1,EMP0025,Credit Card,Completed,13200.0,9520.0
ORD0010766,2022-11-11,20221111,CUS02232,5,EMP0107,Vodafone Cash,Completed,1111.0,530.0
ORD0006976,2022-11-11,20221111,CUS00386,2,EMP0032,Fawry,Cancelled,1555.0,760.0
ORD0004368,2022-11-11,20221111,CUS02506,6,EMP0116,Debit Card,Completed,1738.5,900.0
ORD0005762,2022-11-11,20221111,CUS00795,7,EMP0130,Credit Card,Completed,1090.0,620.0
ORD0001034,2022-11-11,20221111,CUS00447,15,EMP0205,  Debit Card  ,Completed,4473.0,3080.0
ORD0010798,2022-11-11,20221111,CUS00271,6,EMP0122,  Cash  ,Completed,117.0,60.0
ORD0010555,2022-11-12,20221112,CUS02683,11,EMP0169,Cash,Completed,1718.0,880.0
ORD0010560,2022-11-12,20221112,CUS01542,5,EMP0098,  InstaPay  ,Completed,2303.0,1160.0
ORD0009879,2022-11-12,20221112,CUS00062,5,EMP0098,  Fawry  ,Completed,400.0,180.0
ORD0002255,2022-11-12,20221112,CUS01251,12,EMP0180,Cash,Completed,320.0,140.0
ORD0002722,2022-11-12,20221112,CUS02270,4,EMP0087,  Fawry  ,Completed,12594.0,10490.0
ORD0005905,2022-11-12,20221112,CUS00547,6,EMP0122,Debit Card,Completed,80.0,40.0
ORD0009043,2022-11-12,20221112,CUS01548,12,EMP0183,Credit Card,Cancelled,906.0,520.0
ORD0000349,2022-11-12,20221112,CUS00842,3,EMP0070,  Fawry  ,Returned,1095.0,550.0
ORD0004810,2022-11-12,20221112,CUS02710,1,EMP0009,Cash,Completed,5061.5,2480.0
ORD0007103,2022-11-12,20221112,CUS00842,15,EMP0205,Debit Card,Completed,2800.0,1390.0
ORD0000589,2022-11-12,20221112,CUS01777,1,EMP0026,Fawry,Completed,2232.5,1130.0
ORD0009348,2022-11-12,20221112,CUS00255,10,EMP0158,Cash,Completed,838.0,470.0
ORD0000009,2022-11-12,20221112,CUS02042,8,EMP0143,Credit Card,Completed,1840.0,990.0
ORD0011711,2022-11-13,20221113,CUS02401,4,EMP0086,Cash,Completed,687.5,370.0
ORD0007182,2022-11-13,20221113,CUS02845,4,EMP0081,Debit Card,Completed,13270.0,12970.0
ORD0002596,2022-11-13,20221113,CUS02028,5,EMP0099,Fawry,Completed,3122.0,1730.0
ORD0010218,2022-11-13,20221113,CUS01921,7,EMP0135,Vodafone Cash,Completed,523.0,270.0
ORD0010509,2022-11-13,20221113,CUS00704,3,EMP0059,Vodafone Cash,Completed,374.0,220.0
ORD0001376,2022-11-13,20221113,CUS00344,5,EMP0111,InstaPay,Returned,3040.0,1560.0
ORD0001544,2022-11-14,20221114,CUS02313,3,EMP0061,Vodafone Cash,Completed,190.0,100.0
ORD0003736,2022-11-14,20221114,CUS01302,6,,Cash,Completed,1430.5,770.0
ORD0005447,2022-11-14,20221114,CUS02449,6,EMP0125,InstaPay,Completed,1272.0,740.0
ORD0004516,2022-11-14,20221114,CUS02992,11,EMP0165,Fawry,Completed,333.0,180.0
ORD0004538,2022-11-14,20221114,CUS02716,3,EMP0063,  Credit Card  ,Completed,360.0,160.0
ORD0007760,2022-11-14,20221114,CUS02389,8,EMP0140,Cash,Completed,150.0,70.0
ORD0003303,2022-11-14,20221114,CUS02288,5,EMP0098,  InstaPay  ,Completed,1770.0,850.0
ORD0002780,2022-11-15,20221115,CUS00892,2,EMP0037,InstaPay,Returned,280.0,170.0
ORD0003871,2022-11-15,20221115,CUS00647,5,EMP0112,Cash,Completed,72.0,40.0
ORD0001887,2022-11-15,20221115,CUS02531,3,EMP0071,Vodafone Cash,Completed,390.0,190.0
ORD0006240,2022-11-15,20221115,CUS01776,8,EMP0141,Credit Card,Completed,570.0,280.0
ORD0007413,2022-11-15,20221115,CUS00785,2,EMP0035,Credit Card,Completed,13770.0,10770.0
ORD0003141,2022-11-15,20221115,CUS02192,4,EMP0084,InstaPay,Completed,12267.5,9410.0
ORD0005559,2022-11-15,20221115,CUS02537,10,EMP0163,Cash,Completed,1180.5,580.0
ORD0002552,2022-11-15,20221115,CUS01410,3,EMP0078,  InstaPay  ,Completed,85.5,40.0
ORD0002782,2022-11-15,20221115,CUS01419,4,EMP0094,InstaPay,Completed,285.0,140.0
ORD0002636,2022-11-15,20221115,CUS00907,1,EMP0012,Credit Card,Completed,1368.0,690.0
ORD0007347,2022-11-15,20221115,CUS01403,5,EMP0112,  InstaPay  ,Completed,14855.0,12290.0
ORD0003610,2022-11-15,20221115,CUS02985,3,EMP0077,Credit Card,Completed,232.0,140.0
ORD0003775,2022-11-15,20221115,CUS02269,4,EMP0079,Cash,Completed,6836.0,5180.0
ORD0007034,2022-11-15,20221115,CUS01818,13,EMP0193,Fawry,Completed,666.0,360.0
ORD0010500,2022-11-16,20221116,CUS01019,8,EMP0144,Fawry,Returned,300.0,200.0
ORD0002559,2022-11-16,20221116,CUS02916,3,EMP0056,Credit Card,Completed,229.5,130.0
ORD0008748,2022-11-16,20221116,CUS02313,1,EMP0015,  InstaPay  ,Completed,711.0,350.0
ORD0003868,2022-11-16,20221116,CUS01467,2,EMP0047,Fawry,Completed,444.0,230.0
ORD0010087,2022-11-16,20221116,CUS00717,3,EMP0062,  Cash  ,Completed,320.0,140.0
ORD0002332,2022-11-16,20221116,CUS02349,3,EMP0068,  Debit Card  ,Completed,260.0,120.0
ORD0009989,2022-11-16,20221116,CUS01935,4,EMP0085,Debit Card,Completed,2070.0,1040.0
ORD0011242,2022-11-16,20221116,CUS00224,12,EMP0183,  Debit Card  ,Completed,5047.0,4160.0
ORD0009577,2022-11-16,20221116,CUS01804,1,EMP0025,Fawry,Completed,3040.0,1600.0
ORD0000619,2022-11-16,20221116,CUS02655,11,EMP0164,Credit Card,Completed,460.0,220.0
ORD0002095,2022-11-16,20221116,CUS00890,1,EMP0024,Debit Card,Returned,550.0,260.0
ORD0010340,2022-11-16,20221116,CUS02890,3,,Debit Card,Completed,26360.0,24470.0
ORD0010643,2022-11-16,20221116,CUS02059,7,EMP0130,Debit Card,Completed,7015.5,5220.0
ORD0003786,2022-11-16,20221116,CUS00023,12,EMP0177,  Vodafone Cash  ,Completed,3623.0,1800.0
ORD0007207,2022-11-17,20221117,CUS02890,10,EMP0163,  Debit Card  ,Completed,411.5,210.0
ORD0009230,2022-11-17,20221117,CUS01249,3,EMP0070,Vodafone Cash,Returned,890.0,440.0
ORD0001594,2022-11-17,20221117,CUS02728,3,EMP0073,Cash,Returned,807.0,390.0
ORD0007261,2022-11-17,20221117,CUS00825,8,EMP0137,  Debit Card  ,Completed,1710.0,970.0
ORD0011637,2022-11-17,20221117,CUS00689,3,EMP0066,Vodafone Cash,Completed,24610.0,23500.0
ORD0002425,2022-11-17,20221117,CUS01784,4,EMP0090,Vodafone Cash,Completed,333.0,180.0
ORD0000235,2022-11-17,20221117,CUS02396,4,EMP0090,Debit Card,Completed,15050.5,13060.0
ORD0000065,2022-11-17,20221117,CUS00864,7,EMP0131,Credit Card,Completed,279.0,150.0
ORD0011957,2022-11-17,20221117,CUS02096,12,,Credit Card,Completed,5250.0,5600.0
ORD0001333,2022-11-17,20221117,CUS00176,4,EMP0079,Fawry,Completed,425.0,240.0
ORD0008573,2022-11-17,20221117,CUS01605,1,,Fawry,Completed,1430.0,740.0
ORD0006517,2022-11-17,20221117,CUS01247,4,EMP0087,Debit Card,Completed,4155.0,2290.0
ORD0008840,2022-11-18,20221118,CUS01469,2,EMP0044,InstaPay,Completed,556.0,280.0
ORD0001238,2022-11-18,20221118,CUS01610,10,EMP0154,Cash,Completed,31929.0,26540.0
ORD0005506,2022-11-18,20221118,CUS01209,9,EMP0146,  Vodafone Cash  ,Completed,408.0,190.0
ORD0003439,2022-11-18,20221118,CUS01698,1,,Vodafone Cash,Completed,570.0,270.0
ORD0004680,2022-11-18,20221118,CUS02071,1,EMP0021,Cash,Completed,1635.0,800.0
ORD0005460,2022-11-18,20221118,CUS02545,3,EMP0072,Vodafone Cash,Completed,1485.0,780.0
ORD0008273,2022-11-18,20221118,CUS02741,6,EMP0125,Cash,Returned,2712.0,1340.0
ORD0001165,2022-11-18,20221118,CUS00471,6,EMP0125,Vodafone Cash,Completed,953.5,490.0
ORD0008275,2022-11-18,20221118,CUS02349,2,EMP0034,Vodafone Cash,Completed,14396.0,15120.0
ORD0003223,2022-11-18,20221118,CUS00874,2,EMP0045,Credit Card,Completed,15560.0,12220.0
ORD0005182,2022-11-18,20221118,CUS00837,2,,Fawry,Completed,480.0,210.0
ORD0000022,2022-11-18,20221118,CUS02514,4,EMP0087,Debit Card,Completed,552.0,280.0
ORD0003879,2022-11-18,20221118,CUS01288,10,EMP0160,Cash,Completed,6000.0,4800.0
ORD0011945,2022-11-18,20221118,CUS02569,1,EMP0025,  Debit Card  ,Completed,1316.0,670.0
ORD0000670,2022-11-18,20221118,CUS01063,4,,Debit Card,Completed,32416.5,32170.0
ORD0003809,2022-11-19,20221119,CUS00972,3,EMP0055,InstaPay,Completed,1161.0,630.0
ORD0009175,2022-11-19,20221119,CUS00138,7,EMP0132,  InstaPay  ,Completed,1480.0,680.0
ORD0001124,2022-11-19,20221119,CUS01536,13,EMP0185,Credit Card,Cancelled,703.0,360.0
ORD0005917,2022-11-19,20221119,CUS02308,5,EMP0098,Cash,Completed,800.0,600.0
ORD0000140,2022-11-19,20221119,CUS02371,1,EMP0020,  Cash  ,Returned,212.5,120.0
ORD0009979,2022-11-19,20221119,CUS01108,2,EMP0029,Credit Card,Completed,528.0,350.0
ORD0008146,2022-11-19,20221119,CUS01850,7,EMP0132,Fawry,Completed,399.5,230.0
ORD0004237,2022-11-19,20221119,CUS00309,6,EMP0121,Debit Card,Completed,150.0,70.0
ORD0003546,2022-11-20,20221120,CUS02706,1,EMP0018,Cash,Returned,7087.0,5350.0
ORD0004721,2022-11-20,20221120,CUS02026,5,EMP0106,Vodafone Cash,Completed,640.0,280.0
ORD0009629,2022-11-20,20221120,CUS02405,6,EMP0126,Credit Card,Completed,280.0,120.0
ORD0003867,2022-11-20,20221120,CUS02573,4,EMP0082,Debit Card,Returned,520.0,260.0
ORD0007500,2022-11-20,20221120,CUS02429,1,EMP0018,Cash,Completed,868.0,440.0
ORD0009494,2022-11-20,20221120,CUS02993,1,EMP0009,InstaPay,Completed,1116.0,600.0
ORD0005216,2022-11-20,20221120,CUS02582,5,EMP0099,Debit Card,Completed,1312.0,670.0
ORD0003913,2022-11-20,20221120,CUS00927,2,EMP0042,InstaPay,Completed,636.0,350.0
ORD0009743,2022-11-21,20221121,CUS02022,5,EMP0111,  Vodafone Cash  ,Completed,1450.5,760.0
ORD0005137,2022-11-21,20221121,CUS00191,4,EMP0092,  Fawry  ,Completed,12800.0,10300.0
ORD0011632,2022-11-21,20221121,CUS02483,10,,  Credit Card  ,Completed,1686.0,890.0
ORD0006405,2022-11-21,20221121,CUS01410,2,EMP0048,Fawry,Completed,625.5,360.0
ORD0005983,2022-11-21,20221121,CUS02568,7,EMP0132,Cash,Completed,1782.0,880.0
ORD0005949,2022-11-21,20221121,CUS01714,2,EMP0046,InstaPay,Completed,198.0,100.0
ORD0010840,2022-11-21,20221121,CUS00636,9,EMP0147,Fawry,Returned,495.0,270.0
ORD0005890,2022-11-21,20221121,CUS01071,1,EMP0025,Fawry,Returned,1880.0,920.0
ORD0000250,2022-11-21,20221121,CUS02924,7,,Cash,Completed,720.0,360.0
ORD0005218,2022-11-21,20221121,CUS02969,3,EMP0072,Cash,Completed,2746.0,1670.0
ORD0005307,2022-11-21,20221121,CUS02858,2,EMP0042,Cash,Completed,261.0,140.0
ORD0009848,2022-11-21,20221121,CUS02614,12,EMP0180,Credit Card,Completed,1438.0,1120.0
ORD0007488,2022-11-22,20221122,CUS00748,14,EMP0197,Fawry,Completed,830.0,430.0
ORD0001856,2022-11-22,20221122,CUS02379,2,EMP0050,Debit Card,Returned,140.0,60.0
ORD0009074,2022-11-22,20221122,CUS00833,14,EMP0194,Cash,Completed,765.0,420.0
ORD0003452,2022-11-22,20221122,CUS01200,15,EMP0208,Debit Card,Completed,323.0,160.0
ORD0007035,2022-11-22,20221122,CUS00211,7,EMP0134,  InstaPay  ,Completed,442.0,260.0
ORD0001571,2022-11-22,20221122,CUS01279,5,EMP0097,Vodafone Cash,Completed,250.0,120.0
ORD0000665,2022-11-23,20221123,CUS01867,5,EMP0100,Fawry,Completed,324.0,170.0
ORD0005746,2022-11-23,20221123,CUS02609,5,EMP0097,Vodafone Cash,Completed,684.0,360.0
ORD0003622,2022-11-23,20221123,CUS02042,4,EMP0087,Fawry,Cancelled,16600.0,13300.0
ORD0001042,2022-11-23,20221123,CUS02137,3,EMP0062,InstaPay,Completed,648.0,340.0
ORD0004081,2022-11-23,20221123,CUS01088,3,EMP0058,  Debit Card  ,Completed,3144.0,1580.0
ORD0011397,2022-11-23,20221123,CUS01075,13,EMP0190,InstaPay,Completed,12127.0,10620.0
ORD0001066,2022-11-23,20221123,CUS02006,1,EMP0002,Vodafone Cash,Completed,800.0,700.0
ORD0011824,2022-11-23,20221123,CUS01007,3,EMP0058,InstaPay,Completed,930.0,450.0
ORD0003818,2022-11-23,20221123,CUS00866,14,EMP0194,  Vodafone Cash  ,Returned,1600.0,800.0
ORD0005597,2022-11-23,20221123,CUS00906,5,EMP0107,Cash,Completed,1500.0,1200.0
ORD0008384,2022-11-23,20221123,CUS00648,8,EMP0138,Fawry,Completed,128.0,70.0
ORD0007747,2022-11-23,20221123,CUS00451,12,EMP0183,Vodafone Cash,Completed,2260.0,1720.0
ORD0009852,2022-11-23,20221123,CUS02886,4,EMP0094,Debit Card,Completed,1908.0,1010.0
ORD0010709,2022-11-23,20221123,CUS01561,15,EMP0205,Vodafone Cash,Completed,362.5,170.0
ORD0003416,2022-11-24,20221124,CUS02775,4,EMP0094,Debit Card,Cancelled,12982.0,10860.0
ORD0008202,2022-11-24,20221124,CUS01088,4,EMP0082,Credit Card,Completed,424.0,230.0
ORD0009751,2022-11-24,20221124,CUS02506,1,EMP0019,  InstaPay  ,Completed,6604.0,5140.0
ORD0001424,2022-11-24,20221124,CUS02500,9,EMP0145,Cash,Completed,1383.0,770.0
ORD0008418,2022-11-24,20221124,CUS00757,3,EMP0063,Debit Card,Completed,912.0,460.0
ORD0007199,2022-11-24,20221124,CUS01380,2,EMP0045,Credit Card,Completed,8757.0,8460.0
ORD0002925,2022-11-24,20221124,CUS01377,2,EMP0037,Credit Card,Completed,37954.5,30100.0
ORD0009987,2022-11-25,20221125,CUS01089,14,EMP0201,Credit Card,Completed,390.0,180.0
ORD0004518,2022-11-25,20221125,CUS02343,2,EMP0048,InstaPay,Completed,133.0,70.0
ORD0011703,2022-11-25,20221125,CUS02452,5,EMP0104,Vodafone Cash,Returned,318.5,160.0
ORD0004766,2022-11-25,20221125,CUS01824,7,EMP0133,Fawry,Completed,523.0,270.0
ORD0010611,2022-11-25,20221125,CUS01230,6,EMP0123,  Vodafone Cash  ,Completed,10520.0,8790.0
ORD0005848,2022-11-25,20221125,CUS01125,7,EMP0131,InstaPay,Completed,13240.0,10520.0
ORD0005078,2022-11-25,20221125,CUS01459,6,EMP0117,InstaPay,Completed,1314.0,720.0
ORD0003209,2022-11-25,20221125,CUS01938,4,EMP0086,Cash,Returned,1412.0,710.0
ORD0008339,2022-11-25,20221125,CUS01161,12,EMP0184,  Debit Card  ,Completed,674.0,360.0
ORD0007673,2022-11-26,20221126,CUS02275,2,EMP0048,Cash,Completed,285.0,140.0
ORD0004861,2022-11-26,20221126,CUS01760,1,EMP0022,InstaPay,Completed,180.0,80.0
ORD0006059,2022-11-26,20221126,CUS01225,2,EMP0035,Credit Card,Cancelled,2171.0,1120.0
ORD0009466,2022-11-26,20221126,CUS00376,2,EMP0051,Debit Card,Completed,234.0,130.0
ORD0011090,2022-11-26,20221126,CUS01278,5,EMP0104,  InstaPay  ,Completed,1148.0,580.0
ORD0004479,2022-11-26,20221126,CUS00342,12,EMP0181,  Credit Card  ,Completed,1351.5,780.0
ORD0007733,2022-11-26,20221126,CUS01830,10,EMP0157,Vodafone Cash,Completed,266.0,140.0
ORD0003936,2022-11-27,20221127,CUS00178,4,EMP0091,Vodafone Cash,Completed,190.0,90.0
ORD0008213,2022-11-27,20221127,CUS02817,7,EMP0129,Fawry,Completed,1644.5,860.0
ORD0009844,2022-11-27,20221127,CUS02059,2,EMP0052,  InstaPay  ,Completed,2088.0,1120.0
ORD0011439,2022-11-27,20221127,CUS01694,7,EMP0136,Credit Card,Cancelled,983.0,490.0
ORD0001328,2022-11-27,20221127,CUS01239,15,EMP0210,Credit Card,Completed,1532.0,780.0
ORD0008668,2022-11-27,20221127,CUS00989,11,,Fawry,Completed,384.0,210.0
ORD0011638,2022-11-27,20221127,CUS00539,4,EMP0080,  Debit Card  ,Completed,285.0,140.0
ORD0005219,2022-11-27,20221127,CUS00849,3,EMP0074,Credit Card,Returned,1752.0,940.0
ORD0008790,2022-11-27,20221127,CUS02627,7,EMP0127,Cash,Completed,17575.0,14800.0
ORD0001200,2022-11-28,20221128,CUS01387,6,EMP0125,InstaPay,Completed,918.0,510.0
ORD0006570,2022-11-28,20221128,CUS01393,11,EMP0165,Fawry,Completed,9745.0,8910.0
ORD0001831,2022-11-28,20221128,CUS02307,11,EMP0169,Cash,Returned,675.0,360.0
ORD0010967,2022-11-28,20221128,CUS01874,14,EMP0199,Vodafone Cash,Completed,370.0,180.0
ORD0007101,2022-11-28,20221128,CUS02744,15,EMP0207,Vodafone Cash,Completed,76.0,40.0
ORD0006582,2022-11-28,20221128,CUS02774,5,EMP0097,Fawry,Completed,2348.5,1190.0
ORD0007048,2022-11-28,20221128,CUS01762,1,EMP0019,Debit Card,Completed,1852.5,990.0
ORD0008003,2022-11-28,20221128,CUS02369,6,EMP0117,Credit Card,Completed,3252.5,2230.0
ORD0002232,2022-11-28,20221128,CUS01114,4,EMP0083,Cash,Completed,1139.5,620.0
ORD0008379,2022-11-28,20221128,CUS02034,2,EMP0047,InstaPay,Completed,377.0,210.0
ORD0000224,2022-11-28,20221128,CUS01519,1,EMP0021,Vodafone Cash,Returned,1306.5,630.0
ORD0007090,2022-11-29,20221129,CUS00145,2,EMP0034,Fawry,Completed,1402.0,680.0
ORD0001300,2022-11-29,20221129,CUS02962,6,EMP0126,Vodafone Cash,Completed,13012.0,11580.0
ORD0002054,2022-11-29,20221129,CUS00792,1,EMP0021,  Vodafone Cash  ,Completed,34799.0,31330.0
ORD0009718,2022-11-29,20221129,CUS01035,10,EMP0163,Vodafone Cash,Cancelled,1716.0,900.0
ORD0011612,2022-11-29,20221129,CUS01125,11,EMP0166,Credit Card,Completed,707.0,380.0
ORD0001188,2022-11-29,20221129,CUS02549,6,EMP0113,InstaPay,Completed,1768.5,990.0
ORD0011357,2022-11-29,20221129,CUS02585,15,EMP0212,Credit Card,Completed,1384.5,670.0
ORD0000158,2022-11-29,20221129,CUS00952,1,EMP0008,Cash,Completed,978.5,500.0
ORD0002064,2022-11-30,20221130,CUS00567,3,EMP0067,Debit Card,Completed,12370.0,9880.0
ORD0002180,2022-11-30,20221130,CUS00520,13,EMP0186,InstaPay,Completed,570.0,280.0
ORD0011694,2022-11-30,20221130,CUS02125,7,EMP0130,Credit Card,Completed,6230.0,7100.0
ORD0005861,2022-11-30,20221130,CUS00604,5,EMP0108,InstaPay,Completed,672.0,350.0
ORD0003820,2022-11-30,20221130,CUS01321,8,EMP0144,Credit Card,Completed,2783.5,1830.0
ORD0002885,2022-11-30,20221130,CUS00893,5,EMP0110,Debit Card,Completed,15550.5,12950.0
ORD0000780,2022-11-30,20221130,CUS02783,13,EMP0188,Fawry,Completed,2303.5,1210.0
ORD0000712,2022-11-30,20221130,CUS01832,9,EMP0151,Credit Card,Completed,31800.0,25400.0
ORD0000161,2022-11-30,20221130,CUS02845,4,EMP0091,  Credit Card  ,Completed,11476.0,9250.0
ORD0010221,2022-12-01,20221201,CUS00801,4,,Fawry,Completed,713.0,360.0
ORD0010368,2022-12-01,20221201,CUS00145,12,EMP0183,Vodafone Cash,Completed,471.0,280.0
ORD0005346,2022-12-01,20221201,CUS02315,10,EMP0160,Fawry,Completed,527.0,300.0
ORD0003462,2022-12-01,20221201,CUS02795,8,EMP0144,Credit Card,Completed,946.0,490.0
ORD0005722,2022-12-01,20221201,CUS01647,10,EMP0160,InstaPay,Completed,370.0,180.0
ORD0007931,2022-12-01,20221201,CUS01838,12,EMP0184,InstaPay,Completed,5713.0,4550.0
ORD0001875,2022-12-01,20221201,CUS02674,3,EMP0071,Credit Card,Completed,15307.5,12490.0
ORD0007331,2022-12-01,20221201,CUS00920,8,,  Vodafone Cash  ,Completed,675.0,350.0
ORD0006489,2022-12-01,20221201,CUS00251,1,EMP0005,  InstaPay  ,Completed,390.0,240.0
ORD0007225,2022-12-01,20221201,CUS01217,1,EMP0025,Cash,Completed,279.0,150.0
ORD0000219,2022-12-02,20221202,CUS01388,9,EMP0151,InstaPay,Completed,136.0,70.0
ORD0000154,2022-12-02,20221202,CUS02650,4,EMP0094,Cash,Returned,1155.5,630.0
ORD0005562,2022-12-02,20221202,CUS00729,13,EMP0190,Credit Card,Completed,507.5,250.0
ORD0002235,2022-12-02,20221202,CUS02428,5,EMP0106,Debit Card,Completed,1202.0,700.0
ORD0009383,2022-12-02,20221202,CUS00220,5,EMP0109,Vodafone Cash,Completed,1358.0,760.0
ORD0000614,2022-12-02,20221202,CUS00114,11,EMP0167,  Vodafone Cash  ,Completed,787.5,420.0
ORD0004160,2022-12-03,20221203,CUS01714,6,EMP0113,Debit Card,Completed,1793.5,940.0
ORD0009882,2022-12-03,20221203,CUS01248,11,EMP0171,Fawry,Completed,776.0,400.0
ORD0000361,2022-12-03,20221203,CUS02792,11,EMP0167,  Credit Card  ,Returned,2326.5,1260.0
ORD0000472,2022-12-03,20221203,CUS02143,10,EMP0156,Fawry,Completed,516.0,290.0
ORD0003891,2022-12-03,20221203,CUS02504,4,EMP0090,Cash,Completed,85.5,40.0
ORD0002731,2022-12-03,20221203,CUS02148,11,EMP0168,InstaPay,Completed,28926.0,25570.0
ORD0007589,2022-12-04,20221204,CUS02332,11,EMP0168,Debit Card,Cancelled,612.5,320.0
ORD0010238,2022-12-04,20221204,CUS02350,8,EMP0137,Credit Card,Completed,365.0,190.0
ORD0011308,2022-12-04,20221204,CUS01640,2,EMP0033,Debit Card,Completed,2490.0,1940.0
ORD0000281,2022-12-04,20221204,CUS01867,4,EMP0087,  Credit Card  ,Completed,1224.0,640.0
ORD0000175,2022-12-04,20221204,CUS01478,1,EMP0003,  Fawry  ,Completed,2761.0,1780.0
ORD0002389,2022-12-04,20221204,CUS02885,6,EMP0116,Cash,Completed,517.0,300.0
ORD0008387,2022-12-04,20221204,CUS00644,1,EMP0011,Credit Card,Completed,236.5,110.0
ORD0008498,2022-12-04,20221204,CUS02860,4,EMP0082,Cash,Completed,6038.0,6010.0
ORD0009465,2022-12-04,20221204,CUS00153,3,EMP0067,Vodafone Cash,Completed,966.0,470.0
ORD0005593,2022-12-04,20221204,CUS00898,4,EMP0092,Credit Card,Completed,640.5,320.0
ORD0001627,2022-12-04,20221204,CUS02066,3,,  Cash  ,Completed,778.0,400.0
ORD0003748,2022-12-04,20221204,CUS00316,1,EMP0006,InstaPay,Completed,1106.0,650.0
ORD0004382,2022-12-04,20221204,CUS00674,2,EMP0054,InstaPay,Completed,917.0,460.0
ORD0009100,2022-12-04,20221204,CUS02279,7,EMP0127,InstaPay,Completed,720.0,380.0
ORD0003036,2022-12-04,20221204,CUS02250,2,EMP0039,Fawry,Completed,547.0,280.0
ORD0005691,2022-12-04,20221204,CUS00518,4,EMP0086,Cash,Completed,15461.0,13790.0
ORD0007715,2022-12-04,20221204,CUS00611,15,EMP0208,Fawry,Completed,427.5,220.0
ORD0006264,2022-12-04,20221204,CUS02095,7,EMP0127,Cash,Completed,2176.0,1190.0
ORD0005477,2022-12-05,20221205,CUS01738,1,EMP0026,Fawry,Completed,572.0,330.0
ORD0002415,2022-12-05,20221205,CUS02350,1,EMP0027,  Vodafone Cash  ,Completed,630.0,340.0
ORD0008381,2022-12-05,20221205,CUS01948,4,,Vodafone Cash,Completed,90.0,40.0
ORD0009059,2022-12-05,20221205,CUS01466,1,EMP0001,Cash,Completed,39720.0,31570.0
ORD0010601,2022-12-05,20221205,CUS00713,2,EMP0050,Vodafone Cash,Returned,280.0,120.0
ORD0004945,2022-12-05,20221205,CUS02061,3,EMP0055,InstaPay,Completed,1752.0,1080.0
ORD0006997,2022-12-06,20221206,CUS00022,13,EMP0191,Debit Card,Completed,653.0,360.0
ORD0001281,2022-12-06,20221206,CUS02682,2,EMP0032,Fawry,Completed,126.0,70.0
ORD0008018,2022-12-06,20221206,CUS01366,14,EMP0195,InstaPay,Completed,2552.0,1330.0
ORD0001499,2022-12-06,20221206,CUS02071,2,EMP0029,  Credit Card  ,Returned,252.0,140.0
ORD0003810,2022-12-06,20221206,CUS01120,3,EMP0068,InstaPay,Completed,1350.0,660.0
ORD0007956,2022-12-06,20221206,CUS01453,12,EMP0183,  Fawry  ,Completed,120.0,60.0
ORD0007532,2022-12-06,20221206,CUS02106,10,EMP0153,Fawry,Completed,500.5,280.0
ORD0006129,2022-12-06,20221206,CUS00918,8,EMP0141,  Fawry  ,Completed,12540.0,10500.0
ORD0006887,2022-12-06,20221206,CUS02198,13,EMP0185,InstaPay,Completed,11464.0,9510.0
ORD0006983,2022-12-06,20221206,CUS02675,3,EMP0077,Debit Card,Returned,380.0,200.0
ORD0008544,2022-12-06,20221206,CUS02189,5,EMP0101,  Vodafone Cash  ,Completed,61575.0,60950.0
ORD0011047,2022-12-06,20221206,CUS01190,1,EMP0011,  Credit Card  ,Cancelled,3566.0,2690.0
ORD0008332,2022-12-06,20221206,CUS00919,2,EMP0039,Cash,Completed,1289.5,620.0
ORD0001862,2022-12-06,20221206,CUS01533,11,EMP0172,Fawry,Completed,130.0,60.0
ORD0006926,2022-12-06,20221206,CUS00509,1,EMP0023,Cash,Completed,1154.0,590.0
ORD0002174,2022-12-06,20221206,CUS01521,1,,Vodafone Cash,Cancelled,320.0,150.0
ORD0002437,2022-12-07,20221207,CUS02662,2,EMP0051,  Debit Card  ,Completed,266.0,140.0
ORD0009429,2022-12-07,20221207,CUS02346,3,EMP0074,  Debit Card  ,Returned,63240.0,59600.0
ORD0011355,2022-12-07,20221207,CUS00895,1,EMP0017,Debit Card,Completed,304.0,160.0
ORD0009768,2022-12-07,20221207,CUS00404,14,EMP0198,Cash,Completed,470.0,230.0
ORD0009147,2022-12-07,20221207,CUS01590,1,EMP0007,Debit Card,Completed,97.5,60.0
ORD0004256,2022-12-07,20221207,CUS00750,5,EMP0097,Debit Card,Completed,424.0,210.0
ORD0005366,2022-12-07,20221207,CUS01277,10,EMP0159,Fawry,Completed,853.0,470.0
ORD0000122,2022-12-07,20221207,CUS00385,2,EMP0049,  Cash  ,Completed,2680.0,1920.0
ORD0007963,2022-12-07,20221207,CUS01067,5,EMP0102,InstaPay,Completed,1120.0,680.0
ORD0011100,2022-12-07,20221207,CUS01108,13,EMP0187,Fawry,Completed,1257.0,660.0
ORD0006672,2022-12-07,20221207,CUS01294,8,EMP0141,Fawry,Completed,2392.0,1200.0
ORD0001658,2022-12-07,20221207,CUS00331,5,EMP0109,Cash,Completed,782.0,390.0
ORD0010649,2022-12-07,20221207,CUS01604,5,EMP0103,Fawry,Completed,1266.0,750.0
ORD0011212,2022-12-07,20221207,CUS01881,14,EMP0202,InstaPay,Completed,10251.0,8980.0
ORD0003030,2022-12-08,20221208,CUS00619,1,EMP0007,  Debit Card  ,Completed,811.0,400.0
ORD0004347,2022-12-08,20221208,CUS00510,4,EMP0090,Cash,Completed,2256.0,1150.0
ORD0007890,2022-12-08,20221208,CUS00704,1,EMP0023,Vodafone Cash,Completed,2523.0,1250.0
ORD0001721,2022-12-08,20221208,CUS02579,3,EMP0072,InstaPay,Completed,540.0,400.0
ORD0002435,2022-12-08,20221208,CUS02089,6,EMP0117,Fawry,Completed,28051.0,22010.0
ORD0001366,2022-12-08,20221208,CUS00916,7,EMP0136,Fawry,Completed,800.0,700.0
ORD0011854,2022-12-08,20221208,CUS02729,2,EMP0051,Vodafone Cash,Completed,1140.0,560.0
ORD0002763,2022-12-08,20221208,CUS01786,14,EMP0201,Fawry,Completed,15465.5,13000.0
ORD0005042,2022-12-08,20221208,CUS01590,3,EMP0075,Cash,Returned,909.0,490.0
ORD0008453,2022-12-08,20221208,CUS02458,1,EMP0018,Cash,Completed,830.0,370.0
ORD0005656,2022-12-09,20221209,CUS02917,4,EMP0092,InstaPay,Completed,560.0,280.0
ORD0009334,2022-12-09,20221209,CUS00370,14,EMP0195,InstaPay,Cancelled,29492.0,25700.0
ORD0000587,2022-12-09,20221209,CUS02388,4,EMP0088,InstaPay,Completed,2166.0,1110.0
ORD0002487,2022-12-09,20221209,CUS00714,2,EMP0037,Vodafone Cash,Completed,5391.0,4220.0
ORD0009446,2022-12-09,20221209,CUS00614,1,EMP0006,Debit Card,Completed,1299.5,660.0
ORD0010477,2022-12-09,20221209,CUS02937,1,EMP0009,Cash,Completed,1356.0,750.0
ORD0002472,2022-12-09,20221209,CUS01374,3,EMP0076,Cash,Completed,2389.0,1170.0
ORD0005516,2022-12-09,20221209,CUS01863,2,EMP0051,InstaPay,Completed,920.0,460.0
ORD0000066,2022-12-09,20221209,CUS01412,3,EMP0061,Debit Card,Returned,12330.0,10810.0
ORD0008035,2022-12-09,20221209,CUS00768,11,EMP0173,Cash,Completed,21420.0,24300.0
ORD0006355,2022-12-09,20221209,CUS02294,1,EMP0028,Cash,Completed,630.0,310.0
ORD0005072,2022-12-09,20221209,CUS02893,4,EMP0081,Debit Card,Completed,510.0,240.0
ORD0001562,2022-12-10,20221210,CUS00907,3,EMP0071,InstaPay,Completed,350.0,170.0
ORD0004584,2022-12-10,20221210,CUS00310,1,EMP0005,  Cash  ,Completed,105.0,70.0
ORD0010635,2022-12-10,20221210,CUS00576,7,EMP0134,Debit Card,Completed,900.0,490.0
ORD0004815,2022-12-10,20221210,CUS02754,2,EMP0052,InstaPay,Completed,752.0,370.0
ORD0008159,2022-12-10,20221210,CUS01449,7,EMP0136,  Credit Card  ,Completed,2284.0,1250.0
ORD0002626,2022-12-10,20221210,CUS01170,12,EMP0180,InstaPay,Completed,71235.0,66580.0
ORD0003395,2022-12-10,20221210,CUS00510,15,EMP0212,Vodafone Cash,Completed,240.0,160.0
ORD0009316,2022-12-10,20221210,CUS01044,2,EMP0032,Credit Card,Cancelled,150.0,70.0
ORD0003878,2022-12-10,20221210,CUS02878,2,EMP0029,InstaPay,Completed,320.0,170.0
ORD0002555,2022-12-10,20221210,CUS02686,11,EMP0168,Vodafone Cash,Returned,1111.0,640.0
ORD0004092,2022-12-10,20221210,CUS02205,13,EMP0186,  InstaPay  ,Completed,1020.0,480.0
ORD0000417,2022-12-10,20221210,CUS02988,3,EMP0057,InstaPay,Returned,952.0,480.0
ORD0003357,2022-12-10,20221210,CUS00470,5,EMP0095,Fawry,Completed,3142.0,2030.0
ORD0003779,2022-12-10,20221210,CUS00997,15,EMP0214,Debit Card,Completed,6421.0,4990.0
ORD0003435,2022-12-10,20221210,CUS00073,10,EMP0162,Cash,Cancelled,11179.5,9900.0
ORD0003617,2022-12-10,20221210,CUS00469,2,EMP0030,Fawry,Completed,26700.0,21300.0
ORD0010698,2022-12-11,20221211,CUS00276,3,EMP0064,Vodafone Cash,Completed,2650.0,1880.0
ORD0001494,2022-12-11,20221211,CUS00994,11,EMP0167,Cash,Returned,700.0,350.0
ORD0006345,2022-12-11,20221211,CUS01130,1,EMP0012,InstaPay,Completed,1490.0,830.0
ORD0009114,2022-12-11,20221211,CUS01463,11,EMP0166,Credit Card,Returned,2500.0,2000.0
ORD0007266,2022-12-11,20221211,CUS00663,1,EMP0021,InstaPay,Completed,162.0,80.0
ORD0006548,2022-12-11,20221211,CUS00679,1,EMP0015,  Vodafone Cash  ,Completed,1730.0,930.0
ORD0004932,2022-12-11,20221211,CUS02621,10,EMP0162,Credit Card,Completed,140.0,70.0
ORD0001763,2022-12-11,20221211,CUS00929,10,EMP0157,Debit Card,Completed,3900.0,3700.0
ORD0002097,2022-12-11,20221211,CUS00990,12,EMP0180,Vodafone Cash,Completed,11004.0,10130.0
ORD0005643,2022-12-11,20221211,CUS00235,3,EMP0064,Debit Card,Completed,199.5,100.0
ORD0010312,2022-12-11,20221211,CUS01861,4,EMP0091,Credit Card,Completed,531.0,290.0
ORD0002444,2022-12-11,20221211,CUS02197,14,EMP0200,Debit Card,Completed,1860.0,1000.0
ORD0008943,2022-12-11,20221211,CUS00303,2,EMP0048,Credit Card,Completed,658.5,360.0
ORD0002436,2022-12-12,20221212,CUS02939,9,EMP0151,Debit Card,Completed,25710.0,22640.0
ORD0000547,2022-12-12,20221212,CUS00214,1,EMP0025,Fawry,Completed,430.0,210.0
ORD0003247,2022-12-12,20221212,CUS00890,2,EMP0049,  Fawry  ,Completed,288.0,150.0
ORD0010922,2022-12-12,20221212,CUS02159,1,EMP0009,Credit Card,Completed,540.0,290.0
ORD0007682,2022-12-12,20221212,CUS01011,14,EMP0203,Debit Card,Completed,9091.0,9360.0
ORD0007033,2022-12-12,20221212,CUS02927,12,EMP0175,Cash,Completed,200.0,100.0
ORD0004573,2022-12-12,20221212,CUS01667,2,EMP0043,Credit Card,Completed,1368.0,790.0
ORD0000765,2022-12-12,20221212,CUS00618,5,EMP0110,Cash,Completed,1542.0,810.0
ORD0007547,2022-12-13,20221213,CUS02246,14,EMP0201,  Vodafone Cash  ,Completed,198.0,100.0
ORD0011306,2022-12-13,20221213,CUS00419,7,EMP0136,Cash,Completed,266.0,140.0
ORD0010379,2022-12-13,20221213,CUS01352,7,EMP0134,Vodafone Cash,Completed,1248.0,660.0
ORD0006389,2022-12-13,20221213,CUS02651,4,EMP0084,Fawry,Completed,590.0,280.0
ORD0005815,2022-12-13,20221213,CUS01302,7,EMP0130,Debit Card,Completed,920.0,420.0
ORD0007932,2022-12-13,20221213,CUS00989,3,EMP0072,  Debit Card  ,Completed,153.0,80.0
ORD0002476,2022-12-13,20221213,CUS02989,4,EMP0086,Debit Card,Completed,2564.0,1360.0
ORD0010808,2022-12-13,20221213,CUS00277,3,EMP0077,  Vodafone Cash  ,Cancelled,861.0,530.0
ORD0007745,2022-12-13,20221213,CUS02953,4,EMP0088,Vodafone Cash,Completed,618.0,340.0
ORD0008715,2022-12-13,20221213,CUS02773,2,EMP0044,Vodafone Cash,Completed,1718.0,940.0
ORD0008911,2022-12-13,20221213,CUS00401,13,EMP0186,Cash,Completed,260.0,130.0
ORD0008842,2022-12-13,20221213,CUS00634,6,EMP0117,Debit Card,Completed,432.0,210.0
ORD0001500,2022-12-14,20221214,CUS00332,4,EMP0090,  Credit Card  ,Completed,1317.5,660.0
ORD0003106,2022-12-14,20221214,CUS01807,2,EMP0038,  Cash  ,Completed,12540.0,10600.0
ORD0008250,2022-12-14,20221214,CUS00791,12,EMP0180,InstaPay,Completed,1350.0,660.0
ORD0011592,2022-12-14,20221214,CUS01723,15,EMP0216,  Cash  ,Completed,5015.0,4700.0
ORD0005263,2022-12-14,20221214,CUS01066,10,EMP0160,Cash,Completed,2515.0,1420.0
ORD0010511,2022-12-14,20221214,CUS02818,5,EMP0101,Credit Card,Returned,13520.0,12380.0
ORD0002002,2022-12-14,20221214,CUS00519,4,EMP0085,Debit Card,Completed,306.0,160.0
ORD0001668,2022-12-14,20221214,CUS01060,11,EMP0173,InstaPay,Cancelled,1054.5,540.0
ORD0008255,2022-12-14,20221214,CUS00956,3,EMP0067,Debit Card,Completed,256.0,140.0
ORD0000918,2022-12-15,20221215,CUS00287,3,EMP0076,Fawry,Completed,824.5,500.0
ORD0000358,2022-12-15,20221215,CUS00314,3,EMP0072,Cash,Completed,2040.0,1200.0
ORD0002688,2022-12-15,20221215,CUS02825,13,EMP0186,Vodafone Cash,Completed,1174.0,580.0
ORD0003916,2022-12-15,20221215,CUS01399,2,EMP0049,Debit Card,Completed,746.0,360.0
ORD0003915,2022-12-15,20221215,CUS01012,3,EMP0064,  InstaPay  ,Completed,2095.5,1160.0
ORD0008942,2022-12-15,20221215,CUS00132,1,,Vodafone Cash,Completed,152.0,70.0
ORD0006424,2022-12-15,20221215,CUS00450,4,EMP0086,Vodafone Cash,Returned,2180.0,1080.0
ORD0000852,2022-12-15,20221215,CUS01949,1,EMP0024,Fawry,Returned,162.0,80.0
ORD0000740,2022-12-15,20221215,CUS00714,6,EMP0124,Credit Card,Completed,660.0,320.0
ORD0008214,2022-12-15,20221215,CUS00038,1,EMP0012,InstaPay,Completed,864.0,480.0
ORD0011565,2022-12-15,20221215,CUS00196,4,EMP0091,  Debit Card  ,Completed,1076.0,560.0
ORD0008092,2022-12-15,20221215,CUS00375,11,EMP0171,Vodafone Cash,Completed,1010.0,490.0
ORD0001390,2022-12-15,20221215,CUS02322,1,EMP0005,  InstaPay  ,Completed,722.0,360.0
ORD0005680,2022-12-15,20221215,CUS01582,2,EMP0050,InstaPay,Completed,396.0,180.0
ORD0004754,2022-12-15,20221215,CUS01936,4,EMP0088,Debit Card,Completed,25241.5,24560.0
ORD0004301,2022-12-15,20221215,CUS02810,1,EMP0003,InstaPay,Completed,1067.0,640.0
ORD0011005,2022-12-16,20221216,CUS02353,10,EMP0155,Cash,Completed,1706.5,910.0
ORD0001566,2022-12-16,20221216,CUS01292,13,EMP0185,Cash,Completed,380.0,180.0
ORD0003020,2022-12-16,20221216,CUS00811,1,EMP0016,Vodafone Cash,Completed,144.5,80.0
ORD0008262,2022-12-16,20221216,CUS02114,3,EMP0065,  Cash  ,Completed,1318.5,640.0
ORD0007640,2022-12-16,20221216,CUS01133,2,EMP0051,  Debit Card  ,Returned,750.0,410.0
ORD0011015,2022-12-16,20221216,CUS01685,2,EMP0046,Cash,Completed,2800.0,1520.0
ORD0003212,2022-12-16,20221216,CUS00102,1,EMP0005,InstaPay,Completed,1428.0,840.0
ORD0004431,2022-12-16,20221216,CUS02298,3,,  Vodafone Cash  ,Completed,423.0,230.0
ORD0004456,2022-12-16,20221216,CUS00330,15,EMP0212,Vodafone Cash,Completed,9354.5,9490.0
ORD0008630,2022-12-16,20221216,CUS00236,4,EMP0082,Debit Card,Completed,880.0,440.0
ORD0011813,2022-12-16,20221216,CUS00825,5,EMP0101,Fawry,Completed,910.0,480.0
ORD0005548,2022-12-16,20221216,CUS01161,3,EMP0070,Cash,Completed,690.0,340.0
ORD0002648,2022-12-17,20221217,CUS00193,9,EMP0147,Debit Card,Cancelled,315.0,170.0
ORD0011687,2022-12-17,20221217,CUS00556,3,EMP0058,InstaPay,Returned,970.5,500.0
ORD0001126,2022-12-17,20221217,CUS01816,8,,Credit Card,Completed,272.0,170.0
ORD0005927,2022-12-17,20221217,CUS02139,6,EMP0117,Fawry,Completed,522.0,290.0
ORD0011531,2022-12-17,20221217,CUS00089,5,,  Credit Card  ,Completed,953.0,490.0
ORD0005997,2022-12-17,20221217,CUS01954,2,EMP0049,Vodafone Cash,Returned,840.0,400.0
ORD0002839,2022-12-17,20221217,CUS00386,6,EMP0119,  Cash  ,Completed,649.0,350.0
ORD0002383,2022-12-17,20221217,CUS02630,2,EMP0034,Debit Card,Completed,1480.5,800.0
ORD0004590,2022-12-17,20221217,CUS01454,1,EMP0001,InstaPay,Completed,594.0,320.0
ORD0002151,2022-12-17,20221217,CUS00850,3,EMP0064,Fawry,Completed,8840.0,7120.0
ORD0010096,2022-12-17,20221217,CUS02521,15,EMP0216,Vodafone Cash,Completed,13230.0,10380.0
ORD0004585,2022-12-17,20221217,CUS02214,5,EMP0100,Debit Card,Completed,2234.0,1220.0
ORD0010322,2022-12-17,20221217,CUS02055,3,EMP0075,Cash,Completed,1367.0,750.0
ORD0006543,2022-12-18,20221218,CUS02616,3,EMP0059,Cash,Completed,1080.0,540.0
ORD0004546,2022-12-18,20221218,CUS00730,1,EMP0021,InstaPay,Completed,420.0,210.0
ORD0003522,2022-12-18,20221218,CUS00821,2,EMP0032,InstaPay,Completed,684.0,360.0
ORD0008541,2022-12-18,20221218,CUS02418,11,EMP0173,Vodafone Cash,Completed,613.5,330.0
ORD0004322,2022-12-18,20221218,CUS00719,5,EMP0096,Vodafone Cash,Completed,256.5,130.0
ORD0011835,2022-12-18,20221218,CUS01284,8,EMP0142,InstaPay,Completed,7790.0,5600.0
ORD0002413,2022-12-18,20221218,CUS02338,9,EMP0150,Vodafone Cash,Completed,675.0,410.0
ORD0011268,2022-12-18,20221218,CUS01225,1,EMP0028,Fawry,Completed,1708.0,800.0
ORD0003012,2022-12-18,20221218,CUS01522,11,EMP0172,Fawry,Completed,714.5,390.0
ORD0006364,2022-12-18,20221218,CUS02355,2,EMP0039,Credit Card,Completed,510.0,240.0
ORD0000885,2022-12-19,20221219,CUS01105,12,EMP0178,Debit Card,Completed,14800.0,14800.0
ORD0006375,2022-12-19,20221219,CUS01953,1,EMP0009,Debit Card,Completed,270.0,130.0
ORD0010134,2022-12-19,20221219,CUS01353,4,EMP0081,Fawry,Completed,540.0,260.0
ORD0010337,2022-12-19,20221219,CUS00933,12,EMP0180,Credit Card,Completed,170.0,80.0
ORD0003004,2022-12-19,20221219,CUS02618,6,EMP0122,  Cash  ,Cancelled,32389.5,25240.0
ORD0011899,2022-12-19,20221219,CUS00173,1,EMP0004,  Fawry  ,Completed,196.0,140.0
ORD0002271,2022-12-19,20221219,CUS00966,2,EMP0050,  Vodafone Cash  ,Completed,3301.0,1840.0
ORD0011030,2022-12-19,20221219,CUS00373,1,EMP0002,InstaPay,Completed,514.5,280.0
ORD0003943,2022-12-19,20221219,CUS00234,7,EMP0131,  InstaPay  ,Completed,500.0,240.0
ORD0005114,2022-12-19,20221219,CUS02988,7,EMP0135,  Credit Card  ,Completed,153.0,80.0
ORD0008895,2022-12-19,20221219,CUS00456,3,EMP0055,Credit Card,Returned,2175.0,1140.0
ORD0000824,2022-12-20,20221220,CUS00075,3,EMP0062,  Debit Card  ,Completed,126.0,60.0
ORD0007892,2022-12-20,20221220,CUS02280,1,EMP0010,Vodafone Cash,Returned,597.5,300.0
ORD0006697,2022-12-20,20221220,CUS02896,2,EMP0052,Fawry,Cancelled,128.0,70.0
ORD0001578,2022-12-20,20221220,CUS02144,2,EMP0054,Fawry,Completed,5320.0,4500.0
ORD0004922,2022-12-20,20221220,CUS00551,8,EMP0144,Vodafone Cash,Completed,557.5,280.0
ORD0006502,2022-12-20,20221220,CUS01122,9,EMP0146,Vodafone Cash,Cancelled,224.0,140.0
ORD0009414,2022-12-20,20221220,CUS01992,15,EMP0211,Cash,Completed,3028.0,2090.0
ORD0005485,2022-12-20,20221220,CUS01141,9,EMP0148,InstaPay,Completed,1361.5,680.0
ORD0008960,2022-12-20,20221220,CUS01585,13,EMP0189,  Vodafone Cash  ,Completed,1183.5,620.0
ORD0001141,2022-12-20,20221220,CUS02351,3,,Fawry,Completed,240.0,110.0
ORD0000216,2022-12-20,20221220,CUS00813,1,EMP0027,Vodafone Cash,Completed,972.0,500.0
ORD0000967,2022-12-21,20221221,CUS00706,3,EMP0065,InstaPay,Completed,198.0,100.0
ORD0010028,2022-12-21,20221221,CUS01825,2,EMP0029,Debit Card,Completed,18000.0,19200.0
ORD0005323,2022-12-21,20221221,CUS01012,2,EMP0033,Cash,Completed,504.0,280.0
ORD0009323,2022-12-21,20221221,CUS02503,2,EMP0049,  Debit Card  ,Completed,675.0,350.0
ORD0002128,2022-12-21,20221221,CUS01811,2,EMP0031,Fawry,Completed,446.5,230.0
ORD0001873,2022-12-21,20221221,CUS00433,2,EMP0054,Debit Card,Returned,160.0,80.0
ORD0003220,2022-12-21,20221221,CUS01886,2,EMP0042,  Debit Card  ,Returned,260.0,130.0
ORD0001322,2022-12-21,20221221,CUS00666,14,EMP0197,  InstaPay  ,Completed,2113.0,1180.0
ORD0011467,2022-12-21,20221221,CUS02315,3,EMP0061,Vodafone Cash,Completed,270.0,120.0
ORD0004960,2022-12-21,20221221,CUS00839,1,EMP0025,Debit Card,Completed,5250.0,5600.0
ORD0001776,2022-12-21,20221221,CUS01179,11,EMP0173,Debit Card,Completed,430.0,210.0
ORD0002700,2022-12-21,20221221,CUS01804,3,EMP0067,InstaPay,Completed,802.5,410.0
ORD0005663,2022-12-22,20221222,CUS02026,1,EMP0024,Cash,Completed,15981.5,16630.0
ORD0009791,2022-12-22,20221222,CUS00553,3,EMP0057,Vodafone Cash,Completed,510.0,240.0
ORD0010678,2022-12-22,20221222,CUS01893,12,EMP0181,Debit Card,Completed,3278.0,1640.0
ORD0006727,2022-12-22,20221222,CUS00271,11,EMP0171,  InstaPay  ,Completed,557.5,280.0
ORD0002795,2022-12-22,20221222,CUS00658,5,EMP0105,Cash,Completed,880.0,470.0
ORD0007109,2022-12-22,20221222,CUS02662,3,EMP0067,InstaPay,Completed,3500.0,2800.0
ORD0001081,2022-12-22,20221222,CUS01323,8,EMP0137,  Debit Card  ,Returned,2994.0,1700.0
ORD0005864,2022-12-22,20221222,CUS01469,6,EMP0116,  InstaPay  ,Completed,216.0,120.0
ORD0001946,2022-12-23,20221223,CUS01243,14,EMP0201,Fawry,Completed,266.0,140.0
ORD0009788,2022-12-23,20221223,CUS01108,15,EMP0211,Debit Card,Returned,12100.0,10900.0
ORD0001155,2022-12-23,20221223,CUS02862,2,EMP0030,Debit Card,Completed,2050.0,1010.0
ORD0005474,2022-12-23,20221223,CUS01312,2,EMP0040,  Cash  ,Completed,21706.0,16900.0
ORD0008267,2022-12-23,20221223,CUS01820,8,EMP0137,Credit Card,Completed,3416.0,2840.0
ORD0009872,2022-12-23,20221223,CUS01788,12,EMP0182,Cash,Completed,4032.0,3220.0
ORD0011742,2022-12-24,20221224,CUS00517,6,EMP0116,  Cash  ,Cancelled,189.0,130.0
ORD0003692,2022-12-24,20221224,CUS00710,2,EMP0046,  Vodafone Cash  ,Completed,1010.0,480.0
ORD0008318,2022-12-24,20221224,CUS01571,4,EMP0085,InstaPay,Completed,726.0,380.0
ORD0002339,2022-12-24,20221224,CUS01830,13,EMP0186,Fawry,Completed,790.5,430.0
ORD0002504,2022-12-24,20221224,CUS02145,5,EMP0102,InstaPay,Completed,3340.0,1840.0
ORD0009352,2022-12-24,20221224,CUS00261,12,EMP0183,  InstaPay  ,Completed,850.0,420.0
ORD0010045,2022-12-24,20221224,CUS00734,4,EMP0091,Cash,Completed,136.0,80.0
ORD0009937,2022-12-24,20221224,CUS00037,6,EMP0120,  InstaPay  ,Completed,937.5,490.0
ORD0006501,2022-12-24,20221224,CUS01085,5,EMP0108,InstaPay,Completed,1121.0,580.0
ORD0000359,2022-12-24,20221224,CUS02254,11,EMP0167,Credit Card,Completed,370.0,180.0
ORD0005262,2022-12-24,20221224,CUS00546,2,EMP0030,InstaPay,Completed,1079.0,570.0
ORD0000078,2022-12-25,20221225,CUS02337,1,EMP0007,Debit Card,Completed,10000.0,8000.0
ORD0003088,2022-12-25,20221225,CUS00720,2,EMP0033,Credit Card,Completed,1052.0,520.0
ORD0003096,2022-12-25,20221225,CUS02034,9,EMP0147,Cash,Completed,522.0,290.0
ORD0004570,2022-12-25,20221225,CUS01341,1,EMP0005,Cash,Completed,140.0,70.0
ORD0004887,2022-12-25,20221225,CUS02231,2,EMP0047,Credit Card,Completed,229.5,120.0
ORD0000512,2022-12-25,20221225,CUS02244,1,EMP0003,Cash,Returned,2059.0,1040.0
ORD0003714,2022-12-25,20221225,CUS00093,11,EMP0172,Cash,Completed,480.0,210.0
ORD0000692,2022-12-25,20221225,CUS00310,5,EMP0112,Fawry,Completed,270.0,130.0
ORD0011821,2022-12-25,20221225,CUS00743,3,EMP0062,Debit Card,Completed,990.0,490.0
ORD0004084,2022-12-25,20221225,CUS02622,5,EMP0109,Fawry,Completed,720.0,340.0
ORD0011902,2022-12-26,20221226,CUS00300,2,EMP0044,InstaPay,Completed,883.0,450.0
ORD0009969,2022-12-26,20221226,CUS02254,7,EMP0128,Vodafone Cash,Completed,1938.0,1090.0
ORD0006601,2022-12-26,20221226,CUS01397,1,EMP0013,Vodafone Cash,Completed,680.0,390.0
ORD0006177,2022-12-26,20221226,CUS00893,2,EMP0041,Fawry,Completed,644.0,330.0
ORD0007951,2022-12-26,20221226,CUS02855,2,EMP0046,  Cash  ,Completed,2284.0,1400.0
ORD0000804,2022-12-26,20221226,CUS00069,15,EMP0208,Debit Card,Completed,1048.5,590.0
ORD0006957,2022-12-26,20221226,CUS02022,9,EMP0146,Debit Card,Completed,13000.0,10400.0
ORD0006455,2022-12-26,20221226,CUS02851,12,EMP0178,Credit Card,Completed,2000.0,1600.0
ORD0001828,2022-12-26,20221226,CUS01585,2,EMP0046,Cash,Completed,340.0,170.0
ORD0011163,2022-12-26,20221226,CUS02749,8,EMP0143,Credit Card,Completed,2160.0,1080.0
ORD0000615,2022-12-26,20221226,CUS01748,3,EMP0063,Fawry,Completed,711.0,380.0
ORD0008413,2022-12-26,20221226,CUS02995,1,EMP0020,Debit Card,Completed,5789.0,4810.0
ORD0005923,2022-12-27,20221227,CUS00814,6,EMP0121,InstaPay,Returned,2125.5,1440.0
ORD0006333,2022-12-27,20221227,CUS02363,4,EMP0091,InstaPay,Completed,14926.0,13020.0
ORD0006546,2022-12-27,20221227,CUS01897,1,EMP0002,Credit Card,Completed,2012.0,1670.0
ORD0004321,2022-12-27,20221227,CUS00842,2,EMP0040,Vodafone Cash,Completed,260.0,130.0
ORD0001438,2022-12-27,20221227,CUS00137,10,EMP0152,Fawry,Cancelled,2130.5,1170.0
ORD0000525,2022-12-27,20221227,CUS00285,2,EMP0051,Vodafone Cash,Completed,2304.0,1320.0
ORD0000876,2022-12-27,20221227,CUS01877,4,EMP0082,  Cash  ,Completed,495.0,270.0
ORD0007878,2022-12-27,20221227,CUS01258,5,EMP0101,Fawry,Completed,220.0,100.0
ORD0008912,2022-12-27,20221227,CUS00501,6,EMP0117,Debit Card,Completed,13678.0,11500.0
ORD0006155,2022-12-27,20221227,CUS02496,2,EMP0051,Fawry,Completed,10823.0,8770.0
ORD0009677,2022-12-27,20221227,CUS02903,3,EMP0066,Credit Card,Completed,12020.0,9410.0
ORD0007597,2022-12-27,20221227,CUS01245,5,EMP0108,Credit Card,Completed,320.0,150.0
ORD0000545,2022-12-27,20221227,CUS01667,12,EMP0184,Debit Card,Cancelled,120.0,60.0
ORD0000498,2022-12-27,20221227,CUS02970,12,EMP0178,  Credit Card  ,Completed,195.0,120.0
ORD0002827,2022-12-27,20221227,CUS02893,7,EMP0132,Cash,Completed,13026.0,14820.0
ORD0008004,2022-12-28,20221228,CUS02011,3,EMP0065,Cash,Completed,26964.0,21360.0
ORD0001236,2022-12-28,20221228,CUS02504,3,EMP0068,Credit Card,Returned,270.0,140.0
ORD0002051,2022-12-28,20221228,CUS02292,2,EMP0040,Credit Card,Completed,140.0,70.0
ORD0005756,2022-12-28,20221228,CUS02143,12,EMP0178,InstaPay,Returned,162.0,80.0
ORD0009978,2022-12-29,20221229,CUS00090,1,EMP0014,Fawry,Completed,1694.0,1090.0
ORD0009210,2022-12-29,20221229,CUS02150,2,EMP0043,Credit Card,Completed,690.0,340.0
ORD0001452,2022-12-29,20221229,CUS01460,6,EMP0116,Cash,Completed,5731.5,4360.0
ORD0000966,2022-12-29,20221229,CUS02469,10,EMP0158,  Credit Card  ,Completed,112.5,70.0
ORD0004085,2022-12-29,20221229,CUS02148,7,EMP0133,Cash,Completed,5597.5,4950.0
ORD0010811,2022-12-29,20221229,CUS00071,11,EMP0165,InstaPay,Completed,952.0,520.0
ORD0005406,2022-12-29,20221229,CUS00821,2,EMP0040,Debit Card,Returned,270.0,130.0
ORD0010756,2022-12-29,20221229,CUS00818,6,EMP0117,Fawry,Completed,404.0,230.0
ORD0009150,2022-12-29,20221229,CUS01165,2,EMP0035,Cash,Completed,252.0,120.0
ORD0006838,2022-12-30,20221230,CUS01894,2,EMP0031,Fawry,Completed,722.0,360.0
ORD0011261,2022-12-30,20221230,CUS00584,4,EMP0079,  Fawry  ,Completed,90.0,40.0
ORD0009870,2022-12-30,20221230,CUS02534,7,EMP0136,Cash,Completed,608.0,390.0
ORD0004817,2022-12-30,20221230,CUS01573,2,EMP0032,Vodafone Cash,Completed,6698.0,5480.0
ORD0009547,2022-12-30,20221230,CUS00536,6,EMP0115,Credit Card,Completed,630.0,340.0
ORD0001367,2022-12-30,20221230,CUS02756,1,EMP0015,Fawry,Completed,816.0,390.0
ORD0000579,2022-12-30,20221230,CUS01249,9,EMP0147,Vodafone Cash,Cancelled,252.0,140.0
ORD0004142,2022-12-30,20221230,CUS02108,1,EMP0028,  InstaPay  ,Completed,261.0,130.0
ORD0002834,2022-12-30,20221230,CUS00511,4,EMP0092,  Fawry  ,Completed,1727.5,940.0
ORD0008581,2022-12-30,20221230,CUS02784,1,EMP0003,InstaPay,Completed,589.0,300.0
ORD0006011,2022-12-31,20221231,CUS00280,3,,Credit Card,Returned,1140.0,650.0
ORD0000792,2022-12-31,20221231,CUS02537,1,EMP0016,Credit Card,Returned,603.5,350.0
ORD0006370,2022-12-31,20221231,CUS00067,6,,  Vodafone Cash  ,Completed,150.0,70.0
ORD0005255,2022-12-31,20221231,CUS01673,4,,Vodafone Cash,Completed,27200.0,25600.0
ORD0006826,2022-12-31,20221231,CUS01985,10,EMP0163,InstaPay,Completed,767.0,390.0
ORD0003165,2022-12-31,20221231,CUS00266,2,EMP0048,Cash,Completed,1770.0,940.0
ORD0006347,2022-12-31,20221231,CUS02588,10,EMP0160,Debit Card,Completed,8890.0,7520.0
ORD0010550,2023-01-01,20230101,CUS00213,1,EMP0004,Credit Card,Cancelled,399.0,270.0
ORD0000204,2023-01-01,20230101,CUS02090,12,EMP0176,Debit Card,Completed,1986.0,990.0
ORD0000376,2023-01-01,20230101,CUS00880,10,EMP0158,InstaPay,Completed,1244.5,660.0
ORD0004942,2023-01-01,20230101,CUS02411,7,EMP0129,  InstaPay  ,Completed,256.5,130.0
ORD0002042,2023-01-01,20230101,CUS01927,6,EMP0120,Credit Card,Completed,1277.5,670.0
ORD0000484,2023-01-01,20230101,CUS02032,13,EMP0188,Cash,Completed,209.0,100.0
ORD0010400,2023-01-01,20230101,CUS02944,1,EMP0013,Credit Card,Completed,2640.0,2070.0
ORD0006246,2023-01-01,20230101,CUS02315,13,EMP0188,InstaPay,Completed,980.0,480.0
ORD0008388,2023-01-01,20230101,CUS01856,11,EMP0172,  Credit Card  ,Completed,560.0,270.0
ORD0005433,2023-01-02,20230102,CUS01000,1,EMP0004,Credit Card,Completed,1314.0,730.0
ORD0005538,2023-01-02,20230102,CUS00002,12,EMP0177,InstaPay,Completed,1435.0,830.0
ORD0000170,2023-01-02,20230102,CUS02154,4,EMP0092,Cash,Returned,994.0,500.0
ORD0000708,2023-01-02,20230102,CUS00115,3,,  Debit Card  ,Completed,80.0,40.0
ORD0003014,2023-01-02,20230102,CUS01048,5,EMP0095,Debit Card,Returned,541.5,270.0
ORD0009953,2023-01-02,20230102,CUS02506,6,EMP0123,Cash,Completed,871.5,540.0
ORD0007216,2023-01-02,20230102,CUS01656,10,EMP0157,  Credit Card  ,Returned,1848.0,940.0
ORD0003311,2023-01-02,20230102,CUS02115,3,EMP0074,Fawry,Completed,948.0,470.0
ORD0002200,2023-01-02,20230102,CUS01915,3,EMP0060,Cash,Returned,126.0,70.0
ORD0008226,2023-01-02,20230102,CUS02114,4,EMP0094,InstaPay,Completed,468.0,260.0
ORD0006648,2023-01-02,20230102,CUS00367,5,EMP0101,InstaPay,Completed,397.5,210.0
ORD0008486,2023-01-02,20230102,CUS02235,4,EMP0082,Debit Card,Completed,160.0,70.0
ORD0005393,2023-01-02,20230102,CUS00216,14,EMP0201,  Credit Card  ,Returned,456.0,280.0
ORD0009038,2023-01-03,20230103,CUS01708,12,EMP0178,Vodafone Cash,Completed,11520.0,10080.0
ORD0010066,2023-01-03,20230103,CUS02970,6,EMP0124,InstaPay,Completed,25080.0,21000.0
ORD0011589,2023-01-03,20230103,CUS00562,6,EMP0113,Fawry,Completed,2910.0,1390.0
ORD0005871,2023-01-03,20230103,CUS02399,13,EMP0192,Credit Card,Completed,30880.0,26100.0
ORD0001563,2023-01-03,20230103,CUS02859,12,EMP0174,Credit Card,Completed,12117.0,10300.0
ORD0007139,2023-01-03,20230103,CUS02262,6,EMP0118,  Fawry  ,Completed,1000.5,540.0
ORD0009274,2023-01-03,20230103,CUS00713,8,EMP0142,  Credit Card  ,Completed,5859.0,5320.0
ORD0006575,2023-01-03,20230103,CUS00272,3,EMP0074,Vodafone Cash,Completed,441.0,240.0
ORD0001937,2023-01-03,20230103,CUS01021,13,EMP0186,  InstaPay  ,Cancelled,208.0,130.0
ORD0007203,2023-01-03,20230103,CUS02656,3,EMP0072,InstaPay,Completed,90.0,40.0
ORD0003944,2023-01-03,20230103,CUS00278,1,EMP0006,Fawry,Completed,795.0,430.0
ORD0000167,2023-01-03,20230103,CUS00495,13,EMP0188,Debit Card,Completed,15450.0,13000.0
ORD0010990,2023-01-03,20230103,CUS01636,1,EMP0006,Debit Card,Completed,676.5,390.0
ORD0001382,2023-01-03,20230103,CUS00469,1,EMP0020,Vodafone Cash,Completed,1123.0,580.0
ORD0004240,2023-01-03,20230103,CUS02249,4,EMP0089,InstaPay,Completed,476.0,240.0
ORD0001277,2023-01-03,20230103,CUS00358,4,,Credit Card,Completed,4376.0,3190.0
ORD0011927,2023-01-04,20230104,CUS02731,14,EMP0203,Cash,Completed,986.0,500.0
ORD0005978,2023-01-04,20230104,CUS01776,9,EMP0150,Debit Card,Completed,664.0,330.0
ORD0006904,2023-01-04,20230104,CUS00332,6,EMP0119,Credit Card,Completed,855.0,440.0
ORD0010133,2023-01-04,20230104,CUS02151,6,EMP0113,Vodafone Cash,Completed,962.0,500.0
ORD0003123,2023-01-04,20230104,CUS01229,1,EMP0007,Credit Card,Completed,1296.0,700.0
ORD0001786,2023-01-04,20230104,CUS00856,3,EMP0062,InstaPay,Completed,12088.5,9960.0
ORD0005050,2023-01-04,20230104,CUS02712,2,,Fawry,Completed,656.0,310.0
ORD0005186,2023-01-04,20230104,CUS02463,2,EMP0042,InstaPay,Completed,343.0,240.0
ORD0005356,2023-01-04,20230104,CUS00907,3,EMP0055,Fawry,Completed,796.5,380.0
ORD0002231,2023-01-04,20230104,CUS02562,7,EMP0136,Fawry,Completed,180.0,90.0
ORD0003535,2023-01-04,20230104,CUS02981,1,EMP0016,Vodafone Cash,Returned,140.0,70.0
ORD0008879,2023-01-05,20230105,CUS01542,7,EMP0135,InstaPay,Completed,1201.0,630.0
ORD0000550,2023-01-05,20230105,CUS02582,6,EMP0123,InstaPay,Returned,12420.0,10420.0
ORD0008441,2023-01-05,20230105,CUS01906,3,EMP0068,Fawry,Completed,612.0,350.0
ORD0010944,2023-01-05,20230105,CUS01743,2,EMP0038,Vodafone Cash,Completed,14930.0,11660.0
ORD0003396,2023-01-05,20230105,CUS02406,3,EMP0057,  Credit Card  ,Completed,342.0,180.0
ORD0004553,2023-01-05,20230105,CUS02608,7,EMP0127,  Cash  ,Completed,280.0,140.0
ORD0008380,2023-01-05,20230105,CUS00422,2,EMP0053,Fawry,Completed,528.0,320.0
ORD0008755,2023-01-05,20230105,CUS02305,4,EMP0088,Credit Card,Completed,29274.0,23760.0
ORD0000178,2023-01-05,20230105,CUS02971,12,EMP0175,  Credit Card  ,Completed,801.0,430.0
ORD0003578,2023-01-05,20230105,CUS00044,3,EMP0062,Debit Card,Completed,247.0,120.0
ORD0010258,2023-01-05,20230105,CUS02855,3,EMP0061,  Vodafone Cash  ,Completed,680.0,320.0
ORD0008517,2023-01-05,20230105,CUS02941,3,EMP0077,Credit Card,Completed,123.5,60.0
ORD0007231,2023-01-05,20230105,CUS00884,5,EMP0096,  Debit Card  ,Completed,657.0,360.0
ORD0001250,2023-01-05,20230105,CUS00232,14,EMP0201,Cash,Completed,757.0,400.0
ORD0010358,2023-01-06,20230106,CUS00976,15,EMP0205,  Debit Card  ,Completed,658.0,340.0
ORD0008709,2023-01-06,20230106,CUS01811,3,EMP0065,Debit Card,Completed,8160.0,8100.0
ORD0010294,2023-01-06,20230106,CUS01261,1,EMP0012,Cash,Completed,250.0,120.0
ORD0000409,2023-01-06,20230106,CUS01879,2,EMP0043,Vodafone Cash,Completed,351.5,180.0
ORD0003330,2023-01-06,20230106,CUS01739,1,EMP0027,Debit Card,Completed,592.0,360.0
ORD0002394,2023-01-06,20230106,CUS01579,6,EMP0113,Credit Card,Completed,800.0,360.0
ORD0009671,2023-01-06,20230106,CUS01358,1,EMP0022,  InstaPay  ,Returned,25080.0,21000.0
ORD0004988,2023-01-06,20230106,CUS02317,4,EMP0093,Cash,Completed,210.0,100.0
ORD0008874,2023-01-06,20230106,CUS01608,7,EMP0136,Vodafone Cash,Completed,320.0,140.0
ORD0002647,2023-01-06,20230106,CUS00528,1,EMP0011,  Cash  ,Completed,1029.0,610.0
ORD0009052,2023-01-06,20230106,CUS01461,3,EMP0055,InstaPay,Completed,535.5,300.0
ORD0011409,2023-01-06,20230106,CUS02847,11,EMP0171,Cash,Completed,1240.0,590.0
ORD0006106,2023-01-07,20230107,CUS02053,3,EMP0057,  Debit Card  ,Completed,878.0,450.0
ORD0010120,2023-01-07,20230107,CUS00439,2,EMP0032,Debit Card,Completed,3173.0,1580.0
ORD0001033,2023-01-07,20230107,CUS00095,1,EMP0023,Credit Card,Completed,520.0,260.0
ORD0006231,2023-01-07,20230107,CUS00521,5,EMP0095,Vodafone Cash,Returned,680.0,400.0
ORD0003334,2023-01-07,20230107,CUS00635,5,EMP0108,Debit Card,Completed,13402.0,10910.0
ORD0001603,2023-01-07,20230107,CUS00284,13,EMP0193,Debit Card,Completed,15526.0,11680.0
ORD0000313,2023-01-07,20230107,CUS02148,8,EMP0140,Vodafone Cash,Completed,1872.0,910.0
ORD0003180,2023-01-07,20230107,CUS01901,3,EMP0062,Cash,Returned,418.0,200.0
ORD0011056,2023-01-08,20230108,CUS02494,12,EMP0182,InstaPay,Returned,325.0,160.0
ORD0000634,2023-01-08,20230108,CUS01434,3,EMP0057,Debit Card,Completed,1875.0,990.0
ORD0004750,2023-01-09,20230109,CUS01379,7,EMP0136,  Vodafone Cash  ,Completed,17675.0,13330.0
ORD0003938,2023-01-09,20230109,CUS01753,10,EMP0155,Cash,Completed,382.0,200.0
ORD0010464,2023-01-09,20230109,CUS02925,10,EMP0156,Vodafone Cash,Completed,594.0,370.0
ORD0007762,2023-01-09,20230109,CUS00731,4,EMP0081,  Debit Card  ,Completed,8272.0,6130.0
ORD0003569,2023-01-09,20230109,CUS00686,4,EMP0094,InstaPay,Completed,781.0,420.0
ORD0002329,2023-01-09,20230109,CUS02070,4,EMP0094,  InstaPay  ,Completed,700.0,330.0
ORD0002714,2023-01-10,20230110,CUS02831,14,EMP0201,Credit Card,Completed,1134.0,630.0
ORD0010048,2023-01-10,20230110,CUS02090,6,EMP0113,Vodafone Cash,Completed,435.0,220.0
ORD0001210,2023-01-10,20230110,CUS00679,1,EMP0026,Cash,Completed,980.0,480.0
ORD0010217,2023-01-10,20230110,CUS00833,3,EMP0057,Credit Card,Cancelled,546.0,380.0
ORD0010733,2023-01-10,20230110,CUS00256,14,EMP0200,Debit Card,Completed,2404.0,1200.0
ORD0002941,2023-01-10,20230110,CUS01324,4,EMP0079,InstaPay,Completed,832.0,430.0
ORD0010562,2023-01-10,20230110,CUS00528,3,EMP0078,Credit Card,Completed,120.0,70.0
ORD0007306,2023-01-10,20230110,CUS02914,9,EMP0145,Cash,Completed,480.0,240.0
ORD0008927,2023-01-10,20230110,CUS01786,1,EMP0027,Fawry,Completed,647.0,330.0
ORD0007794,2023-01-10,20230110,CUS02772,1,EMP0020,  Debit Card  ,Completed,1450.0,790.0
ORD0006824,2023-01-11,20230111,CUS02348,2,EMP0049,  Credit Card  ,Completed,2060.0,1010.0
ORD0001897,2023-01-11,20230111,CUS01733,2,EMP0030,Fawry,Completed,655.0,340.0
ORD0008776,2023-01-11,20230111,CUS01473,3,EMP0065,Debit Card,Completed,18725.0,14950.0
ORD0010772,2023-01-11,20230111,CUS01680,11,EMP0164,Credit Card,Completed,7600.0,6400.0
ORD0006954,2023-01-11,20230111,CUS01865,2,EMP0032,InstaPay,Completed,901.0,440.0
ORD0002136,2023-01-11,20230111,CUS01045,3,EMP0077,  Vodafone Cash  ,Completed,366.0,190.0
ORD0006875,2023-01-11,20230111,CUS00883,6,EMP0114,  Cash  ,Completed,500.0,240.0
ORD0010829,2023-01-11,20230111,CUS01064,1,EMP0009,Cash,Completed,290.0,140.0
ORD0007247,2023-01-11,20230111,CUS02076,2,EMP0048,Credit Card,Completed,400.0,200.0
ORD0007962,2023-01-11,20230111,CUS01099,5,EMP0112,  Debit Card  ,Completed,499.0,250.0
ORD0003695,2023-01-11,20230111,CUS01585,6,,Credit Card,Completed,488.0,300.0
ORD0001043,2023-01-11,20230111,CUS00280,4,EMP0088,InstaPay,Completed,594.5,320.0
ORD0007920,2023-01-11,20230111,CUS01099,3,EMP0058,Credit Card,Returned,796.0,410.0
ORD0004695,2023-01-11,20230111,CUS01345,14,EMP0199,Fawry,Completed,190.0,90.0
ORD0005152,2023-01-12,20230112,CUS01795,11,EMP0168,Vodafone Cash,Completed,1040.0,520.0
ORD0001619,2023-01-12,20230112,CUS00451,3,,  Cash  ,Completed,5796.0,4900.0
ORD0003137,2023-01-12,20230112,CUS00850,4,EMP0088,Credit Card,Completed,828.0,450.0
ORD0011183,2023-01-12,20230112,CUS02616,12,EMP0175,Fawry,Completed,19522.5,15300.0
ORD0010157,2023-01-12,20230112,CUS01345,2,EMP0036,Cash,Completed,80.0,40.0
ORD0002669,2023-01-12,20230112,CUS01200,1,EMP0016,Debit Card,Completed,98.0,60.0
ORD0007013,2023-01-12,20230112,CUS01152,13,EMP0192,Debit Card,Completed,1053.0,550.0
ORD0002105,2023-01-12,20230112,CUS01356,3,EMP0068,  Debit Card  ,Returned,135.0,70.0
ORD0001234,2023-01-12,20230112,CUS00478,13,EMP0188,InstaPay,Completed,1110.0,530.0
ORD0006877,2023-01-12,20230112,CUS02210,1,EMP0009,Fawry,Returned,320.0,160.0
ORD0011414,2023-01-12,20230112,CUS00988,2,,Debit Card,Completed,370.5,180.0
ORD0009749,2023-01-13,20230113,CUS01633,2,EMP0029,Debit Card,Completed,2400.0,1280.0
ORD0008105,2023-01-13,20230113,CUS02865,9,EMP0150,InstaPay,Completed,324.0,160.0
ORD0005000,2023-01-13,20230113,CUS02019,1,EMP0019,Debit Card,Completed,1640.0,820.0
ORD0008744,2023-01-13,20230113,CUS00280,15,EMP0212,InstaPay,Cancelled,20469.0,15980.0
ORD0009293,2023-01-13,20230113,CUS02962,15,EMP0210,Debit Card,Completed,1615.0,1240.0
ORD0011804,2023-01-13,20230113,CUS00716,2,EMP0035,Credit Card,Completed,1781.0,950.0
ORD0008664,2023-01-13,20230113,CUS02711,11,EMP0171,Credit Card,Completed,2685.0,1360.0
ORD0010268,2023-01-13,20230113,CUS00574,9,EMP0146,Credit Card,Completed,1720.5,870.0
ORD0007264,2023-01-13,20230113,CUS02519,14,EMP0203,  Vodafone Cash  ,Completed,569.0,340.0
ORD0003597,2023-01-13,20230113,CUS01041,1,EMP0005,Debit Card,Completed,530.0,260.0
ORD0004838,2023-01-13,20230113,CUS01566,8,EMP0140,Debit Card,Completed,646.0,330.0
ORD0008365,2023-01-14,20230114,CUS00579,2,EMP0052,  Debit Card  ,Completed,104.0,60.0
ORD0011575,2023-01-14,20230114,CUS02741,3,EMP0058,Vodafone Cash,Returned,17700.0,14100.0
ORD0006022,2023-01-14,20230114,CUS01618,12,EMP0174,Cash,Completed,340.0,160.0
ORD0006021,2023-01-14,20230114,CUS00114,3,EMP0069,Cash,Completed,800.0,380.0
ORD0001206,2023-01-14,20230114,CUS02062,5,EMP0100,InstaPay,Completed,4113.0,2220.0
ORD0006495,2023-01-14,20230114,CUS01527,7,EMP0135,Cash,Completed,883.0,580.0
ORD0009604,2023-01-14,20230114,CUS02783,4,EMP0083,Debit Card,Completed,315.0,170.0
ORD0007156,2023-01-15,20230115,CUS01690,4,EMP0082,Debit Card,Completed,2680.0,2100.0
ORD0002155,2023-01-15,20230115,CUS01680,8,EMP0141,Vodafone Cash,Completed,540.0,290.0
ORD0009796,2023-01-15,20230115,CUS02655,14,EMP0203,Credit Card,Completed,1793.0,1020.0
ORD0006525,2023-01-15,20230115,CUS01712,1,EMP0020,Fawry,Completed,21910.0,20230.0
ORD0001036,2023-01-15,20230115,CUS01934,15,EMP0211,Credit Card,Returned,2314.0,1400.0
ORD0008866,2023-01-15,20230115,CUS00543,1,EMP0017,Credit Card,Completed,508.0,290.0
ORD0002845,2023-01-15,20230115,CUS02567,12,EMP0184,Debit Card,Completed,1216.0,640.0
ORD0007698,2023-01-15,20230115,CUS01516,5,,InstaPay,Completed,422.0,200.0
ORD0008685,2023-01-15,20230115,CUS00060,14,EMP0198,Debit Card,Completed,693.0,380.0
ORD0001600,2023-01-15,20230115,CUS02517,3,EMP0067,Credit Card,Completed,5200.0,4000.0
ORD0010344,2023-01-15,20230115,CUS00131,8,EMP0140,  Vodafone Cash  ,Completed,36780.0,32440.0
ORD0002060,2023-01-15,20230115,CUS02878,3,EMP0060,Credit Card,Completed,423.0,230.0
ORD0001803,2023-01-15,20230115,CUS00683,13,EMP0186,Vodafone Cash,Completed,1577.0,830.0
ORD0002018,2023-01-15,20230115,CUS00072,3,EMP0074,Cash,Completed,441.0,240.0
ORD0004641,2023-01-16,20230116,CUS01109,4,EMP0091,  Cash  ,Completed,1157.0,590.0
ORD0009157,2023-01-16,20230116,CUS01775,1,EMP0002,InstaPay,Completed,228.0,120.0
ORD0010220,2023-01-16,20230116,CUS02292,3,EMP0069,  Credit Card  ,Completed,300.0,140.0
ORD0001360,2023-01-16,20230116,CUS02895,2,EMP0052,Debit Card,Completed,779.0,390.0
ORD0001511,2023-01-16,20230116,CUS01633,2,,Debit Card,Completed,475.0,240.0
ORD0010475,2023-01-16,20230116,CUS00292,4,EMP0086,Fawry,Completed,1235.0,1000.0
ORD0000499,2023-01-16,20230116,CUS00094,2,EMP0046,InstaPay,Completed,765.0,380.0
ORD0003389,2023-01-16,20230116,CUS02959,3,EMP0066,  Debit Card  ,Completed,1656.0,900.0
ORD0004604,2023-01-16,20230116,CUS01471,13,EMP0187,Fawry,Completed,20592.0,16940.0
ORD0009143,2023-01-16,20230116,CUS02562,7,EMP0127,Debit Card,Completed,2701.0,1520.0
ORD0010380,2023-01-16,20230116,CUS02265,10,EMP0158,Vodafone Cash,Completed,607.5,390.0
ORD0000343,2023-01-16,20230116,CUS00712,7,EMP0134,InstaPay,Completed,661.5,370.0
ORD0005877,2023-01-16,20230116,CUS02534,1,EMP0020,Cash,Completed,4319.0,3600.0
ORD0001936,2023-01-17,20230117,CUS01637,3,EMP0063,Credit Card,Completed,180.0,80.0
ORD0002625,2023-01-17,20230117,CUS01171,1,EMP0017,Cash,Completed,240.0,120.0
ORD0004464,2023-01-17,20230117,CUS00850,3,EMP0064,Vodafone Cash,Completed,770.0,380.0
ORD0011712,2023-01-17,20230117,CUS00302,1,EMP0019,InstaPay,Completed,902.0,500.0
ORD0001496,2023-01-17,20230117,CUS02463,6,EMP0123,Fawry,Completed,114.0,60.0
ORD0005497,2023-01-17,20230117,CUS01683,15,EMP0211,InstaPay,Completed,987.5,570.0
ORD0005417,2023-01-17,20230117,CUS00400,10,EMP0152,Credit Card,Completed,104.0,60.0
ORD0001646,2023-01-17,20230117,CUS02567,9,EMP0146,Credit Card,Cancelled,519.5,270.0
ORD0002184,2023-01-17,20230117,CUS02431,14,EMP0203,Debit Card,Completed,576.0,280.0
ORD0011341,2023-01-17,20230117,CUS00254,3,EMP0060,Fawry,Completed,5143.0,3790.0
ORD0001761,2023-01-17,20230117,CUS02987,5,EMP0101,  Cash  ,Completed,720.0,360.0
ORD0011266,2023-01-17,20230117,CUS02744,2,EMP0046,Fawry,Completed,608.5,360.0
ORD0010639,2023-01-17,20230117,CUS01828,6,EMP0121,Cash,Completed,18055.0,15040.0
ORD0006232,2023-01-17,20230117,CUS00642,1,EMP0020,Fawry,Completed,3022.0,1600.0
ORD0011400,2023-01-17,20230117,CUS01183,1,EMP0001,  InstaPay  ,Completed,1020.0,490.0
ORD0010529,2023-01-17,20230117,CUS00553,5,EMP0111,Fawry,Completed,5965.0,4910.0
ORD0006453,2023-01-18,20230118,CUS01853,2,EMP0034,Vodafone Cash,Completed,698.5,390.0
ORD0009328,2023-01-18,20230118,CUS01814,1,,  Debit Card  ,Completed,168.0,100.0
ORD0000103,2023-01-18,20230118,CUS01956,13,EMP0188,Fawry,Completed,1196.0,590.0
ORD0009142,2023-01-18,20230118,CUS00274,14,EMP0194,Cash,Completed,8446.0,6640.0
ORD0011002,2023-01-18,20230118,CUS02525,1,EMP0025,InstaPay,Completed,660.0,330.0
ORD0011316,2023-01-18,20230118,CUS00700,9,EMP0145,Vodafone Cash,Completed,142.5,70.0
ORD0011719,2023-01-18,20230118,CUS02633,2,EMP0052,Fawry,Completed,160.0,70.0
ORD0006951,2023-01-18,20230118,CUS01406,5,EMP0098,  Debit Card  ,Completed,6249.0,4640.0
ORD0001053,2023-01-18,20230118,CUS02980,11,EMP0173,Debit Card,Completed,208.0,120.0
ORD0011512,2023-01-18,20230118,CUS00955,10,EMP0161,Fawry,Completed,25693.0,22180.0
ORD0008180,2023-01-18,20230118,CUS02392,1,,Vodafone Cash,Completed,15035.0,12340.0
ORD0007040,2023-01-18,20230118,CUS01164,1,EMP0025,Cash,Completed,210.0,100.0
ORD0005087,2023-01-18,20230118,CUS02471,14,EMP0198,Fawry,Returned,81.0,40.0
ORD0008468,2023-01-19,20230119,CUS01511,8,EMP0144,Debit Card,Completed,412.0,210.0
ORD0001462,2023-01-19,20230119,CUS02017,5,EMP0107,  Fawry  ,Completed,1760.0,970.0
ORD0001914,2023-01-19,20230119,CUS01164,2,EMP0051,Credit Card,Completed,342.0,180.0
ORD0004027,2023-01-19,20230119,CUS02623,1,EMP0021,  InstaPay  ,Completed,264.5,140.0
ORD0002791,2023-01-19,20230119,CUS01825,2,EMP0032,Debit Card,Completed,300.0,140.0
ORD0002053,2023-01-19,20230119,CUS02535,2,EMP0052,InstaPay,Completed,584.0,310.0
ORD0006818,2023-01-19,20230119,CUS01238,4,EMP0082,Credit Card,Completed,1176.0,720.0
ORD0011128,2023-01-19,20230119,CUS01826,1,EMP0017,Credit Card,Completed,1320.0,960.0
ORD0006858,2023-01-19,20230119,CUS02008,6,EMP0123,Fawry,Completed,6051.0,5470.0
ORD0002563,2023-01-19,20230119,CUS00625,2,EMP0051,InstaPay,Completed,337.5,200.0
ORD0005968,2023-01-19,20230119,CUS00547,9,EMP0150,Credit Card,Completed,360.0,170.0
ORD0000906,2023-01-19,20230119,CUS01699,5,EMP0101,InstaPay,Completed,342.0,180.0
ORD0011234,2023-01-19,20230119,CUS02820,13,EMP0189,Fawry,Completed,120.0,70.0
ORD0002447,2023-01-19,20230119,CUS01868,3,EMP0064,Vodafone Cash,Returned,781.0,390.0
ORD0003275,2023-01-20,20230120,CUS00083,6,EMP0123,InstaPay,Returned,310.0,150.0
ORD0003066,2023-01-20,20230120,CUS01854,11,EMP0165,Debit Card,Completed,822.0,450.0
ORD0008861,2023-01-20,20230120,CUS01296,13,EMP0193,  InstaPay  ,Completed,285.0,140.0
ORD0003225,2023-01-20,20230120,CUS00158,1,EMP0015,Fawry,Completed,5081.0,4670.0
ORD0010582,2023-01-20,20230120,CUS01556,1,EMP0023,Cash,Completed,1511.0,750.0
ORD0008210,2023-01-20,20230120,CUS00971,3,,InstaPay,Completed,180.0,80.0
ORD0011123,2023-01-20,20230120,CUS02435,7,EMP0133,Credit Card,Completed,229.5,120.0
ORD0000220,2023-01-20,20230120,CUS01400,9,EMP0149,Cash,Completed,480.0,500.0
ORD0008775,2023-01-20,20230120,CUS01407,15,EMP0210,Vodafone Cash,Completed,108.0,60.0
ORD0007737,2023-01-20,20230120,CUS01489,10,EMP0152,Cash,Completed,12771.0,10290.0
ORD0001669,2023-01-20,20230120,CUS02703,7,EMP0129,Fawry,Completed,540.0,300.0
ORD0010387,2023-01-20,20230120,CUS02725,6,EMP0120,Vodafone Cash,Completed,36700.0,32410.0
ORD0008725,2023-01-20,20230120,CUS00624,6,EMP0120,Vodafone Cash,Completed,270.0,130.0
ORD0011404,2023-01-21,20230121,CUS00014,10,EMP0154,Vodafone Cash,Completed,535.5,320.0
ORD0002278,2023-01-21,20230121,CUS02357,3,EMP0064,  Fawry  ,Completed,972.0,470.0
ORD0004908,2023-01-21,20230121,CUS01310,11,EMP0171,  Fawry  ,Completed,2648.0,1470.0
ORD0004120,2023-01-21,20230121,CUS01063,6,EMP0123,Cash,Completed,1985.0,1000.0
ORD0010150,2023-01-21,20230121,CUS00240,10,EMP0163,Cash,Completed,4629.5,2320.0
ORD0000079,2023-01-21,20230121,CUS00745,2,,Debit Card,Completed,576.0,300.0
ORD0004364,2023-01-22,20230122,CUS00750,12,EMP0178,Vodafone Cash,Completed,1214.0,650.0
ORD0001758,2023-01-22,20230122,CUS01940,10,EMP0156,  Fawry  ,Completed,2394.0,1240.0
ORD0002940,2023-01-22,20230122,CUS00182,3,EMP0061,Debit Card,Completed,840.0,400.0
ORD0005100,2023-01-22,20230122,CUS00636,6,EMP0118,Vodafone Cash,Completed,14649.0,12200.0
ORD0000466,2023-01-22,20230122,CUS00402,8,EMP0143,Fawry,Completed,418.0,200.0
ORD0004628,2023-01-22,20230122,CUS00159,4,EMP0089,Credit Card,Completed,711.5,400.0
ORD0005839,2023-01-22,20230122,CUS02964,13,EMP0187,  InstaPay  ,Completed,732.5,360.0
ORD0003469,2023-01-22,20230122,CUS01807,14,EMP0197,InstaPay,Completed,2314.0,1270.0
ORD0008536,2023-01-22,20230122,CUS00625,12,EMP0175,InstaPay,Completed,1705.5,970.0
ORD0003093,2023-01-22,20230122,CUS01667,3,EMP0069,  Debit Card  ,Completed,2297.0,1190.0
ORD0005944,2023-01-23,20230123,CUS02575,13,EMP0190,InstaPay,Completed,6077.5,5670.0
ORD0011245,2023-01-23,20230123,CUS01749,10,EMP0160,Fawry,Completed,540.0,290.0
ORD0002523,2023-01-23,20230123,CUS02500,7,EMP0128,Fawry,Completed,2608.0,1380.0
ORD0011724,2023-01-23,20230123,CUS00615,2,EMP0046,Debit Card,Completed,9500.0,8750.0
ORD0005993,2023-01-23,20230123,CUS01704,3,EMP0071,Debit Card,Completed,366.0,180.0
ORD0004772,2023-01-23,20230123,CUS00173,8,EMP0143,Credit Card,Returned,1962.5,1110.0
ORD0002952,2023-01-23,20230123,CUS01284,2,EMP0052,Credit Card,Completed,282.0,140.0
ORD0001889,2023-01-23,20230123,CUS00514,1,,Vodafone Cash,Completed,2691.5,1430.0
ORD0011202,2023-01-23,20230123,CUS00942,12,EMP0179,Vodafone Cash,Completed,170.0,80.0
ORD0008820,2023-01-24,20230124,CUS02873,3,EMP0059,Debit Card,Cancelled,630.0,330.0
ORD0001002,2023-01-24,20230124,CUS02385,11,EMP0171,  Cash  ,Completed,2272.0,1400.0
ORD0009009,2023-01-24,20230124,CUS01567,4,EMP0089,Debit Card,Completed,80.0,40.0
ORD0008736,2023-01-24,20230124,CUS00819,8,EMP0141,Cash,Completed,1260.0,600.0
ORD0003573,2023-01-24,20230124,CUS02446,1,EMP0028,InstaPay,Returned,26580.0,21280.0
ORD0000844,2023-01-24,20230124,CUS01695,4,EMP0087,Vodafone Cash,Returned,440.0,220.0
ORD0001584,2023-01-24,20230124,CUS00394,10,EMP0158,InstaPay,Completed,1793.0,910.0
ORD0002287,2023-01-24,20230124,CUS00351,15,EMP0206,Fawry,Completed,1483.5,820.0
ORD0000106,2023-01-24,20230124,CUS00181,4,EMP0082,  Debit Card  ,Completed,457.5,300.0
ORD0010741,2023-01-24,20230124,CUS01362,3,EMP0075,Credit Card,Completed,1730.0,820.0
ORD0010371,2023-01-24,20230124,CUS01724,12,EMP0179,Credit Card,Completed,14650.0,12860.0
ORD0004137,2023-01-24,20230124,CUS01394,12,EMP0184,InstaPay,Completed,1702.5,950.0
ORD0011732,2023-01-25,20230125,CUS00417,1,,Credit Card,Completed,1350.0,660.0
ORD0000113,2023-01-25,20230125,CUS01012,9,EMP0148,Vodafone Cash,Completed,3775.0,2120.0
ORD0011974,2023-01-25,20230125,CUS02606,2,EMP0031,Cash,Completed,1005.5,520.0
ORD0006413,2023-01-25,20230125,CUS01999,10,,Credit Card,Cancelled,1722.5,900.0
ORD0000322,2023-01-25,20230125,CUS02281,1,EMP0017,Fawry,Completed,405.0,210.0
ORD0006443,2023-01-25,20230125,CUS01903,2,EMP0048,Credit Card,Completed,1770.0,980.0
ORD0007687,2023-01-25,20230125,CUS01016,4,EMP0090,Fawry,Completed,415.0,230.0
ORD0001958,2023-01-25,20230125,CUS01330,7,EMP0135,Debit Card,Completed,758.0,440.0
ORD0009486,2023-01-25,20230125,CUS02137,2,EMP0029,Cash,Completed,830.0,410.0
ORD0008627,2023-01-25,20230125,CUS01240,10,,  Debit Card  ,Completed,612.0,320.0
ORD0002422,2023-01-25,20230125,CUS00479,3,EMP0066,Cash,Completed,1549.5,860.0
ORD0006750,2023-01-25,20230125,CUS02750,14,EMP0201,Vodafone Cash,Completed,1264.0,720.0
ORD0003550,2023-01-25,20230125,CUS00296,4,EMP0093,Debit Card,Completed,279.0,150.0
ORD0010170,2023-01-25,20230125,CUS00510,8,EMP0142,Cash,Completed,336.0,200.0
ORD0009088,2023-01-26,20230126,CUS02193,6,EMP0115,Debit Card,Completed,555.0,310.0
ORD0003483,2023-01-26,20230126,CUS02486,6,EMP0116,InstaPay,Completed,260.0,120.0
ORD0004249,2023-01-26,20230126,CUS00001,2,EMP0053,Vodafone Cash,Completed,12900.0,12380.0
ORD0003506,2023-01-26,20230126,CUS00324,11,EMP0169,Debit Card,Completed,204.0,120.0
ORD0010447,2023-01-26,20230126,CUS00196,4,EMP0081,Credit Card,Completed,427.5,220.0
ORD0001172,2023-01-26,20230126,CUS02406,15,EMP0207,InstaPay,Completed,2332.0,1330.0
ORD0010997,2023-01-26,20230126,CUS00307,13,EMP0185,  InstaPay  ,Completed,4590.0,4000.0
ORD0009679,2023-01-26,20230126,CUS00289,10,EMP0154,Debit Card,Completed,630.0,350.0
ORD0002412,2023-01-26,20230126,CUS01813,3,EMP0073,Credit Card,Completed,1078.0,590.0
ORD0000034,2023-01-26,20230126,CUS02051,1,EMP0003,Fawry,Completed,458.5,230.0
ORD0006577,2023-01-26,20230126,CUS01019,9,EMP0150,Debit Card,Completed,14097.0,10760.0
ORD0005826,2023-01-27,20230127,CUS02201,3,EMP0058,Vodafone Cash,Completed,1594.5,820.0
ORD0002497,2023-01-27,20230127,CUS02104,6,EMP0118,Vodafone Cash,Completed,1214.0,600.0
ORD0000724,2023-01-27,20230127,CUS00460,2,EMP0046,Cash,Returned,1318.5,760.0
ORD0007064,2023-01-27,20230127,CUS01334,2,EMP0039,Credit Card,Completed,119.0,60.0
ORD0006708,2023-01-27,20230127,CUS02174,4,EMP0080,InstaPay,Completed,98.0,60.0
ORD0006657,2023-01-27,20230127,CUS00314,14,EMP0200,  Credit Card  ,Completed,277.5,180.0
ORD0009508,2023-01-27,20230127,CUS00099,14,EMP0196,Cash,Completed,580.0,360.0
ORD0002804,2023-01-27,20230127,CUS02778,11,EMP0164,Cash,Completed,547.5,270.0
ORD0008130,2023-01-27,20230127,CUS02730,12,EMP0184,Debit Card,Completed,30040.0,24750.0
ORD0010375,2023-01-28,20230128,CUS00974,4,EMP0085,  Cash  ,Completed,841.0,540.0
ORD0005755,2023-01-28,20230128,CUS02315,14,EMP0197,InstaPay,Returned,450.0,220.0
ORD0001242,2023-01-28,20230128,CUS01031,4,EMP0088,Debit Card,Completed,300.0,140.0
ORD0004378,2023-01-28,20230128,CUS00238,4,EMP0085,Cash,Completed,1380.0,660.0
ORD0008302,2023-01-28,20230128,CUS02863,2,EMP0039,Fawry,Completed,1587.5,900.0
ORD0001013,2023-01-28,20230128,CUS02643,8,EMP0139,Fawry,Completed,1003.0,570.0
ORD0003061,2023-01-28,20230128,CUS01367,4,EMP0091,InstaPay,Completed,550.0,270.0
ORD0002892,2023-01-28,20230128,CUS00571,6,EMP0120,Vodafone Cash,Completed,9090.0,8100.0
ORD0004255,2023-01-28,20230128,CUS02430,3,EMP0062,Cash,Completed,7700.0,5940.0
ORD0004756,2023-01-28,20230128,CUS00234,10,EMP0163,Fawry,Returned,210.0,100.0
ORD0008558,2023-01-29,20230129,CUS01093,11,EMP0166,Credit Card,Completed,912.0,460.0
ORD0011654,2023-01-29,20230129,CUS00656,8,EMP0139,InstaPay,Completed,2385.0,1190.0
ORD0003457,2023-01-29,20230129,CUS01108,6,EMP0125,Credit Card,Completed,640.0,350.0
ORD0008851,2023-01-29,20230129,CUS02079,3,EMP0060,  Fawry  ,Completed,540.0,260.0
ORD0009153,2023-01-29,20230129,CUS01429,1,EMP0007,Vodafone Cash,Completed,570.0,280.0
ORD0000785,2023-01-29,20230129,CUS01522,11,EMP0168,InstaPay,Completed,4080.0,4000.0
ORD0010751,2023-01-29,20230129,CUS01051,1,EMP0018,Vodafone Cash,Completed,2160.0,2000.0
ORD0000072,2023-01-29,20230129,CUS02962,6,EMP0125,  Debit Card  ,Completed,207.0,110.0
ORD0001314,2023-01-29,20230129,CUS02786,12,EMP0179,Cash,Completed,2763.0,1550.0
ORD0004920,2023-01-29,20230129,CUS00364,4,EMP0080,Cash,Completed,2583.0,1470.0
ORD0011462,2023-01-30,20230130,CUS00464,10,EMP0153,  Credit Card  ,Returned,298.0,170.0
ORD0010033,2023-01-30,20230130,CUS01687,4,EMP0092,Fawry,Completed,667.0,330.0
ORD0008710,2023-01-30,20230130,CUS02004,6,EMP0117,  Credit Card  ,Completed,464.0,240.0
ORD0002162,2023-01-30,20230130,CUS01463,1,EMP0019,Fawry,Completed,723.0,430.0
ORD0006530,2023-01-30,20230130,CUS00679,14,EMP0197,Vodafone Cash,Completed,200.0,90.0
ORD0005399,2023-01-30,20230130,CUS02708,12,EMP0181,Fawry,Completed,160.0,80.0
ORD0001101,2023-01-30,20230130,CUS02963,7,EMP0129,  Credit Card  ,Completed,2155.0,1200.0
ORD0011345,2023-01-30,20230130,CUS00513,15,EMP0211,InstaPay,Completed,1362.0,690.0
ORD0003101,2023-01-30,20230130,CUS02471,3,EMP0057,Fawry,Completed,153.0,80.0
ORD0001268,2023-01-30,20230130,CUS02119,1,EMP0023,InstaPay,Completed,2539.5,1770.0
ORD0011125,2023-01-30,20230130,CUS00043,8,EMP0138,Cash,Returned,247.5,160.0
ORD0004984,2023-01-30,20230130,CUS02481,2,EMP0041,  Credit Card  ,Completed,260.0,130.0
ORD0004037,2023-01-30,20230130,CUS02482,2,EMP0030,  Fawry  ,Completed,202.5,130.0
ORD0003980,2023-01-30,20230130,CUS00450,1,EMP0008,  InstaPay  ,Completed,119.0,70.0
ORD0000629,2023-01-31,20230131,CUS01071,11,EMP0164,InstaPay,Completed,365.5,210.0
ORD0004063,2023-01-31,20230131,CUS02041,8,EMP0138,Credit Card,Returned,2440.0,1200.0
ORD0010981,2023-01-31,20230131,CUS02020,1,EMP0015,InstaPay,Completed,224.0,140.0
ORD0002853,2023-01-31,20230131,CUS00949,12,EMP0175,Vodafone Cash,Completed,1080.0,540.0
ORD0003946,2023-01-31,20230131,CUS00296,10,EMP0161,InstaPay,Cancelled,400.0,250.0
ORD0000723,2023-01-31,20230131,CUS00671,14,EMP0197,Cash,Completed,1935.0,950.0
ORD0003489,2023-01-31,20230131,CUS00543,4,,  Fawry  ,Completed,1399.0,780.0
ORD0010801,2023-01-31,20230131,CUS02228,13,EMP0187,Cash,Completed,459.0,240.0
ORD0006693,2023-01-31,20230131,CUS00043,4,EMP0080,Vodafone Cash,Completed,85.0,40.0
ORD0000909,2023-01-31,20230131,CUS00956,6,EMP0115,Credit Card,Completed,3510.5,1900.0
ORD0003630,2023-01-31,20230131,CUS02564,8,EMP0138,Fawry,Completed,1544.0,770.0
ORD0001799,2023-01-31,20230131,CUS01005,1,EMP0021,Debit Card,Completed,1328.0,640.0
ORD0008799,2023-01-31,20230131,CUS02150,1,EMP0011,  Cash  ,Completed,2876.0,1850.0
ORD0001942,2023-01-31,20230131,CUS00718,4,EMP0088,Cash,Completed,14096.0,11980.0
ORD0008100,2023-01-31,20230131,CUS02416,15,EMP0212,  Vodafone Cash  ,Completed,540.0,300.0
ORD0000846,2023-01-31,20230131,CUS02587,7,EMP0132,Vodafone Cash,Completed,144.0,70.0
ORD0010167,2023-02-01,20230201,CUS02232,4,EMP0086,  Credit Card  ,Completed,20560.0,16270.0
ORD0000462,2023-02-01,20230201,CUS00848,2,EMP0039,Credit Card,Completed,285.0,140.0
ORD0011041,2023-02-01,20230201,CUS01208,1,EMP0010,Fawry,Completed,12756.0,10260.0
ORD0009597,2023-02-01,20230201,CUS01516,8,EMP0144,Cash,Completed,705.5,410.0
ORD0011129,2023-02-01,20230201,CUS02098,7,EMP0133,Credit Card,Completed,3286.0,1880.0
ORD0004296,2023-02-01,20230201,CUS01844,15,,Credit Card,Completed,677.0,370.0
ORD0000648,2023-02-01,20230201,CUS02282,4,EMP0081,Credit Card,Completed,648.0,340.0
ORD0002239,2023-02-01,20230201,CUS01578,1,EMP0017,  Cash  ,Returned,1080.0,700.0
ORD0010604,2023-02-01,20230201,CUS01651,5,EMP0097,Vodafone Cash,Completed,1350.0,660.0
ORD0003472,2023-02-01,20230201,CUS02686,11,EMP0166,  Credit Card  ,Completed,2415.0,1270.0
ORD0005904,2023-02-01,20230201,CUS01531,10,EMP0162,Fawry,Completed,558.5,290.0
ORD0006127,2023-02-01,20230201,CUS02854,4,EMP0085,Debit Card,Completed,480.0,210.0
ORD0001389,2023-02-02,20230202,CUS01334,1,EMP0008,InstaPay,Completed,444.0,240.0
ORD0003574,2023-02-02,20230202,CUS00560,12,EMP0184,  Fawry  ,Completed,701.5,340.0
ORD0010739,2023-02-02,20230202,CUS00772,2,EMP0039,Debit Card,Completed,1809.0,980.0
ORD0007440,2023-02-02,20230202,CUS02767,3,EMP0066,Vodafone Cash,Completed,1200.0,1200.0
ORD0003516,2023-02-02,20230202,CUS01414,2,EMP0048,InstaPay,Completed,933.0,460.0
ORD0009922,2023-02-02,20230202,CUS00204,2,EMP0053,Cash,Completed,443.0,260.0
ORD0007999,2023-02-02,20230202,CUS00884,2,EMP0035,  Credit Card  ,Completed,135.0,70.0
ORD0000661,2023-02-02,20230202,CUS02648,5,EMP0107,Debit Card,Completed,540.0,260.0
ORD0000975,2023-02-02,20230202,CUS02961,3,EMP0067,InstaPay,Cancelled,14580.0,11760.0
ORD0009617,2023-02-02,20230202,CUS01157,1,EMP0011,Vodafone Cash,Returned,980.0,460.0
ORD0011384,2023-02-02,20230202,CUS00946,2,EMP0041,  Credit Card  ,Completed,5016.5,3480.0
ORD0006426,2023-02-02,20230202,CUS02842,10,EMP0153,Vodafone Cash,Completed,225.0,120.0
ORD0003580,2023-02-02,20230202,CUS00907,6,,InstaPay,Completed,161.5,90.0
ORD0009464,2023-02-03,20230203,CUS01611,10,EMP0161,Vodafone Cash,Completed,648.0,350.0
ORD0008377,2023-02-03,20230203,CUS02252,10,EMP0162,  Debit Card  ,Completed,270.0,140.0
ORD0007049,2023-02-03,20230203,CUS01376,10,EMP0157,Debit Card,Completed,1117.5,640.0
ORD0006391,2023-02-03,20230203,CUS01621,14,EMP0194,Credit Card,Completed,2076.0,1050.0
ORD0009159,2023-02-03,20230203,CUS00803,4,EMP0079,InstaPay,Completed,238.0,120.0
ORD0001925,2023-02-03,20230203,CUS02708,1,EMP0004,Debit Card,Cancelled,760.0,400.0
ORD0006225,2023-02-03,20230203,CUS00254,13,EMP0186,InstaPay,Completed,279.0,140.0
ORD0003116,2023-02-03,20230203,CUS02280,8,EMP0139,Credit Card,Returned,1269.0,660.0
ORD0011000,2023-02-03,20230203,CUS01730,10,EMP0160,Credit Card,Returned,639.0,350.0
ORD0002968,2023-02-03,20230203,CUS00880,1,EMP0011,Credit Card,Completed,30179.0,25010.0
ORD0007187,2023-02-03,20230203,CUS02083,12,EMP0181,Fawry,Completed,150.0,70.0
ORD0004807,2023-02-03,20230203,CUS02102,9,EMP0147,Cash,Completed,63.0,40.0
ORD0004308,2023-02-03,20230203,CUS01691,3,EMP0056,Fawry,Completed,612.0,340.0
ORD0004244,2023-02-04,20230204,CUS01022,5,EMP0106,Debit Card,Completed,360.0,160.0
ORD0000688,2023-02-04,20230204,CUS02278,4,EMP0094,InstaPay,Completed,3132.0,1840.0
ORD0003976,2023-02-04,20230204,CUS00605,4,EMP0089,InstaPay,Completed,922.0,530.0
ORD0011782,2023-02-04,20230204,CUS02827,14,EMP0196,  Debit Card  ,Completed,420.0,200.0
ORD0007664,2023-02-04,20230204,CUS02064,4,EMP0083,Cash,Cancelled,285.0,140.0
ORD0005865,2023-02-04,20230204,CUS02384,1,EMP0018,Credit Card,Completed,544.0,300.0
ORD0006880,2023-02-04,20230204,CUS01344,6,EMP0121,Fawry,Returned,260.0,130.0
ORD0002432,2023-02-04,20230204,CUS02889,1,EMP0013,  Debit Card  ,Completed,18606.0,14090.0
ORD0000773,2023-02-04,20230204,CUS02906,3,EMP0057,Cash,Completed,333.0,180.0
ORD0008452,2023-02-04,20230204,CUS02618,6,EMP0122,Cash,Completed,6840.0,5600.0
ORD0009999,2023-02-05,20230205,CUS02272,3,EMP0074,Credit Card,Completed,630.0,340.0
ORD0007709,2023-02-05,20230205,CUS01378,7,EMP0132,Debit Card,Completed,1013.0,520.0
ORD0005390,2023-02-05,20230205,CUS01375,1,EMP0025,Cash,Completed,1273.5,640.0
ORD0007672,2023-02-05,20230205,CUS01867,2,EMP0047,Fawry,Completed,4064.0,2090.0
ORD0008186,2023-02-05,20230205,CUS02569,15,EMP0206,Debit Card,Completed,23491.5,21590.0
ORD0006594,2023-02-05,20230205,CUS01259,4,EMP0093,Vodafone Cash,Completed,224.0,160.0
ORD0002450,2023-02-05,20230205,CUS02490,1,EMP0026,InstaPay,Returned,1139.0,740.0
ORD0002442,2023-02-05,20230205,CUS00904,2,EMP0040,InstaPay,Completed,1466.0,730.0
ORD0003109,2023-02-05,20230205,CUS02917,2,EMP0038,Credit Card,Cancelled,844.0,470.0
ORD0001211,2023-02-05,20230205,CUS00722,1,EMP0024,  Debit Card  ,Completed,3424.0,2570.0
ORD0002982,2023-02-05,20230205,CUS02722,1,EMP0027,  Credit Card  ,Completed,410.0,190.0
ORD0004713,2023-02-05,20230205,CUS02950,2,EMP0032,  Vodafone Cash  ,Completed,790.5,450.0
ORD0009389,2023-02-05,20230205,CUS02765,14,EMP0203,  Cash  ,Completed,400.0,180.0
ORD0000953,2023-02-05,20230205,CUS00715,15,EMP0213,Fawry,Completed,2236.5,1140.0
ORD0010494,2023-02-06,20230206,CUS00750,4,EMP0087,Cash,Completed,7121.5,5250.0
ORD0009914,2023-02-06,20230206,CUS02866,1,EMP0012,Cash,Completed,890.0,500.0
ORD0010706,2023-02-06,20230206,CUS02298,1,EMP0016,Credit Card,Completed,2130.0,1100.0
ORD0009859,2023-02-06,20230206,CUS02020,4,EMP0093,InstaPay,Completed,340.0,160.0
ORD0002421,2023-02-06,20230206,CUS01497,2,EMP0043,Fawry,Completed,342.0,180.0
ORD0010308,2023-02-06,20230206,CUS02015,13,EMP0191,Vodafone Cash,Completed,297.5,170.0
ORD0002216,2023-02-06,20230206,CUS02646,6,,InstaPay,Completed,126.0,70.0
ORD0008687,2023-02-06,20230206,CUS00858,1,EMP0024,  Debit Card  ,Completed,200.0,100.0
ORD0004972,2023-02-06,20230206,CUS01559,7,EMP0128,  Credit Card  ,Completed,1160.0,560.0
ORD0010301,2023-02-06,20230206,CUS02831,5,EMP0109,Vodafone Cash,Completed,289.0,160.0
ORD0000373,2023-02-06,20230206,CUS02621,2,EMP0030,Credit Card,Completed,1323.5,810.0
ORD0002676,2023-02-06,20230206,CUS02071,1,EMP0007,Cash,Completed,171.0,90.0
ORD0006274,2023-02-06,20230206,CUS02323,3,EMP0071,  Credit Card  ,Completed,1305.0,750.0
ORD0008009,2023-02-07,20230207,CUS01983,8,EMP0141,  Debit Card  ,Completed,15900.0,12700.0
ORD0001315,2023-02-07,20230207,CUS00348,15,EMP0212,InstaPay,Completed,517.0,290.0
ORD0009688,2023-02-07,20230207,CUS01710,2,EMP0052,Credit Card,Completed,2755.5,1860.0
ORD0001279,2023-02-07,20230207,CUS01354,1,EMP0027,  Fawry  ,Completed,360.0,160.0
ORD0007710,2023-02-07,20230207,CUS01576,1,EMP0022,  Cash  ,Completed,1339.5,690.0
ORD0002491,2023-02-07,20230207,CUS00310,2,EMP0031,Debit Card,Completed,10769.5,8630.0
ORD0009120,2023-02-07,20230207,CUS01755,10,EMP0163,Vodafone Cash,Completed,144.0,80.0
ORD0003359,2023-02-07,20230207,CUS01737,14,EMP0201,Cash,Completed,5490.0,4900.0
ORD0005308,2023-02-07,20230207,CUS01461,3,EMP0069,Credit Card,Completed,2000.0,1600.0
ORD0006710,2023-02-07,20230207,CUS01040,6,EMP0114,Vodafone Cash,Completed,1113.0,550.0
ORD0009290,2023-02-07,20230207,CUS00940,1,EMP0005,  Credit Card  ,Completed,2286.5,1190.0
ORD0000048,2023-02-08,20230208,CUS02611,3,EMP0077,Debit Card,Completed,922.0,460.0
ORD0006338,2023-02-08,20230208,CUS01584,15,EMP0204,Vodafone Cash,Returned,1660.0,850.0
ORD0004489,2023-02-08,20230208,CUS02376,6,EMP0116,Fawry,Completed,270.0,170.0
ORD0009296,2023-02-08,20230208,CUS01162,13,EMP0193,Vodafone Cash,Completed,216.0,110.0
ORD0008846,2023-02-08,20230208,CUS00086,1,EMP0003,Fawry,Completed,1387.0,710.0
ORD0009634,2023-02-08,20230208,CUS01343,5,EMP0106,InstaPay,Completed,200.0,120.0
ORD0010694,2023-02-09,20230209,CUS02816,2,EMP0054,Fawry,Cancelled,618.5,330.0
ORD0005599,2023-02-09,20230209,CUS00280,5,EMP0105,  Debit Card  ,Completed,1208.0,700.0
ORD0008119,2023-02-09,20230209,CUS00995,10,EMP0163,  Cash  ,Completed,420.0,200.0
ORD0002681,2023-02-09,20230209,CUS00346,2,EMP0034,  Vodafone Cash  ,Completed,464.0,240.0
ORD0002800,2023-02-09,20230209,CUS02344,2,EMP0041,InstaPay,Completed,6900.0,6070.0
ORD0011017,2023-02-09,20230209,CUS02025,14,EMP0198,  Debit Card  ,Returned,600.0,500.0
ORD0010657,2023-02-09,20230209,CUS01652,3,EMP0055,  Debit Card  ,Completed,3058.0,1640.0
ORD0005648,2023-02-09,20230209,CUS00866,1,EMP0004,Vodafone Cash,Completed,12884.0,10180.0
ORD0009205,2023-02-09,20230209,CUS01974,1,EMP0002,Fawry,Completed,480.0,230.0
ORD0000209,2023-02-10,20230210,CUS00741,4,EMP0086,Vodafone Cash,Completed,3938.5,2010.0
ORD0003315,2023-02-10,20230210,CUS01959,3,EMP0075,Vodafone Cash,Completed,750.5,390.0
ORD0003731,2023-02-10,20230210,CUS01618,4,EMP0092,Vodafone Cash,Completed,365.5,200.0
ORD0009337,2023-02-10,20230210,CUS02516,2,EMP0046,  Fawry  ,Completed,49100.0,39100.0
ORD0003383,2023-02-10,20230210,CUS00565,1,EMP0018,Fawry,Completed,770.0,360.0
ORD0001381,2023-02-10,20230210,CUS02907,1,EMP0014,Fawry,Completed,18499.0,15310.0
ORD0004860,2023-02-10,20230210,CUS02291,2,EMP0030,Fawry,Returned,120.0,70.0
ORD0009943,2023-02-10,20230210,CUS02582,1,EMP0024,Fawry,Completed,1879.0,950.0
ORD0006589,2023-02-10,20230210,CUS01434,3,EMP0073,  Cash  ,Completed,522.0,280.0
ORD0002410,2023-02-10,20230210,CUS02331,5,EMP0111,Credit Card,Returned,1500.0,1600.0
ORD0004786,2023-02-11,20230211,CUS02754,5,EMP0110,Vodafone Cash,Completed,27114.0,21400.0
ORD0010391,2023-02-11,20230211,CUS00836,1,EMP0024,Cash,Completed,187.5,120.0
ORD0004947,2023-02-11,20230211,CUS00445,7,EMP0136,Cash,Completed,9263.0,6650.0
ORD0006628,2023-02-11,20230211,CUS02717,12,EMP0177,Fawry,Completed,1182.0,630.0
ORD0011064,2023-02-11,20230211,CUS02226,4,EMP0092,Cash,Completed,1556.5,860.0
ORD0007583,2023-02-11,20230211,CUS02224,4,EMP0084,Fawry,Completed,13900.0,11800.0
ORD0010284,2023-02-11,20230211,CUS02258,2,EMP0033,  Fawry  ,Completed,152.0,70.0
ORD0009868,2023-02-11,20230211,CUS00085,2,EMP0048,Vodafone Cash,Completed,770.0,380.0
ORD0005272,2023-02-11,20230211,CUS02663,1,EMP0012,Vodafone Cash,Completed,515.0,260.0
ORD0011009,2023-02-11,20230211,CUS00185,5,EMP0111,InstaPay,Completed,1144.0,600.0
ORD0003348,2023-02-11,20230211,CUS02910,15,EMP0212,  Cash  ,Completed,160.0,70.0
ORD0008875,2023-02-11,20230211,CUS00273,11,EMP0169,InstaPay,Completed,720.0,390.0
ORD0001488,2023-02-12,20230212,CUS02264,3,EMP0071,Fawry,Completed,81.0,40.0
ORD0001344,2023-02-12,20230212,CUS00396,11,EMP0171,InstaPay,Completed,600.0,290.0
ORD0011395,2023-02-12,20230212,CUS00089,5,EMP0096,Vodafone Cash,Completed,2598.0,1740.0
ORD0001940,2023-02-12,20230212,CUS01823,11,EMP0173,Cash,Completed,10180.0,8400.0
ORD0009139,2023-02-12,20230212,CUS02099,1,EMP0014,Debit Card,Completed,440.0,200.0
ORD0008785,2023-02-12,20230212,CUS00501,7,EMP0135,Credit Card,Completed,142.5,70.0
ORD0005338,2023-02-12,20230212,CUS02936,5,EMP0110,InstaPay,Completed,130.0,60.0
ORD0006157,2023-02-12,20230212,CUS01253,14,EMP0195,Vodafone Cash,Completed,489.0,250.0
ORD0003171,2023-02-12,20230212,CUS00825,1,EMP0012,Debit Card,Completed,1890.0,1640.0
ORD0007872,2023-02-12,20230212,CUS01948,6,EMP0125,Fawry,Completed,304.0,160.0
ORD0008547,2023-02-12,20230212,CUS01240,5,EMP0100,Debit Card,Completed,5846.5,5030.0
ORD0007928,2023-02-12,20230212,CUS01513,4,EMP0088,Vodafone Cash,Completed,534.5,280.0
ORD0009049,2023-02-12,20230212,CUS01611,11,EMP0168,  Vodafone Cash  ,Completed,380.0,180.0
ORD0001659,2023-02-12,20230212,CUS01284,2,EMP0051,Credit Card,Completed,3140.0,1680.0
ORD0003351,2023-02-13,20230213,CUS02979,1,,Credit Card,Completed,23760.0,21200.0
ORD0000201,2023-02-13,20230213,CUS02046,5,EMP0096,Fawry,Returned,1323.0,720.0
ORD0005055,2023-02-13,20230213,CUS00499,11,EMP0164,Cash,Completed,2404.0,1420.0
ORD0004496,2023-02-13,20230213,CUS01410,1,EMP0004,InstaPay,Completed,275.5,140.0
ORD0000881,2023-02-13,20230213,CUS02075,5,EMP0111,Fawry,Completed,1044.0,620.0
ORD0006993,2023-02-13,20230213,CUS00010,4,EMP0087,InstaPay,Completed,856.0,430.0
ORD0007038,2023-02-13,20230213,CUS01839,3,EMP0059,Vodafone Cash,Completed,376.5,220.0
ORD0011653,2023-02-13,20230213,CUS00062,3,EMP0062,  Fawry  ,Completed,280.0,140.0
ORD0002334,2023-02-13,20230213,CUS00582,3,EMP0069,Fawry,Completed,969.0,480.0
ORD0001406,2023-02-13,20230213,CUS00601,8,EMP0142,Credit Card,Completed,24000.0,19200.0
ORD0001330,2023-02-14,20230214,CUS01061,11,EMP0169,InstaPay,Completed,3400.0,1680.0
ORD0000725,2023-02-14,20230214,CUS00158,3,EMP0068,  Debit Card  ,Completed,350.0,160.0
ORD0004215,2023-02-14,20230214,CUS00311,2,EMP0048,Credit Card,Completed,985.5,640.0
ORD0000244,2023-02-14,20230214,CUS00731,8,EMP0141,Vodafone Cash,Completed,1320.0,640.0
ORD0010695,2023-02-14,20230214,CUS02210,7,EMP0130,  Fawry  ,Completed,12099.5,11300.0
ORD0000554,2023-02-14,20230214,CUS01927,5,EMP0102,Debit Card,Completed,90.0,40.0
ORD0003089,2023-02-14,20230214,CUS02418,8,EMP0137,Fawry,Completed,862.5,450.0
ORD0005942,2023-02-14,20230214,CUS02246,4,,Vodafone Cash,Completed,2006.0,1070.0
ORD0008350,2023-02-14,20230214,CUS01799,12,EMP0176,Credit Card,Completed,655.5,340.0
ORD0006062,2023-02-15,20230215,CUS00095,12,EMP0178,  Debit Card  ,Completed,1904.0,1120.0
ORD0010420,2023-02-15,20230215,CUS01861,10,EMP0163,  Vodafone Cash  ,Completed,500.0,230.0
ORD0004297,2023-02-15,20230215,CUS00585,2,EMP0034,Credit Card,Completed,378.0,200.0
ORD0010519,2023-02-15,20230215,CUS00881,2,EMP0050,InstaPay,Completed,13157.5,11160.0
ORD0009403,2023-02-15,20230215,CUS02361,4,EMP0091,Fawry,Completed,1342.0,760.0
ORD0005419,2023-02-15,20230215,CUS02798,10,EMP0154,Credit Card,Returned,18180.0,16200.0
ORD0004699,2023-02-15,20230215,CUS02470,3,EMP0065,Cash,Completed,700.0,340.0
ORD0002318,2023-02-15,20230215,CUS02075,14,EMP0199,InstaPay,Completed,119.0,60.0
ORD0001475,2023-02-16,20230216,CUS01875,7,EMP0134,Cash,Completed,2166.0,1120.0
ORD0011932,2023-02-16,20230216,CUS01813,5,EMP0112,  Debit Card  ,Completed,224.0,140.0
ORD0001852,2023-02-16,20230216,CUS00567,3,EMP0055,Cash,Completed,9719.0,8400.0
ORD0000945,2023-02-16,20230216,CUS02038,1,EMP0006,Vodafone Cash,Cancelled,513.0,270.0
ORD0003162,2023-02-16,20230216,CUS00506,3,EMP0066,Fawry,Completed,5267.0,4840.0
ORD0003301,2023-02-16,20230216,CUS00694,10,EMP0156,  Fawry  ,Completed,970.0,490.0
ORD0000107,2023-02-16,20230216,CUS02639,9,EMP0146,InstaPay,Completed,865.5,530.0
ORD0009089,2023-02-16,20230216,CUS01998,6,EMP0115,Fawry,Completed,910.0,440.0
ORD0010023,2023-02-16,20230216,CUS02369,14,EMP0196,Vodafone Cash,Completed,440.0,210.0
ORD0004415,2023-02-16,20230216,CUS01451,5,EMP0098,Cash,Completed,210.0,100.0
ORD0011332,2023-02-16,20230216,CUS00565,1,EMP0015,Fawry,Completed,873.0,500.0
ORD0006178,2023-02-16,20230216,CUS01503,11,EMP0173,Cash,Completed,21456.0,18610.0
ORD0005330,2023-02-16,20230216,CUS00701,4,EMP0094,Fawry,Completed,840.0,400.0
ORD0010865,2023-02-16,20230216,CUS01411,9,,Credit Card,Completed,5900.0,4700.0
ORD0009712,2023-02-16,20230216,CUS02650,2,EMP0043,  Credit Card  ,Completed,266.0,140.0
ORD0010731,2023-02-16,20230216,CUS01112,3,EMP0072,Credit Card,Completed,754.0,400.0
ORD0004317,2023-02-17,20230217,CUS01637,1,EMP0023,Credit Card,Completed,1140.0,650.0
ORD0003226,2023-02-17,20230217,CUS01017,7,EMP0133,Debit Card,Completed,541.5,270.0
ORD0003974,2023-02-17,20230217,CUS01046,4,EMP0083,Vodafone Cash,Completed,690.0,410.0
ORD0011501,2023-02-17,20230217,CUS02075,10,EMP0158,Cash,Completed,10100.0,8100.0
ORD0008689,2023-02-17,20230217,CUS01284,3,EMP0077,Vodafone Cash,Completed,917.5,480.0
ORD0007191,2023-02-17,20230217,CUS02065,7,EMP0131,Cash,Completed,1088.0,610.0
ORD0011094,2023-02-17,20230217,CUS01805,14,EMP0203,Vodafone Cash,Completed,2189.5,1140.0
ORD0011817,2023-02-17,20230217,CUS01676,4,EMP0084,  Debit Card  ,Completed,940.0,450.0
ORD0010947,2023-02-17,20230217,CUS00842,1,EMP0003,  InstaPay  ,Completed,289.0,160.0
ORD0008643,2023-02-17,20230217,CUS01112,4,EMP0088,InstaPay,Completed,14914.0,12610.0
ORD0000959,2023-02-17,20230217,CUS01663,1,EMP0011,Debit Card,Completed,459.0,260.0
ORD0004975,2023-02-17,20230217,CUS01809,5,EMP0100,  Cash  ,Completed,2234.0,1720.0
ORD0007590,2023-02-17,20230217,CUS02005,2,EMP0039,Debit Card,Completed,1700.0,850.0
ORD0008211,2023-02-18,20230218,CUS00860,2,EMP0054,  Cash  ,Completed,340.0,160.0
ORD0005046,2023-02-18,20230218,CUS00842,1,EMP0027,InstaPay,Completed,17707.5,15440.0
ORD0001487,2023-02-18,20230218,CUS00155,1,EMP0020,Credit Card,Completed,3200.0,3200.0
ORD0011786,2023-02-18,20230218,CUS00142,10,EMP0163,Cash,Completed,12194.0,10680.0
ORD0001068,2023-02-18,20230218,CUS01101,15,EMP0211,Fawry,Completed,1981.5,1120.0
ORD0008930,2023-02-18,20230218,CUS00889,2,EMP0048,Credit Card,Completed,1080.0,510.0
ORD0004730,2023-02-18,20230218,CUS02364,5,EMP0104,Fawry,Completed,405.0,220.0
ORD0010653,2023-02-18,20230218,CUS01768,1,EMP0016,Cash,Completed,600.0,280.0
ORD0000421,2023-02-19,20230219,CUS00486,10,EMP0155,  Credit Card  ,Completed,180.5,90.0
ORD0009008,2023-02-19,20230219,CUS00468,12,EMP0175,Debit Card,Completed,702.0,390.0
ORD0006346,2023-02-19,20230219,CUS00094,15,EMP0216,Vodafone Cash,Completed,441.0,240.0
ORD0005010,2023-02-19,20230219,CUS00286,1,EMP0016,Credit Card,Returned,450.0,210.0
ORD0003758,2023-02-19,20230219,CUS02771,6,,Credit Card,Completed,190.0,90.0
ORD0006068,2023-02-19,20230219,CUS00035,5,EMP0098,  InstaPay  ,Completed,32262.0,26880.0
ORD0006029,2023-02-19,20230219,CUS00691,15,EMP0209,Vodafone Cash,Completed,19931.0,16260.0
ORD0008602,2023-02-19,20230219,CUS00290,11,EMP0170,InstaPay,Completed,720.0,330.0
ORD0010522,2023-02-19,20230219,CUS01032,2,EMP0029,  Credit Card  ,Completed,1197.0,1060.0
ORD0005535,2023-02-19,20230219,CUS01045,5,EMP0106,Cash,Completed,700.0,370.0
ORD0009538,2023-02-19,20230219,CUS02831,9,EMP0151,Cash,Completed,503.5,260.0
ORD0003444,2023-02-19,20230219,CUS02389,1,EMP0026,  Cash  ,Completed,3855.0,3750.0
ORD0005049,2023-02-19,20230219,CUS02899,12,EMP0184,  Vodafone Cash  ,Completed,674.0,360.0
ORD0007652,2023-02-19,20230219,CUS01948,11,EMP0171,InstaPay,Completed,523.5,290.0
ORD0003098,2023-02-19,20230219,CUS00719,12,EMP0184,Fawry,Completed,261.0,140.0
ORD0004242,2023-02-20,20230220,CUS01489,13,,Cash,Completed,500.0,240.0
ORD0006298,2023-02-20,20230220,CUS02833,11,EMP0173,  Vodafone Cash  ,Completed,554.5,300.0
ORD0001402,2023-02-20,20230220,CUS01581,5,EMP0096,InstaPay,Completed,610.0,300.0
ORD0001232,2023-02-20,20230220,CUS01966,6,EMP0117,  Vodafone Cash  ,Returned,2829.0,2380.0
ORD0010485,2023-02-20,20230220,CUS01535,10,EMP0160,Fawry,Completed,954.0,520.0
ORD0011580,2023-02-20,20230220,CUS02548,2,EMP0043,  Vodafone Cash  ,Completed,16140.0,12580.0
ORD0005493,2023-02-20,20230220,CUS02060,4,EMP0088,Debit Card,Completed,1102.5,550.0
ORD0009282,2023-02-20,20230220,CUS00172,15,EMP0216,InstaPay,Completed,160.0,70.0
ORD0002672,2023-02-20,20230220,CUS02096,3,EMP0061,Credit Card,Completed,336.0,160.0
ORD0009017,2023-02-21,20230221,CUS01777,1,EMP0006,InstaPay,Completed,3362.5,2060.0
ORD0006537,2023-02-21,20230221,CUS00096,7,EMP0128,Fawry,Completed,351.5,180.0
ORD0002170,2023-02-21,20230221,CUS02739,10,EMP0152,Debit Card,Completed,13380.0,10620.0
ORD0011411,2023-02-21,20230221,CUS02688,6,,InstaPay,Completed,390.0,210.0
ORD0001982,2023-02-21,20230221,CUS02271,2,EMP0033,Fawry,Completed,2056.0,1070.0
ORD0006265,2023-02-21,20230221,CUS01979,11,EMP0170,Vodafone Cash,Completed,76.5,40.0
ORD0002703,2023-02-21,20230221,CUS00493,6,,Credit Card,Cancelled,480.0,230.0
ORD0001661,2023-02-21,20230221,CUS01596,5,EMP0105,InstaPay,Completed,140.0,60.0
ORD0006465,2023-02-21,20230221,CUS02556,11,,Vodafone Cash,Completed,1350.0,660.0
ORD0007678,2023-02-21,20230221,CUS02974,6,EMP0115,Credit Card,Completed,90.0,40.0
ORD0004620,2023-02-21,20230221,CUS02910,4,EMP0085,  Cash  ,Cancelled,335.0,170.0
ORD0003377,2023-02-21,20230221,CUS01587,9,EMP0151,InstaPay,Completed,313.5,160.0
ORD0010949,2023-02-21,20230221,CUS00399,5,EMP0111,Fawry,Completed,1040.0,500.0
ORD0003612,2023-02-21,20230221,CUS02443,10,EMP0154,InstaPay,Completed,225.0,140.0
ORD0004155,2023-02-22,20230222,CUS01078,3,EMP0055,Credit Card,Completed,1184.0,610.0
ORD0010913,2023-02-22,20230222,CUS02839,6,EMP0124,Cash,Completed,285.0,140.0
ORD0001205,2023-02-22,20230222,CUS00972,1,EMP0007,Fawry,Completed,866.0,460.0
ORD0006104,2023-02-22,20230222,CUS02197,9,EMP0151,Debit Card,Completed,646.0,320.0
ORD0006369,2023-02-22,20230222,CUS00566,10,EMP0163,InstaPay,Completed,1119.0,600.0
ORD0008718,2023-02-22,20230222,CUS00317,8,EMP0140,  Cash  ,Returned,2260.0,1120.0
ORD0008429,2023-02-22,20230222,CUS00722,1,EMP0023,  Debit Card  ,Completed,711.0,380.0
ORD0005592,2023-02-22,20230222,CUS02048,1,EMP0014,Credit Card,Completed,337.5,220.0
ORD0003199,2023-02-22,20230222,CUS00818,2,EMP0038,  Debit Card  ,Completed,10080.0,8900.0
ORD0008659,2023-02-22,20230222,CUS02157,3,EMP0056,Fawry,Completed,1291.0,600.0
ORD0009880,2023-02-22,20230222,CUS00381,2,EMP0034,Debit Card,Completed,1475.0,830.0
ORD0000013,2023-02-22,20230222,CUS00733,3,EMP0070,Credit Card,Completed,1065.5,580.0
ORD0008483,2023-02-22,20230222,CUS00246,6,EMP0123,  InstaPay  ,Completed,16610.0,15690.0
ORD0009222,2023-02-22,20230222,CUS02326,1,EMP0009,Debit Card,Completed,250.0,120.0
ORD0008195,2023-02-23,20230223,CUS00193,1,EMP0027,Cash,Completed,11880.0,10500.0
ORD0010016,2023-02-23,20230223,CUS02476,7,EMP0136,Vodafone Cash,Completed,13203.5,12260.0
ORD0011883,2023-02-23,20230223,CUS00224,6,EMP0114,Credit Card,Completed,1320.0,1160.0
ORD0006695,2023-02-23,20230223,CUS01862,4,EMP0083,InstaPay,Completed,21120.0,21000.0
ORD0005672,2023-02-23,20230223,CUS01846,1,EMP0016,Fawry,Completed,1972.0,1080.0
ORD0011483,2023-02-23,20230223,CUS02866,1,EMP0008,InstaPay,Completed,126.0,60.0
ORD0010974,2023-02-23,20230223,CUS01056,13,EMP0187,Debit Card,Completed,1030.0,500.0
ORD0000084,2023-02-23,20230223,CUS02047,6,EMP0120,  Cash  ,Completed,5545.5,5380.0
ORD0000488,2023-02-23,20230223,CUS00828,1,,  InstaPay  ,Cancelled,430.0,210.0
ORD0009632,2023-02-23,20230223,CUS01629,1,EMP0012,Debit Card,Completed,435.0,240.0
ORD0002244,2023-02-23,20230223,CUS00991,13,EMP0193,Vodafone Cash,Returned,1230.0,600.0
ORD0009921,2023-02-23,20230223,CUS01102,12,EMP0184,Cash,Completed,306.0,160.0
ORD0011024,2023-02-23,20230223,CUS01185,2,EMP0052,  Credit Card  ,Completed,981.0,520.0
ORD0008040,2023-02-23,20230223,CUS00353,10,EMP0156,Vodafone Cash,Completed,270.0,120.0
ORD0011811,2023-02-23,20230223,CUS02937,2,EMP0047,Cash,Returned,1267.0,640.0
ORD0011889,2023-02-24,20230224,CUS00629,14,EMP0195,Credit Card,Completed,189.0,100.0
ORD0007346,2023-02-24,20230224,CUS00995,4,EMP0082,Debit Card,Completed,646.0,380.0
ORD0007307,2023-02-24,20230224,CUS00490,13,EMP0193,Cash,Completed,200.0,100.0
ORD0008559,2023-02-24,20230224,CUS02563,1,EMP0005,  Credit Card  ,Completed,2074.0,1200.0
ORD0011259,2023-02-24,20230224,CUS01245,2,EMP0029,Vodafone Cash,Completed,660.0,340.0
ORD0004579,2023-02-24,20230224,CUS01452,13,EMP0188,InstaPay,Returned,2337.5,1250.0
ORD0006324,2023-02-24,20230224,CUS00252,4,EMP0085,Credit Card,Completed,870.0,400.0
ORD0010982,2023-02-24,20230224,CUS01858,12,EMP0181,  Cash  ,Completed,7072.0,6180.0
ORD0010492,2023-02-24,20230224,CUS02437,2,EMP0029,InstaPay,Returned,330.0,150.0
ORD0010937,2023-02-24,20230224,CUS01145,8,EMP0142,Credit Card,Completed,357.0,210.0
ORD0008510,2023-02-24,20230224,CUS02896,3,EMP0072,Credit Card,Completed,885.0,420.0
ORD0004940,2023-02-24,20230224,CUS02871,5,EMP0095,Credit Card,Completed,2913.0,1510.0
ORD0004953,2023-02-24,20230224,CUS02105,6,EMP0124,Credit Card,Returned,612.0,340.0
ORD0009305,2023-02-24,20230224,CUS02800,13,EMP0187,Fawry,Completed,3136.0,1530.0
ORD0007398,2023-02-24,20230224,CUS01390,7,EMP0134,Cash,Completed,580.0,280.0
ORD0003177,2023-02-24,20230224,CUS01404,6,EMP0125,Vodafone Cash,Completed,812.0,420.0
ORD0011195,2023-02-25,20230225,CUS02387,1,EMP0021,Vodafone Cash,Completed,360.0,180.0
ORD0002186,2023-02-25,20230225,CUS02243,14,EMP0196,  Vodafone Cash  ,Completed,228.0,120.0
ORD0004892,2023-02-25,20230225,CUS02601,5,EMP0098,InstaPay,Completed,10500.0,12000.0
ORD0002613,2023-02-25,20230225,CUS02878,11,EMP0173,Debit Card,Completed,1942.0,1430.0
ORD0008882,2023-02-25,20230225,CUS02979,2,EMP0037,Vodafone Cash,Completed,1190.0,570.0
ORD0001185,2023-02-25,20230225,CUS02111,1,EMP0004,Fawry,Returned,160.0,70.0
ORD0000829,2023-02-25,20230225,CUS01392,11,EMP0164,Vodafone Cash,Completed,304.0,180.0
ORD0003456,2023-02-25,20230225,CUS01226,2,EMP0031,Vodafone Cash,Returned,400.0,200.0
ORD0003448,2023-02-25,20230225,CUS00821,5,EMP0112,Vodafone Cash,Completed,1780.0,910.0
ORD0003140,2023-02-25,20230225,CUS00278,11,EMP0168,Credit Card,Completed,2083.0,1090.0
ORD0011433,2023-02-25,20230225,CUS00388,1,EMP0016,Debit Card,Completed,1013.0,520.0
ORD0006928,2023-02-25,20230225,CUS00399,15,EMP0208,InstaPay,Completed,261.0,130.0
ORD0008134,2023-02-25,20230225,CUS00960,8,EMP0139,Debit Card,Cancelled,1154.5,590.0
ORD0009176,2023-02-25,20230225,CUS00522,8,EMP0137,Cash,Returned,1489.5,740.0
ORD0007867,2023-02-26,20230226,CUS00921,1,,InstaPay,Completed,380.0,180.0
ORD0000062,2023-02-26,20230226,CUS01840,1,EMP0027,Debit Card,Completed,2416.0,1220.0
ORD0006780,2023-02-26,20230226,CUS02723,6,EMP0114,Cash,Completed,285.0,140.0
ORD0009809,2023-02-26,20230226,CUS02480,5,EMP0107,Cash,Completed,1570.0,810.0
ORD0011826,2023-02-26,20230226,CUS02941,1,EMP0024,Fawry,Completed,1783.0,910.0
ORD0006363,2023-02-26,20230226,CUS00858,4,EMP0091,  Debit Card  ,Completed,161.5,90.0
ORD0002615,2023-02-26,20230226,CUS00827,4,EMP0085,Fawry,Completed,35693.0,31400.0
ORD0008456,2023-02-26,20230226,CUS01478,1,EMP0004,Cash,Returned,144.0,80.0
ORD0005241,2023-02-27,20230227,CUS01868,8,,Debit Card,Returned,2380.0,1140.0
ORD0006553,2023-02-27,20230227,CUS00842,9,EMP0148,Credit Card,Completed,133.0,70.0
ORD0011968,2023-02-27,20230227,CUS00952,3,EMP0065,Vodafone Cash,Completed,1500.0,750.0
ORD0000819,2023-02-27,20230227,CUS02404,11,,Cash,Returned,2234.5,1140.0
ORD0002445,2023-02-27,20230227,CUS01151,1,,Credit Card,Completed,2274.5,1250.0
ORD0000180,2023-02-27,20230227,CUS01264,8,EMP0144,Debit Card,Completed,1179.0,620.0
ORD0006427,2023-02-27,20230227,CUS01206,3,EMP0067,Vodafone Cash,Completed,3284.0,1730.0
ORD0007568,2023-02-27,20230227,CUS02599,4,EMP0085,Vodafone Cash,Completed,144.0,80.0
ORD0003267,2023-02-27,20230227,CUS01643,15,EMP0208,  Fawry  ,Completed,105.0,70.0
ORD0008768,2023-02-27,20230227,CUS00249,1,EMP0020,Vodafone Cash,Completed,1140.0,590.0
ORD0003905,2023-02-27,20230227,CUS02136,2,EMP0033,InstaPay,Completed,1390.0,670.0
ORD0002346,2023-02-27,20230227,CUS00148,5,EMP0103,Cash,Completed,1170.0,570.0
ORD0007598,2023-02-28,20230228,CUS00160,6,EMP0121,  Vodafone Cash  ,Completed,11436.0,10720.0
ORD0005400,2023-02-28,20230228,CUS02957,14,EMP0201,Fawry,Completed,2520.0,1240.0
ORD0006035,2023-02-28,20230228,CUS02511,4,,Credit Card,Completed,663.5,360.0
ORD0006764,2023-02-28,20230228,CUS01173,14,EMP0202,  Vodafone Cash  ,Completed,380.0,180.0
ORD0006557,2023-02-28,20230228,CUS01754,1,EMP0002,Debit Card,Completed,399.5,230.0
ORD0005990,2023-02-28,20230228,CUS01386,6,EMP0120,Fawry,Completed,19908.0,15520.0
ORD0000001,2023-02-28,20230228,CUS02412,7,EMP0134,Vodafone Cash,Completed,1261.5,650.0
ORD0004621,2023-02-28,20230228,CUS01636,12,EMP0182,  Vodafone Cash  ,Cancelled,130.0,60.0
ORD0002123,2023-02-28,20230228,CUS00966,1,EMP0004,  InstaPay  ,Completed,1400.0,680.0
ORD0003722,2023-02-28,20230228,CUS01315,1,EMP0007,  InstaPay  ,Completed,830.0,410.0
ORD0001112,2023-02-28,20230228,CUS01276,5,EMP0097,Credit Card,Completed,889.0,460.0
ORD0002863,2023-02-28,20230228,CUS01746,1,EMP0008,  Debit Card  ,Completed,90.0,40.0
ORD0011206,2023-02-28,20230228,CUS00884,7,EMP0128,  Credit Card  ,Completed,150.0,70.0
ORD0002328,2023-02-28,20230228,CUS02485,2,EMP0030,  Fawry  ,Completed,810.0,420.0
ORD0001299,2023-03-01,20230301,CUS02303,4,EMP0081,Fawry,Completed,710.0,380.0
ORD0011886,2023-03-01,20230301,CUS02955,12,EMP0184,Credit Card,Completed,1272.0,660.0
ORD0010940,2023-03-01,20230301,CUS02486,12,EMP0179,Vodafone Cash,Completed,1628.5,820.0
ORD0001841,2023-03-01,20230301,CUS00687,14,EMP0195,Vodafone Cash,Completed,394.5,220.0
ORD0005609,2023-03-01,20230301,CUS01094,7,EMP0132,Debit Card,Completed,80.0,40.0
ORD0008656,2023-03-01,20230301,CUS01644,6,,Debit Card,Completed,340.0,170.0
ORD0000883,2023-03-01,20230301,CUS01540,14,EMP0203,Cash,Completed,1069.0,540.0
ORD0008598,2023-03-01,20230301,CUS01529,1,EMP0006,Vodafone Cash,Completed,13770.0,12000.0
ORD0006195,2023-03-01,20230301,CUS01519,11,EMP0167,  Credit Card  ,Completed,1283.5,1100.0
ORD0005858,2023-03-01,20230301,CUS00087,1,EMP0027,Vodafone Cash,Completed,161.5,90.0
ORD0006668,2023-03-02,20230302,CUS00835,2,EMP0051,Vodafone Cash,Returned,1449.0,1020.0
ORD0003949,2023-03-02,20230302,CUS02072,12,EMP0176,InstaPay,Cancelled,144.0,80.0
ORD0003511,2023-03-02,20230302,CUS00634,1,EMP0018,Fawry,Completed,432.0,230.0
ORD0002628,2023-03-02,20230302,CUS01333,3,EMP0073,Fawry,Completed,7203.5,5170.0
ORD0001863,2023-03-02,20230302,CUS00360,1,EMP0007,Cash,Completed,315.0,170.0
ORD0010104,2023-03-02,20230302,CUS02044,10,EMP0163,Vodafone Cash,Cancelled,504.0,300.0
ORD0010926,2023-03-02,20230302,CUS01214,2,EMP0038,Credit Card,Completed,2112.0,1120.0
ORD0008474,2023-03-02,20230302,CUS01963,4,EMP0083,  Credit Card  ,Completed,10668.0,8340.0
ORD0009445,2023-03-02,20230302,CUS01369,1,EMP0010,  Cash  ,Completed,997.0,490.0
ORD0003898,2023-03-02,20230302,CUS00395,1,EMP0002,Fawry,Completed,844.0,480.0
ORD0001104,2023-03-02,20230302,CUS00194,2,EMP0039,Cash,Completed,300.0,150.0
ORD0007633,2023-03-02,20230302,CUS02967,2,EMP0038,Fawry,Completed,11604.0,11160.0
ORD0005271,2023-03-03,20230303,CUS01591,3,EMP0071,Credit Card,Completed,520.0,260.0
ORD0004335,2023-03-03,20230303,CUS00401,3,EMP0057,Cash,Completed,14363.0,11210.0
ORD0008680,2023-03-03,20230303,CUS00594,2,EMP0045,Debit Card,Cancelled,168.0,100.0
ORD0009669,2023-03-03,20230303,CUS00546,3,EMP0076,Debit Card,Completed,908.0,600.0
ORD0005634,2023-03-03,20230303,CUS02645,4,EMP0092,Debit Card,Completed,1047.5,520.0
ORD0009135,2023-03-03,20230303,CUS02579,1,EMP0013,Credit Card,Completed,1937.0,960.0
ORD0010339,2023-03-03,20230303,CUS00602,4,EMP0079,InstaPay,Completed,406.0,240.0
ORD0004140,2023-03-03,20230303,CUS00569,1,EMP0025,Credit Card,Completed,1090.5,700.0
ORD0010810,2023-03-03,20230303,CUS01605,1,EMP0020,Vodafone Cash,Completed,45737.0,36090.0
ORD0005266,2023-03-03,20230303,CUS00922,1,EMP0027,Credit Card,Completed,23547.5,21540.0
ORD0007793,2023-03-03,20230303,CUS00267,11,EMP0164,Credit Card,Completed,2500.0,1310.0
ORD0009098,2023-03-04,20230304,CUS02869,12,EMP0182,InstaPay,Returned,280.0,130.0
ORD0009172,2023-03-04,20230304,CUS00470,12,EMP0176,InstaPay,Completed,170.0,100.0
ORD0002249,2023-03-04,20230304,CUS02380,4,EMP0093,Credit Card,Completed,1460.0,700.0
ORD0011172,2023-03-04,20230304,CUS01026,1,,Credit Card,Completed,1800.0,1500.0
ORD0009194,2023-03-04,20230304,CUS00861,6,EMP0113,Cash,Completed,480.0,210.0
ORD0001118,2023-03-04,20230304,CUS00597,4,EMP0089,Vodafone Cash,Completed,640.0,320.0
ORD0010543,2023-03-04,20230304,CUS02492,1,EMP0025,InstaPay,Completed,280.5,160.0
ORD0008258,2023-03-04,20230304,CUS00399,3,EMP0068,  Fawry  ,Completed,832.0,430.0
ORD0006361,2023-03-04,20230304,CUS00851,5,EMP0110,Fawry,Completed,1398.5,770.0
ORD0006972,2023-03-04,20230304,CUS01203,15,EMP0216,  Vodafone Cash  ,Completed,15600.0,15600.0
ORD0008359,2023-03-04,20230304,CUS01455,10,EMP0162,Debit Card,Completed,11880.0,10500.0
ORD0004417,2023-03-04,20230304,CUS01728,3,EMP0073,InstaPay,Returned,225.0,120.0
ORD0007874,2023-03-05,20230305,CUS02961,3,EMP0078,  Cash  ,Completed,160.0,80.0
ORD0003451,2023-03-05,20230305,CUS00388,11,EMP0166,Vodafone Cash,Cancelled,1644.0,960.0
ORD0011677,2023-03-05,20230305,CUS01899,2,EMP0037,  Fawry  ,Completed,800.0,480.0
ORD0011726,2023-03-05,20230305,CUS02751,12,EMP0178,  InstaPay  ,Completed,5408.5,4340.0
ORD0006432,2023-03-05,20230305,CUS00141,2,EMP0045,InstaPay,Completed,1173.0,740.0
ORD0002612,2023-03-05,20230305,CUS00654,7,EMP0128,Vodafone Cash,Completed,270.0,140.0
ORD0006419,2023-03-06,20230306,CUS00278,5,EMP0102,Fawry,Completed,427.5,210.0
ORD0007236,2023-03-06,20230306,CUS00924,6,EMP0122,InstaPay,Completed,2184.0,1050.0
ORD0004361,2023-03-06,20230306,CUS02018,8,EMP0141,  Debit Card  ,Completed,632.0,370.0
ORD0007422,2023-03-06,20230306,CUS00393,4,EMP0094,  InstaPay  ,Cancelled,824.0,420.0
ORD0001617,2023-03-06,20230306,CUS00697,11,EMP0166,Debit Card,Completed,1963.5,980.0
ORD0008827,2023-03-06,20230306,CUS00077,3,EMP0075,Vodafone Cash,Completed,4772.0,2950.0
ORD0008034,2023-03-06,20230306,CUS01051,9,EMP0148,Credit Card,Completed,1102.5,530.0
ORD0002599,2023-03-06,20230306,CUS00725,7,EMP0135,  Debit Card  ,Completed,2000.5,1080.0
ORD0007001,2023-03-06,20230306,CUS01479,3,EMP0069,  Credit Card  ,Completed,755.0,400.0
ORD0001446,2023-03-06,20230306,CUS02953,15,EMP0206,Credit Card,Completed,289.0,160.0
ORD0000899,2023-03-06,20230306,CUS02387,5,EMP0102,Debit Card,Completed,126.0,70.0
ORD0000489,2023-03-06,20230306,CUS00753,1,EMP0008,Vodafone Cash,Completed,502.0,290.0
ORD0006469,2023-03-06,20230306,CUS01315,5,EMP0108,Credit Card,Completed,12650.0,10540.0
ORD0008261,2023-03-07,20230307,CUS01059,3,EMP0071,InstaPay,Cancelled,300.0,140.0
ORD0006406,2023-03-07,20230307,CUS01418,4,EMP0085,Cash,Completed,1308.5,770.0
ORD0001152,2023-03-07,20230307,CUS01938,1,EMP0023,Debit Card,Returned,683.0,400.0
ORD0010465,2023-03-07,20230307,CUS02035,7,EMP0128,  Fawry  ,Completed,170.0,80.0
ORD0006477,2023-03-07,20230307,CUS02435,15,EMP0209,  Debit Card  ,Completed,6157.5,5100.0
ORD0011709,2023-03-07,20230307,CUS02375,3,EMP0056,Credit Card,Completed,5010.0,4760.0
ORD0009456,2023-03-07,20230307,CUS00528,2,EMP0044,  Cash  ,Completed,4458.0,3060.0
ORD0002355,2023-03-07,20230307,CUS00193,5,EMP0109,InstaPay,Completed,1212.0,680.0
ORD0000069,2023-03-07,20230307,CUS02581,2,EMP0031,  Credit Card  ,Cancelled,315.0,200.0
ORD0007071,2023-03-07,20230307,CUS00514,14,EMP0202,Cash,Completed,838.5,470.0
ORD0009226,2023-03-07,20230307,CUS00215,5,EMP0102,Vodafone Cash,Completed,625.0,360.0
ORD0002117,2023-03-07,20230307,CUS02057,4,EMP0080,Debit Card,Completed,650.0,310.0
ORD0002110,2023-03-07,20230307,CUS00368,14,EMP0203,Debit Card,Completed,480.0,230.0
ORD0000125,2023-03-07,20230307,CUS00947,9,EMP0151,InstaPay,Completed,330.5,180.0
ORD0010076,2023-03-07,20230307,CUS02880,7,EMP0131,  Credit Card  ,Completed,260.0,120.0
ORD0005547,2023-03-07,20230307,CUS01807,11,EMP0166,Credit Card,Completed,1585.0,810.0
ORD0009213,2023-03-08,20230308,CUS01705,15,EMP0213,Credit Card,Completed,722.5,350.0
ORD0003745,2023-03-08,20230308,CUS01816,5,EMP0103,  Fawry  ,Completed,1372.0,700.0
ORD0004559,2023-03-08,20230308,CUS02309,5,EMP0110,Vodafone Cash,Completed,9599.5,8300.0
ORD0005741,2023-03-08,20230308,CUS02051,6,EMP0122,Fawry,Completed,14750.0,13040.0
ORD0002906,2023-03-08,20230308,CUS00279,6,EMP0126,Credit Card,Returned,1054.0,590.0
ORD0009512,2023-03-08,20230308,CUS00665,15,EMP0216,Vodafone Cash,Completed,64.0,40.0
ORD0003615,2023-03-08,20230308,CUS00345,1,EMP0017,Credit Card,Completed,13957.0,13050.0
ORD0008779,2023-03-08,20230308,CUS02233,12,,Vodafone Cash,Completed,775.5,490.0
ORD0007152,2023-03-08,20230308,CUS01767,2,EMP0034,Vodafone Cash,Completed,1055.0,500.0
ORD0005863,2023-03-08,20230308,CUS01557,12,EMP0182,InstaPay,Returned,2800.0,1400.0
ORD0003962,2023-03-08,20230308,CUS02349,4,EMP0093,Debit Card,Completed,14900.0,11900.0
ORD0009061,2023-03-08,20230308,CUS00569,14,EMP0198,  Cash  ,Completed,13200.0,10500.0
ORD0002971,2023-03-08,20230308,CUS01218,10,EMP0154,Debit Card,Returned,14250.0,12000.0
ORD0010458,2023-03-08,20230308,CUS00622,1,EMP0021,Cash,Completed,220.5,130.0
ORD0004151,2023-03-09,20230309,CUS00176,10,EMP0155,Debit Card,Completed,560.0,280.0
ORD0002860,2023-03-09,20230309,CUS00608,6,EMP0114,Cash,Returned,254.0,140.0
ORD0006506,2023-03-09,20230309,CUS00768,4,EMP0088,Vodafone Cash,Completed,902.0,510.0
ORD0007136,2023-03-09,20230309,CUS01432,1,EMP0007,  Cash  ,Completed,1114.0,600.0
ORD0009471,2023-03-09,20230309,CUS00211,8,EMP0139,Fawry,Completed,384.0,210.0
ORD0004731,2023-03-09,20230309,CUS01311,5,EMP0112,Fawry,Completed,136.0,70.0
ORD0006804,2023-03-09,20230309,CUS00520,8,EMP0140,  Cash  ,Returned,1184.0,1080.0
ORD0000650,2023-03-09,20230309,CUS02812,15,EMP0215,Debit Card,Completed,730.0,360.0
ORD0008693,2023-03-09,20230309,CUS00205,10,EMP0162,  Vodafone Cash  ,Completed,29400.0,23600.0
ORD0002218,2023-03-09,20230309,CUS02816,9,EMP0150,Fawry,Completed,19336.0,15270.0
ORD0001599,2023-03-09,20230309,CUS02041,4,EMP0080,Credit Card,Completed,680.0,400.0
ORD0002088,2023-03-09,20230309,CUS01559,1,EMP0004,Fawry,Completed,13319.0,10670.0
ORD0005083,2023-03-09,20230309,CUS01330,2,EMP0038,Fawry,Cancelled,11880.0,10500.0
ORD0007133,2023-03-10,20230310,CUS01955,7,EMP0135,Debit Card,Completed,1370.0,750.0
ORD0010839,2023-03-10,20230310,CUS00556,4,EMP0080,InstaPay,Completed,310.0,150.0
ORD0005287,2023-03-10,20230310,CUS02542,4,EMP0082,Vodafone Cash,Completed,462.0,220.0
ORD0006911,2023-03-10,20230310,CUS01924,3,EMP0060,Vodafone Cash,Completed,1012.5,660.0
ORD0001692,2023-03-10,20230310,CUS02512,3,EMP0067,Fawry,Completed,19267.5,16080.0
ORD0003072,2023-03-10,20230310,CUS02976,3,EMP0073,Debit Card,Completed,992.0,600.0
ORD0001934,2023-03-10,20230310,CUS01920,4,EMP0084,Vodafone Cash,Completed,280.0,140.0
ORD0008552,2023-03-10,20230310,CUS01830,9,EMP0146,Cash,Completed,310.0,150.0
ORD0003022,2023-03-10,20230310,CUS01627,12,EMP0177,  InstaPay  ,Completed,2564.0,1360.0
ORD0004413,2023-03-10,20230310,CUS00663,2,EMP0042,Cash,Completed,1682.0,830.0
ORD0007752,2023-03-10,20230310,CUS02271,6,EMP0124,Vodafone Cash,Completed,5939.0,4770.0
ORD0000515,2023-03-10,20230310,CUS01243,12,EMP0175,Cash,Completed,754.0,380.0
ORD0006379,2023-03-10,20230310,CUS02231,12,EMP0175,Credit Card,Completed,993.0,470.0
ORD0002195,2023-03-11,20230311,CUS00329,2,EMP0048,Debit Card,Completed,1235.5,630.0
ORD0007513,2023-03-11,20230311,CUS01389,3,EMP0066,Debit Card,Completed,1026.0,580.0
ORD0005320,2023-03-11,20230311,CUS01950,5,EMP0108,Fawry,Completed,43167.0,35860.0
ORD0009781,2023-03-11,20230311,CUS01202,8,EMP0144,Fawry,Completed,280.0,140.0
ORD0007442,2023-03-11,20230311,CUS02734,10,EMP0155,InstaPay,Completed,189.0,100.0
ORD0007137,2023-03-11,20230311,CUS02472,1,EMP0013,Vodafone Cash,Completed,645.0,340.0
ORD0002910,2023-03-11,20230311,CUS01912,2,EMP0049,Cash,Cancelled,650.0,320.0
ORD0002441,2023-03-11,20230311,CUS01293,4,EMP0091,Vodafone Cash,Completed,260.0,130.0
ORD0011982,2023-03-11,20230311,CUS01483,3,EMP0064,  Credit Card  ,Completed,126.0,70.0
ORD0001762,2023-03-12,20230312,CUS01585,15,EMP0205,  Fawry  ,Completed,405.0,210.0
ORD0005177,2023-03-12,20230312,CUS01171,2,EMP0033,Cash,Completed,1464.5,740.0
ORD0001110,2023-03-12,20230312,CUS00763,6,EMP0123,Fawry,Returned,580.0,280.0
ORD0004890,2023-03-12,20230312,CUS02195,4,EMP0089,Credit Card,Completed,779.0,390.0
ORD0003372,2023-03-12,20230312,CUS00569,3,EMP0075,Credit Card,Completed,848.5,480.0
ORD0008658,2023-03-12,20230312,CUS02441,15,EMP0206,InstaPay,Returned,921.5,550.0
ORD0001741,2023-03-12,20230312,CUS01210,9,,  Fawry  ,Completed,1306.0,650.0
ORD0003103,2023-03-12,20230312,CUS00646,3,EMP0060,Vodafone Cash,Completed,36771.0,39280.0
ORD0002911,2023-03-12,20230312,CUS02551,4,EMP0081,Debit Card,Completed,459.0,270.0
ORD0008178,2023-03-13,20230313,CUS01972,15,EMP0209,InstaPay,Completed,864.0,450.0
ORD0001090,2023-03-13,20230313,CUS00673,1,EMP0005,Vodafone Cash,Completed,2301.0,1170.0
ORD0008475,2023-03-13,20230313,CUS01794,8,EMP0141,  Cash  ,Completed,207.0,110.0
ORD0008855,2023-03-13,20230313,CUS01538,6,EMP0115,Credit Card,Completed,324.0,160.0
ORD0008995,2023-03-13,20230313,CUS01564,15,EMP0208,  Fawry  ,Completed,912.0,460.0
ORD0003752,2023-03-13,20230313,CUS02808,6,EMP0120,Vodafone Cash,Completed,2325.5,1210.0
ORD0007857,2023-03-13,20230313,CUS01088,8,EMP0140,InstaPay,Returned,1140.0,540.0
ORD0000123,2023-03-13,20230313,CUS00699,1,EMP0026,Credit Card,Completed,210.0,140.0
ORD0007446,2023-03-13,20230313,CUS02177,9,EMP0147,Fawry,Completed,11387.0,7840.0
ORD0000801,2023-03-14,20230314,CUS01493,3,EMP0078,Credit Card,Completed,152.0,70.0
ORD0000890,2023-03-14,20230314,CUS00149,4,EMP0079,  Fawry  ,Completed,1640.0,1160.0
ORD0011744,2023-03-14,20230314,CUS01907,4,EMP0094,  Credit Card  ,Returned,5250.0,4240.0
ORD0008649,2023-03-14,20230314,CUS00926,1,,  Credit Card  ,Completed,972.0,520.0
ORD0000321,2023-03-14,20230314,CUS02068,5,EMP0107,  Credit Card  ,Completed,942.0,530.0
ORD0009826,2023-03-15,20230315,CUS02868,2,EMP0033,Fawry,Completed,170.0,80.0
ORD0004676,2023-03-15,20230315,CUS02444,6,EMP0117,Credit Card,Completed,297.0,160.0
ORD0003564,2023-03-15,20230315,CUS00222,6,EMP0122,Vodafone Cash,Returned,730.0,350.0
ORD0002240,2023-03-15,20230315,CUS00339,3,EMP0057,Credit Card,Completed,256.5,130.0
ORD0010795,2023-03-15,20230315,CUS00157,12,EMP0184,Credit Card,Completed,1368.0,720.0
ORD0011092,2023-03-15,20230315,CUS00172,4,EMP0081,  Debit Card  ,Completed,33660.0,31500.0
ORD0011235,2023-03-15,20230315,CUS01217,13,EMP0187,  InstaPay  ,Completed,672.0,350.0
ORD0011454,2023-03-15,20230315,CUS01645,15,,Credit Card,Completed,6905.0,5740.0
ORD0009072,2023-03-16,20230316,CUS00524,4,EMP0093,  Debit Card  ,Returned,19700.0,18480.0
ORD0000372,2023-03-16,20230316,CUS00708,6,EMP0121,InstaPay,Completed,1360.0,800.0
ORD0001621,2023-03-16,20230316,CUS02102,12,EMP0178,  InstaPay  ,Completed,165.0,100.0
ORD0011218,2023-03-16,20230316,CUS00372,2,EMP0051,Credit Card,Completed,2573.0,1290.0
ORD0005610,2023-03-16,20230316,CUS01290,12,EMP0177,Vodafone Cash,Completed,2096.0,1070.0
ORD0002895,2023-03-16,20230316,CUS00288,4,EMP0086,Fawry,Completed,648.0,340.0
ORD0004358,2023-03-16,20230316,CUS01850,14,EMP0201,Debit Card,Completed,8568.0,6290.0
ORD0006412,2023-03-16,20230316,CUS01064,7,EMP0130,Debit Card,Completed,2211.0,1180.0
ORD0003490,2023-03-16,20230316,CUS02023,9,EMP0151,Fawry,Completed,337.0,190.0
ORD0008550,2023-03-16,20230316,CUS02312,14,EMP0196,Debit Card,Completed,2920.5,1950.0
ORD0007272,2023-03-16,20230316,CUS02609,4,EMP0087,  Credit Card  ,Completed,1354.0,760.0
ORD0011240,2023-03-16,20230316,CUS00479,2,EMP0039,InstaPay,Completed,1606.0,790.0
ORD0002183,2023-03-16,20230316,CUS02672,1,EMP0004,Fawry,Completed,18000.0,16000.0
ORD0000542,2023-03-16,20230316,CUS01082,11,EMP0172,  InstaPay  ,Completed,280.0,140.0
ORD0000259,2023-03-16,20230316,CUS01660,4,EMP0081,Credit Card,Completed,1350.0,880.0
ORD0005742,2023-03-17,20230317,CUS01604,4,EMP0081,Fawry,Completed,2430.0,1200.0
ORD0001295,2023-03-17,20230317,CUS00541,4,EMP0086,Debit Card,Cancelled,85.5,40.0
ORD0008266,2023-03-17,20230317,CUS01410,13,EMP0190,Cash,Completed,823.5,400.0
ORD0003952,2023-03-17,20230317,CUS02197,4,EMP0093,Credit Card,Returned,399.0,280.0
ORD0001229,2023-03-17,20230317,CUS00136,4,EMP0091,Credit Card,Completed,160.0,70.0
ORD0011046,2023-03-17,20230317,CUS00636,3,EMP0071,  Debit Card  ,Completed,8000.0,6400.0
ORD0002199,2023-03-17,20230317,CUS02474,4,EMP0094,Cash,Completed,65051.0,52220.0
ORD0008769,2023-03-17,20230317,CUS02054,1,EMP0014,  Vodafone Cash  ,Completed,803.5,470.0
ORD0002358,2023-03-17,20230317,CUS00812,15,EMP0206,Vodafone Cash,Returned,7356.0,7070.0
ORD0011993,2023-03-18,20230318,CUS01932,2,EMP0039,  Cash  ,Completed,14450.0,12760.0
ORD0000011,2023-03-18,20230318,CUS01644,5,EMP0096,Fawry,Completed,1531.0,760.0
ORD0001650,2023-03-18,20230318,CUS01729,2,EMP0047,Debit Card,Completed,1950.0,1140.0
ORD0003170,2023-03-18,20230318,CUS00815,2,EMP0037,  InstaPay  ,Completed,4792.0,3160.0
ORD0008968,2023-03-18,20230318,CUS02103,1,EMP0028,  Fawry  ,Completed,6491.0,5330.0
ORD0011472,2023-03-18,20230318,CUS00926,15,EMP0211,Debit Card,Completed,12415.5,11180.0
ORD0005097,2023-03-18,20230318,CUS00347,1,EMP0005,Vodafone Cash,Completed,310.0,180.0
ORD0010351,2023-03-18,20230318,CUS02950,13,EMP0187,  Cash  ,Completed,192.0,120.0
ORD0008460,2023-03-18,20230318,CUS00855,12,EMP0181,Credit Card,Completed,28310.0,23800.0
ORD0001077,2023-03-18,20230318,CUS02548,4,,Fawry,Completed,448.0,280.0
ORD0011343,2023-03-18,20230318,CUS00212,2,EMP0046,InstaPay,Completed,891.0,480.0
ORD0001098,2023-03-18,20230318,CUS01000,1,EMP0014,Debit Card,Completed,10560.0,10600.0
ORD0011618,2023-03-18,20230318,CUS02323,3,EMP0068,  Credit Card  ,Completed,6259.5,5280.0
ORD0000424,2023-03-18,20230318,CUS02222,1,EMP0012,Fawry,Completed,288.0,160.0
ORD0011664,2023-03-18,20230318,CUS02372,5,EMP0105,  Cash  ,Completed,576.0,360.0
ORD0009032,2023-03-19,20230319,CUS02829,3,EMP0070,Cash,Completed,247.0,120.0
ORD0001854,2023-03-19,20230319,CUS02738,3,EMP0071,Credit Card,Completed,1291.5,760.0
ORD0000285,2023-03-19,20230319,CUS02646,4,EMP0085,Cash,Completed,965.0,500.0
ORD0006475,2023-03-19,20230319,CUS01334,13,,  InstaPay  ,Completed,951.0,480.0
ORD0005582,2023-03-19,20230319,CUS01243,10,,Debit Card,Completed,1206.0,590.0
ORD0008891,2023-03-19,20230319,CUS01286,8,EMP0144,Vodafone Cash,Completed,240.0,120.0
ORD0008136,2023-03-20,20230320,CUS01908,2,EMP0033,  Cash  ,Completed,2180.5,1130.0
ORD0008346,2023-03-20,20230320,CUS01395,14,EMP0195,Debit Card,Completed,4566.0,2240.0
ORD0010979,2023-03-20,20230320,CUS00700,1,EMP0006,InstaPay,Completed,789.5,410.0
ORD0009427,2023-03-20,20230320,CUS02629,4,EMP0090,  Vodafone Cash  ,Completed,1404.0,1010.0
ORD0010197,2023-03-20,20230320,CUS01017,15,EMP0210,Debit Card,Completed,1040.0,500.0
ORD0007976,2023-03-20,20230320,CUS01911,4,EMP0080,Credit Card,Completed,27219.0,21410.0
ORD0004130,2023-03-20,20230320,CUS00771,14,EMP0194,  Vodafone Cash  ,Completed,350.0,170.0
ORD0005463,2023-03-20,20230320,CUS01539,3,EMP0060,Debit Card,Completed,140.0,60.0
ORD0008436,2023-03-20,20230320,CUS01989,5,,  Fawry  ,Completed,30827.0,24370.0
ORD0001821,2023-03-20,20230320,CUS00917,3,EMP0070,Credit Card,Completed,2430.0,1830.0
ORD0002575,2023-03-20,20230320,CUS01981,7,EMP0133,Fawry,Completed,497.0,250.0
ORD0008303,2023-03-20,20230320,CUS01640,5,EMP0100,Fawry,Completed,50505.0,44840.0
ORD0000164,2023-03-20,20230320,CUS01599,5,EMP0103,Vodafone Cash,Returned,304.0,160.0
ORD0007364,2023-03-21,20230321,CUS00685,12,EMP0183,Debit Card,Completed,974.0,530.0
ORD0006761,2023-03-21,20230321,CUS02689,13,,Credit Card,Completed,564.0,280.0
ORD0002143,2023-03-21,20230321,CUS02863,6,EMP0113,Cash,Completed,2021.0,1070.0
ORD0001857,2023-03-21,20230321,CUS00082,2,EMP0029,  Debit Card  ,Completed,413.0,190.0
ORD0011461,2023-03-21,20230321,CUS01108,14,EMP0200,  Credit Card  ,Completed,300.0,150.0
ORD0007845,2023-03-21,20230321,CUS00668,1,EMP0002,InstaPay,Completed,845.5,440.0
ORD0000148,2023-03-21,20230321,CUS02191,7,EMP0131,  Cash  ,Completed,2585.0,1430.0
ORD0000296,2023-03-21,20230321,CUS01397,1,EMP0026,  Fawry  ,Completed,3320.5,1780.0
ORD0008616,2023-03-21,20230321,CUS00344,10,EMP0156,InstaPay,Completed,142.5,70.0
ORD0008415,2023-03-21,20230321,CUS00595,4,EMP0088,Vodafone Cash,Completed,853.0,410.0
ORD0007586,2023-03-21,20230321,CUS00862,3,EMP0072,Cash,Completed,495.0,320.0
ORD0000766,2023-03-21,20230321,CUS01079,3,EMP0061,InstaPay,Completed,1446.0,780.0
ORD0005703,2023-03-21,20230321,CUS00094,3,EMP0067,Cash,Completed,351.5,180.0
ORD0004836,2023-03-21,20230321,CUS00641,4,EMP0090,  InstaPay  ,Completed,200.0,90.0
ORD0000500,2023-03-22,20230322,CUS02647,9,EMP0150,Fawry,Completed,504.0,260.0
ORD0010037,2023-03-22,20230322,CUS00469,5,EMP0105,Credit Card,Completed,200.0,90.0
ORD0005379,2023-03-22,20230322,CUS01789,6,EMP0124,Cash,Returned,1785.5,1040.0
ORD0011544,2023-03-22,20230322,CUS02083,3,EMP0063,Vodafone Cash,Completed,28000.0,22400.0
ORD0003256,2023-03-22,20230322,CUS01245,5,EMP0112,Fawry,Completed,484.5,270.0
ORD0000919,2023-03-22,20230322,CUS01894,7,EMP0129,Fawry,Completed,1309.0,720.0
ORD0008137,2023-03-22,20230322,CUS01634,3,EMP0071,  Credit Card  ,Completed,1118.0,620.0
ORD0005138,2023-03-22,20230322,CUS02819,14,EMP0197,Fawry,Completed,1579.5,860.0
ORD0004180,2023-03-23,20230323,CUS00699,5,,Cash,Completed,492.0,280.0
ORD0003901,2023-03-23,20230323,CUS02011,2,EMP0048,Cash,Completed,630.0,300.0
ORD0005454,2023-03-23,20230323,CUS00571,4,EMP0093,Vodafone Cash,Completed,1250.0,630.0
ORD0004015,2023-03-23,20230323,CUS01526,5,EMP0109,Cash,Completed,1513.0,790.0
ORD0005136,2023-03-23,20230323,CUS00944,1,,Cash,Completed,561.0,280.0
ORD0001522,2023-03-23,20230323,CUS02258,6,EMP0118,  Cash  ,Completed,24168.0,18980.0
ORD0004666,2023-03-23,20230323,CUS01791,3,,Credit Card,Completed,2441.0,1380.0
ORD0010443,2023-03-23,20230323,CUS01698,13,EMP0189,Vodafone Cash,Completed,746.0,380.0
ORD0011116,2023-03-23,20230323,CUS01322,3,EMP0076,Fawry,Completed,3292.0,1710.0
ORD0010346,2023-03-23,20230323,CUS01071,4,,Credit Card,Completed,2205.0,1430.0
ORD0007713,2023-03-23,20230323,CUS00320,14,EMP0201,Credit Card,Returned,378.0,210.0
ORD0011909,2023-03-23,20230323,CUS00586,1,EMP0009,  Fawry  ,Completed,970.0,470.0
ORD0006845,2023-03-23,20230323,CUS00135,1,EMP0004,Cash,Returned,399.5,230.0
ORD0010009,2023-03-24,20230324,CUS01883,2,EMP0041,InstaPay,Completed,908.0,420.0
ORD0009041,2023-03-24,20230324,CUS00779,6,EMP0124,  Credit Card  ,Completed,828.0,440.0
ORD0008720,2023-03-24,20230324,CUS02646,3,EMP0077,Debit Card,Completed,998.0,560.0
ORD0001579,2023-03-24,20230324,CUS01513,15,EMP0206,Cash,Completed,630.0,300.0
ORD0010357,2023-03-24,20230324,CUS02477,1,EMP0008,Vodafone Cash,Returned,190.0,90.0
ORD0001384,2023-03-24,20230324,CUS00710,6,EMP0117,Vodafone Cash,Completed,2306.0,1220.0
ORD0002651,2023-03-24,20230324,CUS02323,9,EMP0150,Fawry,Completed,332.5,170.0
ORD0002058,2023-03-24,20230324,CUS02580,3,EMP0060,Debit Card,Completed,12128.0,12070.0
ORD0001421,2023-03-24,20230324,CUS00369,1,EMP0008,  Credit Card  ,Returned,1038.0,580.0
ORD0007679,2023-03-24,20230324,CUS01224,2,EMP0033,Debit Card,Completed,252.0,140.0
ORD0007803,2023-03-24,20230324,CUS01410,1,,Fawry,Completed,35797.5,30000.0
ORD0001368,2023-03-25,20230325,CUS01114,4,EMP0089,  Fawry  ,Completed,659.0,380.0
ORD0002006,2023-03-25,20230325,CUS01240,1,EMP0005,Credit Card,Completed,1021.0,700.0
ORD0011340,2023-03-25,20230325,CUS01253,4,EMP0085,Vodafone Cash,Completed,2160.0,1200.0
ORD0003954,2023-03-25,20230325,CUS02299,1,EMP0015,InstaPay,Completed,681.5,330.0
ORD0003839,2023-03-25,20230325,CUS01510,2,EMP0039,  Debit Card  ,Completed,367.0,210.0
ORD0000877,2023-03-25,20230325,CUS00743,2,,Fawry,Completed,1800.0,1600.0
ORD0000835,2023-03-25,20230325,CUS00206,4,EMP0084,InstaPay,Completed,3800.0,3200.0
ORD0003163,2023-03-25,20230325,CUS02427,2,EMP0029,  Credit Card  ,Completed,17724.0,13730.0
ORD0009257,2023-03-25,20230325,CUS02313,3,EMP0074,Fawry,Completed,200.0,100.0
ORD0008327,2023-03-25,20230325,CUS01213,4,EMP0079,InstaPay,Completed,380.0,180.0
ORD0002781,2023-03-25,20230325,CUS00558,7,EMP0133,Vodafone Cash,Completed,1540.0,770.0
ORD0000187,2023-03-25,20230325,CUS01713,3,EMP0061,Credit Card,Completed,1530.0,1500.0
ORD0001097,2023-03-25,20230325,CUS02743,1,EMP0003,Credit Card,Completed,168.0,100.0
ORD0002686,2023-03-25,20230325,CUS00315,10,EMP0153,Fawry,Completed,561.5,320.0
ORD0003446,2023-03-25,20230325,CUS00225,5,EMP0100,Vodafone Cash,Completed,512.0,320.0
ORD0008110,2023-03-25,20230325,CUS02804,7,EMP0128,InstaPay,Completed,2999.0,1570.0
ORD0011819,2023-03-25,20230325,CUS02579,1,EMP0023,Cash,Completed,1448.0,700.0
ORD0003519,2023-03-26,20230326,CUS00355,15,EMP0205,InstaPay,Completed,3134.5,1560.0
ORD0006284,2023-03-26,20230326,CUS02258,1,EMP0023,Fawry,Returned,1938.0,1060.0
ORD0010089,2023-03-26,20230326,CUS00716,8,EMP0144,Vodafone Cash,Completed,14900.0,11900.0
ORD0005092,2023-03-26,20230326,CUS02088,4,EMP0086,Fawry,Completed,1215.0,660.0
ORD0008542,2023-03-26,20230326,CUS01978,1,EMP0011,Debit Card,Completed,3286.0,1720.0
ORD0008661,2023-03-26,20230326,CUS00639,12,EMP0182,Cash,Completed,1810.0,880.0
ORD0010902,2023-03-26,20230326,CUS00109,11,EMP0170,Cash,Cancelled,16369.0,12950.0
ORD0010140,2023-03-26,20230326,CUS02010,1,EMP0022,InstaPay,Completed,825.0,440.0
ORD0008342,2023-03-26,20230326,CUS00695,2,,Cash,Completed,8125.0,6500.0
ORD0003856,2023-03-26,20230326,CUS00351,3,EMP0059,Fawry,Completed,300.0,140.0
ORD0003908,2023-03-26,20230326,CUS01631,11,EMP0165,Cash,Completed,351.5,180.0
ORD0009522,2023-03-27,20230327,CUS01568,12,EMP0183,Fawry,Completed,560.0,340.0
ORD0006940,2023-03-27,20230327,CUS02058,10,EMP0162,Fawry,Completed,1026.0,510.0
ORD0001398,2023-03-27,20230327,CUS00736,1,EMP0023,Fawry,Completed,304.0,170.0
ORD0006500,2023-03-27,20230327,CUS01147,2,EMP0052,InstaPay,Completed,453.0,270.0
ORD0008097,2023-03-27,20230327,CUS01061,8,EMP0138,Cash,Completed,555.0,280.0
ORD0002864,2023-03-27,20230327,CUS01884,4,EMP0094,Debit Card,Completed,1411.0,820.0
ORD0007695,2023-03-27,20230327,CUS01344,12,EMP0179,InstaPay,Completed,2160.0,1800.0
ORD0011686,2023-03-27,20230327,CUS00550,2,EMP0052,InstaPay,Completed,30591.0,31980.0
ORD0007983,2023-03-27,20230327,CUS01645,12,EMP0182,Cash,Completed,16548.5,12800.0
ORD0010331,2023-03-27,20230327,CUS02249,2,EMP0040,Fawry,Completed,1249.0,640.0
ORD0010350,2023-03-28,20230328,CUS00815,5,EMP0100,Fawry,Completed,858.0,430.0
ORD0011281,2023-03-28,20230328,CUS00932,13,,  InstaPay  ,Completed,11960.0,10580.0
ORD0011105,2023-03-28,20230328,CUS02304,10,EMP0157,  InstaPay  ,Completed,760.0,370.0
ORD0009432,2023-03-28,20230328,CUS01896,1,EMP0003,  Cash  ,Completed,7908.0,6440.0
ORD0000577,2023-03-28,20230328,CUS00172,2,EMP0048,  Debit Card  ,Cancelled,1776.0,880.0
ORD0004633,2023-03-28,20230328,CUS01259,3,EMP0078,InstaPay,Returned,504.0,280.0
ORD0005181,2023-03-29,20230329,CUS02204,1,EMP0001,Vodafone Cash,Completed,714.0,400.0
ORD0010683,2023-03-29,20230329,CUS02518,12,EMP0184,  Cash  ,Completed,630.0,310.0
ORD0005183,2023-03-29,20230329,CUS01421,1,EMP0022,  Cash  ,Completed,2294.0,1160.0
ORD0005452,2023-03-29,20230329,CUS01720,1,EMP0007,Debit Card,Returned,507.5,310.0
ORD0004216,2023-03-29,20230329,CUS02422,6,EMP0123,Vodafone Cash,Returned,531.0,290.0
ORD0011608,2023-03-29,20230329,CUS01662,7,EMP0129,Cash,Completed,180.0,80.0
ORD0000955,2023-03-29,20230329,CUS01811,2,EMP0032,Debit Card,Completed,331.5,180.0
ORD0000911,2023-03-29,20230329,CUS00957,1,EMP0004,Debit Card,Completed,1571.5,870.0
ORD0008681,2023-03-29,20230329,CUS00541,2,EMP0030,Cash,Returned,800.5,440.0
ORD0001569,2023-03-29,20230329,CUS01992,1,EMP0023,Debit Card,Completed,21612.5,17970.0
ORD0009359,2023-03-29,20230329,CUS02563,2,EMP0045,Debit Card,Completed,20142.5,16070.0
ORD0005809,2023-03-29,20230329,CUS00647,1,EMP0009,Fawry,Completed,875.5,450.0
ORD0004482,2023-03-30,20230330,CUS01208,1,EMP0022,Credit Card,Completed,725.0,390.0
ORD0010169,2023-03-30,20230330,CUS00609,6,EMP0123,Credit Card,Completed,576.0,300.0
ORD0003657,2023-03-30,20230330,CUS02515,2,EMP0033,Credit Card,Completed,200.0,90.0
ORD0007415,2023-03-30,20230330,CUS02453,14,EMP0201,Debit Card,Completed,799.0,460.0
ORD0008708,2023-03-30,20230330,CUS01669,15,EMP0213,Vodafone Cash,Completed,1595.0,910.0
ORD0007051,2023-03-30,20230330,CUS01490,11,EMP0166,Cash,Completed,136.0,70.0
ORD0004230,2023-03-30,20230330,CUS01169,4,EMP0092,  Credit Card  ,Completed,10436.0,8020.0
ORD0004999,2023-03-30,20230330,CUS00799,13,EMP0187,Debit Card,Completed,1648.5,970.0
ORD0009681,2023-03-30,20230330,CUS02806,9,EMP0151,Credit Card,Returned,2127.0,1170.0
ORD0001434,2023-03-30,20230330,CUS00980,13,EMP0186,InstaPay,Completed,906.0,480.0
ORD0007795,2023-03-30,20230330,CUS00127,2,EMP0033,InstaPay,Completed,480.0,230.0
ORD0010862,2023-03-31,20230331,CUS01496,3,EMP0057,Vodafone Cash,Completed,1805.0,880.0
ORD0008305,2023-03-31,20230331,CUS00532,1,EMP0026,Fawry,Completed,680.0,340.0
ORD0003932,2023-03-31,20230331,CUS00697,1,EMP0014,  Cash  ,Completed,638.0,340.0
ORD0002822,2023-03-31,20230331,CUS00966,4,EMP0087,Fawry,Completed,133.0,70.0
ORD0004929,2023-03-31,20230331,CUS00307,10,EMP0159,InstaPay,Completed,410.0,200.0
ORD0002467,2023-03-31,20230331,CUS01729,10,EMP0158,  Vodafone Cash  ,Completed,552.0,300.0
ORD0001401,2023-03-31,20230331,CUS02312,1,EMP0011,Vodafone Cash,Returned,266.0,140.0
ORD0002568,2023-03-31,20230331,CUS02967,9,EMP0150,InstaPay,Completed,547.0,290.0
ORD0006147,2023-03-31,20230331,CUS02697,3,EMP0062,Fawry,Completed,12666.0,10560.0
ORD0004167,2023-03-31,20230331,CUS02309,12,EMP0184,Cash,Completed,5757.0,4720.0
ORD0007157,2023-03-31,20230331,CUS02862,2,EMP0029,Credit Card,Completed,39396.0,31000.0
ORD0001083,2023-03-31,20230331,CUS02037,7,EMP0134,Fawry,Completed,675.5,380.0
ORD0001070,2023-03-31,20230331,CUS02991,12,,Vodafone Cash,Completed,1768.5,1030.0
ORD0003526,2023-03-31,20230331,CUS02686,15,EMP0210,Cash,Completed,304.0,140.0
ORD0009530,2023-03-31,20230331,CUS00914,2,EMP0030,  Vodafone Cash  ,Completed,548.0,250.0
ORD0010102,2023-04-01,20230401,CUS00186,3,EMP0066,Cash,Completed,1615.0,810.0
ORD0010513,2023-04-01,20230401,CUS01855,10,EMP0155,Fawry,Completed,381.0,230.0
ORD0001430,2023-04-01,20230401,CUS00414,11,EMP0167,Vodafone Cash,Returned,2996.0,1550.0
ORD0004334,2023-04-01,20230401,CUS02592,5,EMP0101,Credit Card,Completed,4241.5,3470.0
ORD0011758,2023-04-01,20230401,CUS00863,6,EMP0116,InstaPay,Completed,1067.0,580.0
ORD0004302,2023-04-01,20230401,CUS02132,4,EMP0085,Vodafone Cash,Completed,2446.0,1340.0
ORD0002992,2023-04-01,20230401,CUS00330,5,EMP0099,Fawry,Completed,504.0,280.0
ORD0000660,2023-04-01,20230401,CUS01731,13,EMP0188,Vodafone Cash,Completed,469.0,280.0
ORD0005425,2023-04-01,20230401,CUS01065,1,EMP0004,InstaPay,Returned,280.5,160.0
ORD0004342,2023-04-02,20230402,CUS02036,4,EMP0082,Credit Card,Completed,68.0,40.0
ORD0007868,2023-04-02,20230402,CUS00971,10,EMP0157,Cash,Completed,1020.0,480.0
ORD0001672,2023-04-02,20230402,CUS02952,12,EMP0182,InstaPay,Completed,1239.0,690.0
ORD0008059,2023-04-02,20230402,CUS01452,2,EMP0039,Fawry,Completed,3153.0,1590.0
ORD0002923,2023-04-02,20230402,CUS02358,2,EMP0045,InstaPay,Completed,2079.0,1030.0
ORD0010876,2023-04-02,20230402,CUS00795,1,EMP0003,  Vodafone Cash  ,Completed,2542.5,1710.0
ORD0000932,2023-04-02,20230402,CUS01883,2,EMP0040,Credit Card,Completed,135.0,70.0
ORD0000700,2023-04-02,20230402,CUS02392,2,,  InstaPay  ,Completed,459.0,250.0
ORD0002092,2023-04-02,20230402,CUS00948,1,EMP0011,Debit Card,Completed,4050.0,2000.0
ORD0009198,2023-04-02,20230402,CUS02568,2,EMP0048,Debit Card,Completed,300.0,140.0
ORD0002646,2023-04-02,20230402,CUS02602,3,EMP0060,Debit Card,Returned,800.0,360.0
ORD0006871,2023-04-02,20230402,CUS00246,3,EMP0055,Vodafone Cash,Completed,28845.0,23620.0
ORD0002752,2023-04-02,20230402,CUS01846,11,EMP0166,  Fawry  ,Completed,144.0,80.0
ORD0000227,2023-04-02,20230402,CUS01574,2,EMP0052,InstaPay,Completed,289.0,160.0
ORD0010251,2023-04-02,20230402,CUS02129,9,EMP0147,Credit Card,Completed,251.0,150.0
ORD0005523,2023-04-02,20230402,CUS01431,2,,  Vodafone Cash  ,Completed,980.0,480.0
ORD0004395,2023-04-02,20230402,CUS01459,3,EMP0055,Credit Card,Completed,14535.0,12000.0
ORD0011205,2023-04-02,20230402,CUS00187,11,EMP0167,Credit Card,Returned,168.0,100.0
ORD0004881,2023-04-03,20230403,CUS02083,1,EMP0013,Debit Card,Completed,19290.0,15310.0
ORD0006975,2023-04-03,20230403,CUS01210,4,EMP0092,Vodafone Cash,Completed,1000.0,520.0
ORD0010655,2023-04-03,20230403,CUS02192,6,EMP0120,  Debit Card  ,Completed,10594.0,9520.0
ORD0006552,2023-04-03,20230403,CUS01587,14,EMP0196,Credit Card,Completed,905.0,460.0
ORD0009297,2023-04-03,20230403,CUS01745,5,EMP0095,Credit Card,Completed,1670.0,810.0
ORD0005294,2023-04-03,20230403,CUS00720,2,EMP0046,Cash,Completed,1375.0,690.0
ORD0011421,2023-04-03,20230403,CUS01150,14,EMP0197,Debit Card,Completed,13200.0,10500.0
ORD0011671,2023-04-03,20230403,CUS00380,5,EMP0101,Credit Card,Completed,12235.5,10700.0
ORD0001386,2023-04-03,20230403,CUS01611,6,EMP0126,Credit Card,Completed,6032.5,4910.0
ORD0006945,2023-04-03,20230403,CUS01999,3,EMP0061,InstaPay,Completed,1027.5,500.0
ORD0006847,2023-04-03,20230403,CUS00615,12,EMP0177,Debit Card,Completed,1148.5,580.0
ORD0010101,2023-04-04,20230404,CUS02263,2,EMP0051,Cash,Returned,1081.0,580.0
ORD0002003,2023-04-04,20230404,CUS01008,12,EMP0179,Fawry,Completed,260.0,130.0
ORD0006097,2023-04-04,20230404,CUS01845,3,EMP0064,  InstaPay  ,Completed,1092.0,610.0
ORD0006902,2023-04-04,20230404,CUS01619,3,,InstaPay,Completed,2194.5,1140.0
ORD0008516,2023-04-04,20230404,CUS00093,7,EMP0133,Fawry,Completed,569.0,280.0
ORD0002939,2023-04-04,20230404,CUS00049,2,EMP0044,  Vodafone Cash  ,Completed,1104.0,660.0
ORD0011570,2023-04-04,20230404,CUS02915,4,EMP0091,  Debit Card  ,Cancelled,624.0,390.0
ORD0006255,2023-04-04,20230404,CUS01121,10,EMP0153,Debit Card,Completed,576.0,280.0
ORD0011060,2023-04-04,20230404,CUS02143,15,EMP0208,Credit Card,Completed,1774.0,940.0
ORD0000476,2023-04-04,20230404,CUS00800,11,EMP0169,Fawry,Completed,160.0,70.0
ORD0010407,2023-04-04,20230404,CUS02761,7,EMP0132,Cash,Completed,315.0,150.0
ORD0011337,2023-04-04,20230404,CUS00442,6,EMP0115,Debit Card,Completed,645.0,330.0
ORD0007905,2023-04-04,20230404,CUS02970,6,,Vodafone Cash,Completed,1112.0,550.0
ORD0006624,2023-04-04,20230404,CUS02315,9,EMP0149,Fawry,Completed,740.5,450.0
ORD0001847,2023-04-05,20230405,CUS01944,14,EMP0196,  Debit Card  ,Completed,1237.0,620.0
ORD0011362,2023-04-05,20230405,CUS02586,10,EMP0153,Credit Card,Completed,363.5,190.0
ORD0000116,2023-04-05,20230405,CUS00256,12,EMP0184,  Debit Card  ,Returned,10152.0,8880.0
ORD0009434,2023-04-05,20230405,CUS00081,6,EMP0117,Cash,Completed,1290.0,600.0
ORD0011628,2023-04-05,20230405,CUS01705,3,EMP0073,  InstaPay  ,Completed,1171.5,590.0
ORD0004182,2023-04-05,20230405,CUS01513,4,EMP0080,Fawry,Completed,280.0,140.0
ORD0011424,2023-04-05,20230405,CUS01201,1,EMP0017,Debit Card,Completed,1657.5,860.0
ORD0003985,2023-04-06,20230406,CUS02087,12,EMP0180,Debit Card,Completed,427.5,210.0
ORD0007088,2023-04-06,20230406,CUS00789,4,EMP0093,  Cash  ,Completed,600.0,400.0
ORD0008946,2023-04-06,20230406,CUS02172,11,EMP0171,  Cash  ,Completed,1184.5,650.0
ORD0007130,2023-04-06,20230406,CUS01431,8,EMP0144,Debit Card,Completed,510.0,290.0
ORD0009189,2023-04-06,20230406,CUS00664,5,EMP0105,Vodafone Cash,Completed,1857.0,1150.0
ORD0003726,2023-04-06,20230406,CUS02967,1,EMP0015,Vodafone Cash,Completed,399.0,200.0
ORD0011386,2023-04-06,20230406,CUS01539,11,EMP0171,Debit Card,Completed,433.0,210.0
ORD0009264,2023-04-06,20230406,CUS02784,1,EMP0012,InstaPay,Completed,323.0,170.0
ORD0005764,2023-04-06,20230406,CUS00003,13,EMP0189,Debit Card,Completed,199.5,100.0
ORD0003442,2023-04-06,20230406,CUS02983,1,EMP0007,Vodafone Cash,Completed,399.0,280.0
ORD0009759,2023-04-06,20230406,CUS01198,2,EMP0044,Credit Card,Completed,229.5,120.0
ORD0010804,2023-04-07,20230407,CUS00017,4,EMP0082,  Credit Card  ,Returned,600.0,290.0
ORD0003590,2023-04-07,20230407,CUS02292,10,EMP0152,  Fawry  ,Returned,5900.0,4700.0
ORD0007692,2023-04-07,20230407,CUS01144,1,EMP0013,Cash,Completed,50860.0,45030.0
ORD0002387,2023-04-07,20230407,CUS01838,4,EMP0082,Credit Card,Completed,1768.0,880.0
ORD0007634,2023-04-08,20230408,CUS00092,3,EMP0071,Debit Card,Completed,864.0,440.0
ORD0008165,2023-04-08,20230408,CUS02604,3,EMP0068,Cash,Completed,880.5,480.0
ORD0011412,2023-04-08,20230408,CUS02674,11,EMP0172,Credit Card,Completed,360.0,160.0
ORD0007849,2023-04-08,20230408,CUS00304,14,EMP0194,  Fawry  ,Completed,1026.0,510.0
ORD0007046,2023-04-08,20230408,CUS02530,6,EMP0120,Debit Card,Completed,34438.0,33300.0
ORD0004005,2023-04-08,20230408,CUS00388,3,EMP0066,  Cash  ,Completed,2509.0,1320.0
ORD0006371,2023-04-08,20230408,CUS01313,10,EMP0157,Cash,Returned,598.0,280.0
ORD0003125,2023-04-08,20230408,CUS00957,11,EMP0168,InstaPay,Completed,3190.0,1570.0
ORD0006753,2023-04-09,20230409,CUS02022,5,EMP0100,Fawry,Completed,28494.0,23380.0
ORD0005531,2023-04-09,20230409,CUS02596,13,EMP0191,  InstaPay  ,Completed,1984.0,1170.0
ORD0005175,2023-04-09,20230409,CUS00455,7,EMP0129,  Credit Card  ,Completed,1360.0,700.0
ORD0000642,2023-04-09,20230409,CUS01769,13,EMP0191,Vodafone Cash,Completed,1482.0,790.0
ORD0000822,2023-04-09,20230409,CUS01160,3,EMP0072,InstaPay,Completed,234.0,130.0
ORD0003210,2023-04-09,20230409,CUS00623,1,EMP0025,Credit Card,Completed,563.0,290.0
ORD0009587,2023-04-09,20230409,CUS01100,2,EMP0032,InstaPay,Completed,8455.0,7100.0
ORD0000795,2023-04-10,20230410,CUS00714,1,EMP0028,  Debit Card  ,Completed,630.0,300.0
ORD0010341,2023-04-10,20230410,CUS00511,11,EMP0171,  Debit Card  ,Completed,960.0,460.0
ORD0000338,2023-04-10,20230410,CUS02515,10,EMP0159,Fawry,Completed,900.0,480.0
ORD0006898,2023-04-10,20230410,CUS00326,8,EMP0138,Credit Card,Completed,30144.0,24070.0
ORD0004879,2023-04-10,20230410,CUS02181,7,EMP0130,Cash,Completed,1800.0,1600.0
ORD0006939,2023-04-10,20230410,CUS00666,12,EMP0178,  Cash  ,Completed,19084.0,15210.0
ORD0011610,2023-04-10,20230410,CUS02951,8,,Cash,Completed,493.0,290.0
ORD0009436,2023-04-10,20230410,CUS02266,14,EMP0201,Credit Card,Completed,714.0,400.0
ORD0007374,2023-04-10,20230410,CUS02588,4,EMP0088,Cash,Completed,1311.0,790.0
ORD0000014,2023-04-10,20230410,CUS01472,3,EMP0077,Debit Card,Completed,19048.0,20000.0
ORD0000875,2023-04-11,20230411,CUS00388,1,EMP0022,Fawry,Returned,664.0,320.0
ORD0001609,2023-04-11,20230411,CUS01468,14,EMP0203,Debit Card,Completed,399.0,210.0
ORD0004597,2023-04-11,20230411,CUS00980,2,EMP0036,Debit Card,Completed,390.0,180.0
ORD0003409,2023-04-11,20230411,CUS02219,5,EMP0098,Cash,Completed,753.0,370.0
ORD0007372,2023-04-11,20230411,CUS00429,13,EMP0191,Vodafone Cash,Completed,2183.5,1120.0
ORD0008628,2023-04-11,20230411,CUS01661,5,,InstaPay,Completed,860.0,400.0
ORD0006083,2023-04-11,20230411,CUS01435,3,EMP0072,Cash,Completed,1740.0,840.0
ORD0009567,2023-04-11,20230411,CUS01238,9,EMP0150,InstaPay,Completed,1439.0,730.0
ORD0004967,2023-04-11,20230411,CUS00158,3,EMP0066,InstaPay,Completed,176.0,110.0
ORD0009878,2023-04-11,20230411,CUS01000,7,EMP0127,Vodafone Cash,Completed,770.0,380.0
ORD0008204,2023-04-11,20230411,CUS00110,10,EMP0161,  Fawry  ,Completed,306.0,170.0
ORD0007091,2023-04-11,20230411,CUS00244,2,EMP0044,Credit Card,Completed,2169.5,1080.0
ORD0002770,2023-04-11,20230411,CUS02068,13,EMP0190,Debit Card,Returned,861.0,420.0
ORD0010383,2023-04-11,20230411,CUS01370,9,,Credit Card,Completed,2026.0,1100.0
ORD0006187,2023-04-12,20230412,CUS02300,9,EMP0146,Credit Card,Returned,873.0,440.0
ORD0008257,2023-04-12,20230412,CUS01055,1,,Debit Card,Returned,492.0,250.0
ORD0009536,2023-04-12,20230412,CUS00347,6,EMP0123,Cash,Completed,184.0,110.0
ORD0003441,2023-04-12,20230412,CUS00969,3,EMP0067,Cash,Cancelled,4967.5,3770.0
ORD0004683,2023-04-12,20230412,CUS02256,6,EMP0123,InstaPay,Completed,1270.0,880.0
ORD0003104,2023-04-12,20230412,CUS00753,13,EMP0193,Vodafone Cash,Completed,2037.0,980.0
ORD0008067,2023-04-12,20230412,CUS02054,1,EMP0026,  Vodafone Cash  ,Completed,200.0,90.0
ORD0005817,2023-04-12,20230412,CUS02374,6,EMP0119,  Vodafone Cash  ,Completed,1686.0,900.0
ORD0005201,2023-04-12,20230412,CUS01747,2,EMP0041,Vodafone Cash,Completed,450.0,240.0
ORD0008937,2023-04-12,20230412,CUS00452,11,EMP0170,Credit Card,Completed,10312.5,8170.0
ORD0001968,2023-04-13,20230413,CUS02089,9,EMP0148,InstaPay,Completed,1166.0,610.0
ORD0005758,2023-04-13,20230413,CUS00562,3,EMP0067,InstaPay,Completed,927.0,510.0
ORD0004992,2023-04-13,20230413,CUS02578,2,EMP0041,Debit Card,Completed,1451.0,740.0
ORD0009320,2023-04-13,20230413,CUS00132,14,EMP0203,Vodafone Cash,Completed,1090.0,560.0
ORD0001049,2023-04-13,20230413,CUS01494,12,EMP0177,Credit Card,Completed,56160.0,44840.0
ORD0006112,2023-04-13,20230413,CUS02419,5,EMP0109,Debit Card,Completed,136.0,80.0
ORD0009899,2023-04-14,20230414,CUS02129,12,EMP0181,  InstaPay  ,Completed,4475.0,4140.0
ORD0000043,2023-04-14,20230414,CUS01898,1,EMP0025,Credit Card,Completed,1200.5,630.0
ORD0010748,2023-04-14,20230414,CUS01552,8,EMP0141,Vodafone Cash,Completed,85.5,40.0
ORD0009080,2023-04-14,20230414,CUS01630,10,EMP0163,Debit Card,Completed,1283.0,700.0
ORD0005409,2023-04-14,20230414,CUS02245,5,EMP0101,Vodafone Cash,Completed,772.5,370.0
ORD0010896,2023-04-14,20230414,CUS01442,8,EMP0137,InstaPay,Completed,9112.5,8070.0
ORD0002963,2023-04-14,20230414,CUS00129,4,EMP0089,Fawry,Completed,260.0,120.0
ORD0010131,2023-04-14,20230414,CUS01794,7,EMP0128,Debit Card,Completed,117.0,60.0
ORD0006915,2023-04-14,20230414,CUS00652,4,,Credit Card,Completed,6772.5,5160.0
ORD0005098,2023-04-14,20230414,CUS00013,2,EMP0034,Vodafone Cash,Returned,1264.0,650.0
ORD0001346,2023-04-15,20230415,CUS02528,3,,Debit Card,Cancelled,255.0,140.0
ORD0001056,2023-04-15,20230415,CUS01107,1,EMP0001,Debit Card,Completed,1076.0,530.0
ORD0011746,2023-04-15,20230415,CUS01113,4,EMP0081,Cash,Completed,513.0,260.0
ORD0008047,2023-04-15,20230415,CUS00105,1,EMP0011,Fawry,Completed,754.0,440.0
ORD0006437,2023-04-15,20230415,CUS00860,9,EMP0147,  Credit Card  ,Completed,322.5,210.0
ORD0010742,2023-04-15,20230415,CUS02382,1,EMP0003,Fawry,Completed,576.0,280.0
ORD0000026,2023-04-15,20230415,CUS02317,3,EMP0063,  Debit Card  ,Completed,746.0,380.0
ORD0007798,2023-04-15,20230415,CUS00168,3,EMP0064,InstaPay,Completed,3723.0,1830.0
ORD0009717,2023-04-15,20230415,CUS00919,1,EMP0015,Fawry,Completed,1043.0,560.0
ORD0003819,2023-04-15,20230415,CUS01035,12,EMP0181,Vodafone Cash,Completed,58770.0,52400.0
ORD0010298,2023-04-16,20230416,CUS00160,9,EMP0149,  Debit Card  ,Completed,3916.0,2170.0
ORD0011177,2023-04-16,20230416,CUS01438,3,EMP0074,Vodafone Cash,Completed,4561.0,3200.0
ORD0007114,2023-04-16,20230416,CUS00162,5,EMP0100,Fawry,Completed,161.5,90.0
ORD0001168,2023-04-17,20230417,CUS02066,1,EMP0026,  InstaPay  ,Returned,582.0,300.0
ORD0010285,2023-04-17,20230417,CUS00664,6,EMP0116,InstaPay,Completed,7208.0,4720.0
ORD0006859,2023-04-17,20230417,CUS02482,3,EMP0077,Credit Card,Completed,1878.0,1150.0
ORD0006787,2023-04-17,20230417,CUS02938,1,EMP0021,  Credit Card  ,Completed,1040.0,510.0
ORD0005638,2023-04-17,20230417,CUS01673,4,EMP0085,  Debit Card  ,Completed,2000.0,970.0
ORD0001796,2023-04-17,20230417,CUS00086,3,EMP0063,Fawry,Completed,600.0,280.0
ORD0005466,2023-04-17,20230417,CUS02073,2,EMP0039,Fawry,Completed,610.0,290.0
ORD0000565,2023-04-17,20230417,CUS00040,4,EMP0086,  InstaPay  ,Completed,2196.0,1100.0
ORD0010484,2023-04-17,20230417,CUS01542,1,EMP0021,  InstaPay  ,Completed,864.5,450.0
ORD0010343,2023-04-17,20230417,CUS02137,3,EMP0068,Vodafone Cash,Completed,2957.0,1450.0
ORD0009980,2023-04-17,20230417,CUS00243,9,,Credit Card,Completed,1750.5,880.0
ORD0003499,2023-04-17,20230417,CUS00948,2,EMP0053,Credit Card,Completed,2463.0,1480.0
ORD0004450,2023-04-17,20230417,CUS02656,1,EMP0021,InstaPay,Completed,432.0,220.0
ORD0004944,2023-04-17,20230417,CUS01604,2,EMP0046,InstaPay,Completed,1322.0,770.0
ORD0000551,2023-04-18,20230418,CUS01561,11,EMP0167,Debit Card,Completed,170.0,80.0
ORD0003156,2023-04-18,20230418,CUS02179,1,EMP0020,Fawry,Completed,6136.0,5000.0
ORD0009227,2023-04-18,20230418,CUS00724,3,EMP0078,Credit Card,Completed,1020.0,940.0
ORD0004370,2023-04-18,20230418,CUS02049,13,EMP0190,  Cash  ,Completed,300.0,150.0
ORD0000993,2023-04-18,20230418,CUS01999,10,EMP0163,Fawry,Completed,2815.0,2290.0
ORD0011922,2023-04-18,20230418,CUS01049,13,EMP0190,  Vodafone Cash  ,Completed,15150.0,16200.0
ORD0009928,2023-04-18,20230418,CUS01469,5,EMP0096,  Vodafone Cash  ,Completed,2814.0,1590.0
ORD0000914,2023-04-18,20230418,CUS02021,15,EMP0215,Cash,Cancelled,1074.0,520.0
ORD0003703,2023-04-18,20230418,CUS02375,3,EMP0072,Vodafone Cash,Completed,290.0,140.0
ORD0008484,2023-04-18,20230418,CUS00204,6,EMP0118,Debit Card,Completed,27260.0,21580.0
ORD0010055,2023-04-18,20230418,CUS02595,1,EMP0011,Vodafone Cash,Returned,1000.0,500.0
ORD0004383,2023-04-18,20230418,CUS01227,15,EMP0214,Fawry,Completed,2482.0,1920.0
ORD0005616,2023-04-18,20230418,CUS02277,14,EMP0202,Debit Card,Completed,315.0,170.0
ORD0002506,2023-04-18,20230418,CUS01098,2,EMP0039,Debit Card,Completed,180.0,80.0
ORD0010386,2023-04-18,20230418,CUS01000,3,EMP0055,Debit Card,Completed,2256.0,1170.0
ORD0008582,2023-04-18,20230418,CUS01425,2,EMP0030,InstaPay,Completed,1161.0,560.0
ORD0000385,2023-04-18,20230418,CUS01009,1,EMP0006,InstaPay,Completed,1440.0,690.0
ORD0006649,2023-04-19,20230419,CUS01643,6,EMP0125,Vodafone Cash,Completed,150.0,70.0
ORD0001886,2023-04-19,20230419,CUS01291,12,EMP0181,Debit Card,Completed,420.0,280.0
ORD0009295,2023-04-19,20230419,CUS00100,2,EMP0049,Fawry,Completed,1175.0,590.0
ORD0008495,2023-04-19,20230419,CUS02202,5,EMP0112,Cash,Completed,1751.0,950.0
ORD0007768,2023-04-19,20230419,CUS00204,3,EMP0074,Fawry,Completed,260.0,120.0
ORD0004779,2023-04-19,20230419,CUS02326,13,EMP0186,  Fawry  ,Completed,2855.0,1550.0
ORD0007499,2023-04-19,20230419,CUS02977,3,EMP0072,Fawry,Completed,337.0,180.0
ORD0010675,2023-04-19,20230419,CUS01693,15,EMP0208,InstaPay,Completed,300.0,150.0
ORD0008417,2023-04-19,20230419,CUS02509,13,,Debit Card,Completed,6320.0,5790.0
ORD0006661,2023-04-19,20230419,CUS02531,6,EMP0123,Vodafone Cash,Completed,200.0,100.0
ORD0003553,2023-04-19,20230419,CUS00431,6,EMP0114,Credit Card,Completed,1651.0,950.0
ORD0007381,2023-04-19,20230419,CUS01215,10,EMP0152,Credit Card,Completed,504.0,280.0
ORD0007400,2023-04-19,20230419,CUS02230,5,EMP0095,Vodafone Cash,Completed,238.0,140.0
ORD0008622,2023-04-20,20230420,CUS01298,3,EMP0060,  Cash  ,Completed,1972.0,1340.0
ORD0009684,2023-04-20,20230420,CUS00625,2,EMP0051,Vodafone Cash,Completed,276.0,180.0
ORD0004846,2023-04-20,20230420,CUS01621,6,EMP0117,Cash,Completed,790.0,480.0
ORD0001215,2023-04-20,20230420,CUS00116,7,EMP0132,Fawry,Completed,360.0,170.0
ORD0004849,2023-04-20,20230420,CUS02483,1,EMP0006,Debit Card,Completed,240.0,160.0
ORD0007580,2023-04-20,20230420,CUS01839,11,EMP0172,Fawry,Completed,160.0,90.0
ORD0001445,2023-04-20,20230420,CUS02246,4,EMP0088,Debit Card,Completed,144.0,70.0
ORD0002772,2023-04-20,20230420,CUS02176,9,EMP0146,Credit Card,Completed,460.0,230.0
ORD0007906,2023-04-20,20230420,CUS00603,4,EMP0081,Cash,Completed,820.0,380.0
ORD0009956,2023-04-20,20230420,CUS00668,8,EMP0142,Cash,Completed,1200.0,1200.0
ORD0011930,2023-04-20,20230420,CUS00344,4,EMP0092,Fawry,Completed,450.0,270.0
ORD0002453,2023-04-21,20230421,CUS00656,2,EMP0030,InstaPay,Completed,1100.0,540.0
ORD0003759,2023-04-21,20230421,CUS02888,15,EMP0205,Credit Card,Completed,455.0,280.0
ORD0000976,2023-04-21,20230421,CUS01693,13,EMP0185,Vodafone Cash,Returned,10200.0,8100.0
ORD0011816,2023-04-21,20230421,CUS00858,4,EMP0087,Debit Card,Completed,510.0,270.0
ORD0007792,2023-04-21,20230421,CUS02631,3,,Credit Card,Completed,455.0,230.0
ORD0010473,2023-04-21,20230421,CUS00156,2,EMP0029,Fawry,Completed,6010.0,5160.0
ORD0001082,2023-04-21,20230421,CUS01098,2,EMP0030,  Vodafone Cash  ,Completed,1083.0,630.0
ORD0000584,2023-04-21,20230421,CUS01852,12,,Cash,Completed,20400.0,16000.0
ORD0000978,2023-04-21,20230421,CUS01437,5,EMP0111,InstaPay,Completed,2912.0,1620.0
ORD0008055,2023-04-21,20230421,CUS01909,15,EMP0215,InstaPay,Completed,1662.5,960.0
ORD0004630,2023-04-21,20230421,CUS00701,10,EMP0162,Credit Card,Completed,2218.0,1820.0
ORD0006728,2023-04-22,20230422,CUS01951,2,EMP0041,Cash,Completed,332.5,170.0
ORD0010781,2023-04-22,20230422,CUS02438,15,EMP0216,InstaPay,Completed,504.0,280.0
ORD0007734,2023-04-22,20230422,CUS01318,6,EMP0125,InstaPay,Completed,2120.0,1120.0
ORD0010765,2023-04-22,20230422,CUS00971,10,EMP0158,  Credit Card  ,Completed,140.0,70.0
ORD0001273,2023-04-22,20230422,CUS00434,2,EMP0053,  Debit Card  ,Completed,376.0,190.0
ORD0001355,2023-04-22,20230422,CUS00198,5,EMP0102,Fawry,Completed,2421.5,1550.0
ORD0007453,2023-04-22,20230422,CUS00258,11,EMP0166,Cash,Completed,7000.0,5600.0
ORD0011463,2023-04-22,20230422,CUS00331,2,EMP0035,Cash,Completed,360.0,180.0
ORD0008994,2023-04-22,20230422,CUS01175,1,EMP0004,Fawry,Completed,3012.0,1520.0
ORD0002978,2023-04-23,20230423,CUS02488,2,EMP0037,InstaPay,Completed,460.0,220.0
ORD0002285,2023-04-23,20230423,CUS02909,4,EMP0089,InstaPay,Cancelled,490.0,240.0
ORD0005240,2023-04-23,20230423,CUS01776,2,EMP0046,InstaPay,Cancelled,680.0,340.0
ORD0011790,2023-04-23,20230423,CUS02323,13,EMP0192,  Debit Card  ,Completed,1596.0,830.0
ORD0008880,2023-04-23,20230423,CUS01309,12,EMP0175,Credit Card,Completed,720.0,330.0
ORD0003776,2023-04-23,20230423,CUS02630,3,EMP0061,Credit Card,Returned,300.0,140.0
ORD0002251,2023-04-23,20230423,CUS02327,3,EMP0073,Credit Card,Completed,1155.0,570.0
ORD0007327,2023-04-23,20230423,CUS02928,4,EMP0091,  Debit Card  ,Completed,1252.0,650.0
ORD0000969,2023-04-23,20230423,CUS02175,6,EMP0113,InstaPay,Completed,497.0,250.0
ORD0011055,2023-04-23,20230423,CUS02945,2,EMP0048,Debit Card,Completed,2712.0,1470.0
ORD0011350,2023-04-24,20230424,CUS02365,3,EMP0074,InstaPay,Completed,612.0,340.0
ORD0006226,2023-04-24,20230424,CUS02983,13,EMP0192,Credit Card,Completed,1354.5,700.0
ORD0000337,2023-04-24,20230424,CUS01070,13,EMP0192,  Fawry  ,Completed,1434.0,830.0
ORD0007921,2023-04-24,20230424,CUS00876,9,EMP0151,InstaPay,Returned,1098.0,560.0
ORD0002571,2023-04-24,20230424,CUS01050,15,EMP0209,Credit Card,Completed,52750.0,49200.0
ORD0003934,2023-04-24,20230424,CUS00148,1,EMP0016,Debit Card,Completed,2162.5,1160.0
ORD0001163,2023-04-25,20230425,CUS02984,5,EMP0105,Debit Card,Completed,40440.0,32700.0
ORD0009578,2023-04-25,20230425,CUS02745,5,EMP0107,  Credit Card  ,Completed,819.0,440.0
ORD0004611,2023-04-25,20230425,CUS02808,3,EMP0078,Cash,Completed,46642.5,37550.0
ORD0001035,2023-04-25,20230425,CUS01561,2,EMP0033,  Credit Card  ,Completed,740.0,360.0
ORD0007643,2023-04-25,20230425,CUS00657,4,EMP0089,InstaPay,Completed,600.0,280.0
ORD0002111,2023-04-25,20230425,CUS01245,14,EMP0195,Cash,Completed,408.5,210.0
ORD0011747,2023-04-25,20230425,CUS01169,4,EMP0091,Debit Card,Completed,19764.0,17250.0
ORD0010869,2023-04-25,20230425,CUS02182,6,EMP0113,  Cash  ,Completed,204.0,110.0
ORD0011755,2023-04-25,20230425,CUS02119,4,EMP0088,Cash,Completed,891.5,440.0
ORD0001280,2023-04-25,20230425,CUS00581,4,EMP0092,  Debit Card  ,Returned,515.0,270.0
ORD0007624,2023-04-25,20230425,CUS01693,13,EMP0190,Fawry,Returned,2040.0,1030.0
ORD0005647,2023-04-25,20230425,CUS01041,4,EMP0080,Cash,Completed,340.0,160.0
ORD0003717,2023-04-25,20230425,CUS00359,1,EMP0017,InstaPay,Completed,3078.0,1600.0
ORD0009591,2023-04-25,20230425,CUS00408,12,EMP0179,Cash,Returned,15402.5,12160.0
ORD0007507,2023-04-26,20230426,CUS00018,4,EMP0094,Debit Card,Completed,15493.0,12580.0
ORD0008101,2023-04-26,20230426,CUS01026,3,EMP0075,  Debit Card  ,Completed,918.0,480.0
ORD0011007,2023-04-26,20230426,CUS01617,4,EMP0080,InstaPay,Completed,999.0,540.0
ORD0000027,2023-04-26,20230426,CUS00440,14,EMP0196,Vodafone Cash,Completed,210.0,100.0
ORD0001290,2023-04-26,20230426,CUS01300,11,EMP0166,Fawry,Completed,445.0,240.0
ORD0000893,2023-04-26,20230426,CUS02108,8,,Credit Card,Completed,144.0,70.0
ORD0004468,2023-04-26,20230426,CUS02434,7,EMP0134,Debit Card,Completed,3289.0,1790.0
ORD0004310,2023-04-26,20230426,CUS02974,1,EMP0014,Vodafone Cash,Completed,853.5,430.0
ORD0010260,2023-04-26,20230426,CUS02672,2,EMP0031,Credit Card,Completed,5013.0,3960.0
ORD0001348,2023-04-27,20230427,CUS00294,6,EMP0123,Cash,Cancelled,24320.0,20600.0
ORD0006682,2023-04-27,20230427,CUS01415,1,EMP0003,  InstaPay  ,Completed,9144.0,6980.0
ORD0005501,2023-04-27,20230427,CUS02401,4,EMP0079,Fawry,Completed,453.0,230.0
ORD0006169,2023-04-27,20230427,CUS00758,3,EMP0068,InstaPay,Completed,2389.5,1330.0
ORD0001638,2023-04-27,20230427,CUS01221,7,EMP0133,Cash,Completed,240.0,120.0
ORD0008499,2023-04-27,20230427,CUS01237,3,EMP0062,  Credit Card  ,Completed,40810.0,35990.0
ORD0000858,2023-04-27,20230427,CUS01452,5,EMP0112,Fawry,Completed,3515.0,1850.0
ORD0004985,2023-04-27,20230427,CUS01896,4,EMP0094,Debit Card,Completed,684.0,360.0
ORD0010146,2023-04-27,20230427,CUS01932,9,EMP0148,Cash,Completed,900.0,800.0
ORD0001815,2023-04-27,20230427,CUS02327,10,EMP0159,  InstaPay  ,Completed,689.0,340.0
ORD0011095,2023-04-27,20230427,CUS01108,8,EMP0141,Fawry,Completed,187.0,110.0
ORD0008216,2023-04-28,20230428,CUS00123,2,EMP0033,  Cash  ,Completed,4250.0,4000.0
ORD0003689,2023-04-28,20230428,CUS00270,5,EMP0108,Credit Card,Completed,465.5,240.0
ORD0007166,2023-04-28,20230428,CUS01229,1,,Fawry,Completed,168.0,100.0
ORD0007441,2023-04-28,20230428,CUS00040,8,EMP0139,Debit Card,Completed,294.5,150.0
ORD0011625,2023-04-28,20230428,CUS01365,4,EMP0094,Vodafone Cash,Returned,1050.0,570.0
ORD0007647,2023-04-28,20230428,CUS01145,13,EMP0190,Debit Card,Completed,1620.0,830.0
ORD0003530,2023-04-29,20230429,CUS00508,12,EMP0183,InstaPay,Completed,2230.0,1450.0
ORD0001502,2023-04-29,20230429,CUS00945,5,,Vodafone Cash,Returned,26660.0,23690.0
ORD0010459,2023-04-29,20230429,CUS00210,15,EMP0214,  Vodafone Cash  ,Completed,1378.0,720.0
ORD0007884,2023-04-29,20230429,CUS00530,6,EMP0123,Fawry,Returned,437.0,220.0
ORD0009010,2023-04-29,20230429,CUS00666,15,EMP0208,InstaPay,Completed,556.0,280.0
ORD0004617,2023-04-29,20230429,CUS01954,3,EMP0061,Cash,Completed,135.0,70.0
ORD0010704,2023-04-29,20230429,CUS00906,5,EMP0107,Cash,Completed,952.0,490.0
ORD0008254,2023-04-29,20230429,CUS02941,13,EMP0189,Vodafone Cash,Completed,1961.0,1050.0
ORD0005725,2023-04-29,20230429,CUS01601,12,EMP0182,InstaPay,Completed,12234.0,12620.0
ORD0005020,2023-04-29,20230429,CUS02598,13,EMP0192,Vodafone Cash,Completed,3824.0,1940.0
ORD0001616,2023-04-29,20230429,CUS00445,3,EMP0064,Credit Card,Completed,560.0,260.0
ORD0010909,2023-04-29,20230429,CUS00458,12,EMP0182,Debit Card,Completed,270.0,140.0
ORD0000323,2023-04-29,20230429,CUS00551,10,EMP0160,Fawry,Completed,598.5,310.0
ORD0008293,2023-04-29,20230429,CUS02342,5,EMP0112,  InstaPay  ,Completed,5760.0,4390.0
ORD0008606,2023-04-30,20230430,CUS01516,10,EMP0163,InstaPay,Completed,414.0,220.0
ORD0001138,2023-04-30,20230430,CUS00737,3,EMP0063,Vodafone Cash,Completed,42380.0,35980.0
ORD0004406,2023-04-30,20230430,CUS02629,2,EMP0032,Cash,Completed,190.0,90.0
ORD0011986,2023-04-30,20230430,CUS01725,4,EMP0094,  Vodafone Cash  ,Completed,3046.5,1680.0
ORD0008833,2023-04-30,20230430,CUS00956,10,EMP0154,  Vodafone Cash  ,Completed,1818.0,940.0
ORD0006350,2023-04-30,20230430,CUS00483,12,EMP0182,  Fawry  ,Completed,210.0,100.0
ORD0011887,2023-04-30,20230430,CUS00330,4,EMP0091,Debit Card,Returned,319.5,180.0
ORD0004363,2023-04-30,20230430,CUS02193,5,EMP0110,Debit Card,Returned,223.5,110.0
ORD0008733,2023-04-30,20230430,CUS02402,3,EMP0057,Vodafone Cash,Completed,534.0,300.0
ORD0008756,2023-04-30,20230430,CUS01175,5,EMP0107,InstaPay,Completed,228.0,120.0
ORD0004329,2023-05-01,20230501,CUS01423,2,EMP0043,Fawry,Completed,475.0,240.0
ORD0009588,2023-05-01,20230501,CUS00850,10,EMP0153,Cash,Completed,2090.0,1040.0
ORD0006637,2023-05-01,20230501,CUS01879,14,EMP0195,Debit Card,Completed,1168.0,600.0
ORD0011292,2023-05-01,20230501,CUS02397,1,EMP0003,Debit Card,Completed,440.0,220.0
ORD0010776,2023-05-01,20230501,CUS00961,14,EMP0199,Fawry,Completed,1615.0,840.0
ORD0001335,2023-05-01,20230501,CUS00273,3,EMP0055,Vodafone Cash,Completed,1043.0,590.0
ORD0003513,2023-05-01,20230501,CUS00918,12,EMP0184,InstaPay,Completed,18657.5,16480.0
ORD0003208,2023-05-01,20230501,CUS00918,3,EMP0075,  Credit Card  ,Completed,1366.0,710.0
ORD0002148,2023-05-01,20230501,CUS01993,13,EMP0185,Credit Card,Completed,1339.0,680.0
ORD0011947,2023-05-01,20230501,CUS01605,1,EMP0013,Vodafone Cash,Completed,23983.0,18840.0
ORD0005849,2023-05-01,20230501,CUS00687,4,EMP0094,  InstaPay  ,Returned,851.0,420.0
ORD0001991,2023-05-01,20230501,CUS00709,15,EMP0215,Cash,Returned,4178.0,2110.0
ORD0011407,2023-05-01,20230501,CUS01381,1,EMP0021,InstaPay,Completed,425.0,240.0
ORD0011611,2023-05-02,20230502,CUS00643,4,EMP0088,Credit Card,Completed,2481.0,1260.0
ORD0011560,2023-05-02,20230502,CUS02414,1,EMP0014,InstaPay,Completed,14455.0,12020.0
ORD0006380,2023-05-02,20230502,CUS02710,3,EMP0075,Vodafone Cash,Completed,548.0,290.0
ORD0003607,2023-05-02,20230502,CUS01286,1,EMP0024,Credit Card,Completed,760.0,360.0
ORD0006051,2023-05-02,20230502,CUS00076,11,EMP0172,Debit Card,Completed,130.0,60.0
ORD0002074,2023-05-02,20230502,CUS02297,1,EMP0027,InstaPay,Completed,770.0,380.0
ORD0004304,2023-05-02,20230502,CUS00649,12,EMP0180,Debit Card,Completed,7110.0,6040.0
ORD0004149,2023-05-02,20230502,CUS00310,4,,Cash,Completed,152.0,80.0
ORD0004311,2023-05-02,20230502,CUS01543,14,EMP0197,Cash,Completed,170.0,80.0
ORD0006611,2023-05-02,20230502,CUS01790,8,EMP0144,Cash,Returned,1250.0,1020.0
ORD0001613,2023-05-02,20230502,CUS02931,5,EMP0100,Debit Card,Returned,714.0,480.0
ORD0007666,2023-05-02,20230502,CUS00804,2,EMP0029,Debit Card,Completed,17152.5,16740.0
ORD0001559,2023-05-02,20230502,CUS01981,14,EMP0203,Debit Card,Completed,9591.0,7440.0
ORD0003397,2023-05-03,20230503,CUS01903,5,EMP0102,Debit Card,Completed,760.0,360.0
ORD0010476,2023-05-03,20230503,CUS01880,1,EMP0021,Vodafone Cash,Completed,1470.0,720.0
ORD0003993,2023-05-03,20230503,CUS02427,2,EMP0045,Fawry,Completed,142.5,70.0
ORD0004664,2023-05-03,20230503,CUS01399,5,,Debit Card,Completed,19307.0,21410.0
ORD0001088,2023-05-03,20230503,CUS02051,6,EMP0114,  Debit Card  ,Completed,2268.0,1240.0
ORD0003241,2023-05-03,20230503,CUS02400,13,EMP0189,Credit Card,Completed,840.0,510.0
ORD0004223,2023-05-03,20230503,CUS01320,1,EMP0015,Vodafone Cash,Completed,171.0,90.0
ORD0002065,2023-05-03,20230503,CUS02485,9,,Fawry,Completed,1310.0,650.0
ORD0008300,2023-05-03,20230503,CUS02900,2,EMP0047,Vodafone Cash,Returned,5206.0,2590.0
ORD0007600,2023-05-03,20230503,CUS02425,4,EMP0080,Fawry,Completed,342.0,170.0
ORD0010901,2023-05-03,20230503,CUS00013,2,EMP0054,Debit Card,Completed,1344.0,720.0
ORD0005053,2023-05-03,20230503,CUS02129,14,EMP0199,Cash,Completed,237.5,120.0
ORD0007662,2023-05-03,20230503,CUS01536,1,EMP0024,Fawry,Completed,28770.0,24130.0
ORD0003237,2023-05-04,20230504,CUS00695,7,EMP0128,InstaPay,Completed,360.0,210.0
ORD0011273,2023-05-04,20230504,CUS01207,2,EMP0049,  Vodafone Cash  ,Completed,16740.0,14900.0
ORD0006977,2023-05-04,20230504,CUS01320,5,EMP0102,Credit Card,Completed,180.5,90.0
ORD0002721,2023-05-04,20230504,CUS02197,1,EMP0018,  Credit Card  ,Completed,1746.0,850.0
ORD0006028,2023-05-04,20230504,CUS02942,1,EMP0018,Cash,Completed,1017.0,510.0
ORD0005558,2023-05-04,20230504,CUS01351,6,EMP0120,  Fawry  ,Completed,800.0,400.0
ORD0007215,2023-05-04,20230504,CUS00528,13,EMP0192,  Credit Card  ,Completed,270.0,130.0
ORD0006283,2023-05-04,20230504,CUS00017,9,EMP0147,InstaPay,Completed,385.0,270.0
ORD0009315,2023-05-04,20230504,CUS02228,8,EMP0144,Credit Card,Completed,336.0,200.0
ORD0004700,2023-05-04,20230504,CUS01702,3,EMP0060,  Vodafone Cash  ,Completed,423.0,230.0
ORD0000290,2023-05-04,20230504,CUS00359,2,EMP0048,  InstaPay  ,Completed,60160.0,47860.0
ORD0005962,2023-05-04,20230504,CUS02666,5,EMP0095,Vodafone Cash,Completed,1460.0,770.0
ORD0002423,2023-05-04,20230504,CUS01700,15,,Fawry,Completed,3386.0,1830.0
ORD0006815,2023-05-05,20230505,CUS01336,14,EMP0201,Fawry,Completed,756.5,380.0
ORD0002726,2023-05-05,20230505,CUS01429,7,EMP0130,Credit Card,Completed,2881.0,1590.0
ORD0009820,2023-05-05,20230505,CUS01302,5,EMP0111,InstaPay,Completed,560.0,340.0
ORD0003514,2023-05-05,20230505,CUS02784,11,EMP0168,  Credit Card  ,Completed,1280.0,780.0
ORD0010844,2023-05-05,20230505,CUS01241,2,EMP0033,Fawry,Completed,680.0,390.0
ORD0005938,2023-05-05,20230505,CUS00066,13,EMP0192,Debit Card,Completed,2052.0,1670.0
ORD0011616,2023-05-05,20230505,CUS01781,12,EMP0174,Fawry,Completed,442.0,260.0
ORD0003366,2023-05-05,20230505,CUS01299,6,EMP0124,Cash,Completed,1143.0,610.0
ORD0009708,2023-05-05,20230505,CUS00304,11,EMP0165,Credit Card,Returned,756.0,380.0
ORD0010498,2023-05-05,20230505,CUS00322,1,EMP0013,Fawry,Completed,594.0,290.0
ORD0001533,2023-05-05,20230505,CUS00333,2,EMP0036,InstaPay,Completed,880.0,400.0
ORD0009417,2023-05-06,20230506,CUS00638,1,EMP0004,Cash,Completed,1650.0,860.0
ORD0011722,2023-05-06,20230506,CUS02809,1,,Cash,Completed,3165.5,1770.0
ORD0005331,2023-05-06,20230506,CUS02713,10,EMP0156,Credit Card,Completed,680.0,320.0
ORD0000197,2023-05-06,20230506,CUS00210,14,EMP0197,Vodafone Cash,Returned,504.0,300.0
ORD0008603,2023-05-06,20230506,CUS00826,14,EMP0194,Cash,Completed,208.0,120.0
ORD0011279,2023-05-06,20230506,CUS00163,11,EMP0168,Cash,Completed,5361.0,4180.0
ORD0001865,2023-05-06,20230506,CUS00838,3,EMP0055,Vodafone Cash,Completed,1151.5,560.0
ORD0007341,2023-05-06,20230506,CUS00530,1,EMP0004,Credit Card,Completed,170.0,80.0
ORD0006641,2023-05-06,20230506,CUS00953,5,EMP0102,  InstaPay  ,Completed,972.0,510.0
ORD0007784,2023-05-06,20230506,CUS01351,8,,Cash,Completed,260.0,130.0
ORD0006105,2023-05-06,20230506,CUS02544,1,EMP0025,  Fawry  ,Completed,230.0,110.0
ORD0000553,2023-05-06,20230506,CUS00125,6,,InstaPay,Completed,200.0,100.0
ORD0006217,2023-05-07,20230507,CUS01930,5,EMP0103,Debit Card,Completed,764.0,440.0
ORD0009285,2023-05-07,20230507,CUS00686,3,,Cash,Completed,189.0,100.0
ORD0000870,2023-05-07,20230507,CUS01072,1,EMP0007,  Cash  ,Completed,357.0,200.0
ORD0002634,2023-05-07,20230507,CUS00273,2,EMP0044,Credit Card,Completed,833.0,480.0
ORD0003995,2023-05-07,20230507,CUS00247,13,EMP0189,Vodafone Cash,Completed,562.0,300.0
ORD0005973,2023-05-07,20230507,CUS01699,3,EMP0056,Credit Card,Completed,1448.0,700.0
ORD0005444,2023-05-07,20230507,CUS00433,4,EMP0086,  InstaPay  ,Completed,729.0,400.0
ORD0011695,2023-05-08,20230508,CUS00911,2,EMP0044,  Vodafone Cash  ,Completed,722.5,420.0
ORD0002900,2023-05-08,20230508,CUS02756,5,EMP0095,Credit Card,Cancelled,885.5,480.0
ORD0008123,2023-05-08,20230508,CUS01078,3,EMP0055,Credit Card,Completed,15204.0,12080.0
ORD0003492,2023-05-08,20230508,CUS00190,3,EMP0056,Vodafone Cash,Completed,610.0,300.0
ORD0004883,2023-05-08,20230508,CUS01184,5,EMP0098,InstaPay,Completed,819.0,410.0
ORD0004760,2023-05-08,20230508,CUS00462,2,EMP0039,Vodafone Cash,Completed,800.0,700.0
ORD0005517,2023-05-08,20230508,CUS00697,14,EMP0198,Debit Card,Completed,6272.0,4960.0
ORD0004397,2023-05-08,20230508,CUS02069,2,EMP0045,Vodafone Cash,Completed,306.0,160.0
ORD0010404,2023-05-08,20230508,CUS00259,4,EMP0092,  Cash  ,Completed,150.0,80.0
ORD0010583,2023-05-08,20230508,CUS01298,2,EMP0034,Credit Card,Completed,180.5,90.0
ORD0005297,2023-05-08,20230508,CUS01418,6,EMP0123,Debit Card,Completed,734.0,370.0
ORD0003335,2023-05-08,20230508,CUS01518,2,EMP0052,InstaPay,Returned,266.0,140.0
ORD0006218,2023-05-08,20230508,CUS02939,13,EMP0193,InstaPay,Completed,720.0,380.0
ORD0001962,2023-05-09,20230509,CUS00297,2,EMP0042,Fawry,Returned,357.0,180.0
ORD0004554,2023-05-09,20230509,CUS01814,4,EMP0087,Debit Card,Completed,7168.5,5340.0
ORD0008479,2023-05-09,20230509,CUS01142,3,EMP0068,Vodafone Cash,Completed,255.0,160.0
ORD0006170,2023-05-09,20230509,CUS02676,3,EMP0065,  Fawry  ,Completed,270.0,150.0
ORD0006117,2023-05-09,20230509,CUS02155,6,,Cash,Completed,1664.0,1120.0
ORD0002116,2023-05-09,20230509,CUS01701,7,EMP0135,Cash,Completed,870.0,450.0
ORD0010898,2023-05-09,20230509,CUS00079,1,EMP0002,Cash,Completed,10981.0,8520.0
ORD0009986,2023-05-09,20230509,CUS02693,13,EMP0188,Credit Card,Returned,3326.5,1640.0
ORD0011566,2023-05-09,20230509,CUS01160,2,EMP0046,InstaPay,Completed,778.0,400.0
ORD0000438,2023-05-10,20230510,CUS02739,6,,Vodafone Cash,Completed,524.0,280.0
ORD0010029,2023-05-10,20230510,CUS02385,2,EMP0039,Debit Card,Completed,210.0,100.0
ORD0007904,2023-05-10,20230510,CUS02417,7,EMP0135,  Vodafone Cash  ,Cancelled,85.5,40.0
ORD0010773,2023-05-10,20230510,CUS00004,10,EMP0161,Credit Card,Completed,891.5,490.0
ORD0001943,2023-05-10,20230510,CUS02648,12,EMP0182,  InstaPay  ,Completed,150.0,70.0
ORD0010488,2023-05-10,20230510,CUS02273,8,EMP0138,Credit Card,Completed,3333.0,1860.0
ORD0001541,2023-05-10,20230510,CUS02598,2,EMP0054,  Cash  ,Completed,300.0,140.0
ORD0006162,2023-05-10,20230510,CUS01687,7,EMP0130,Debit Card,Completed,31849.5,27400.0
ORD0006150,2023-05-11,20230511,CUS01498,5,EMP0112,Fawry,Cancelled,24485.5,22200.0
ORD0004991,2023-05-11,20230511,CUS00641,7,EMP0127,Fawry,Returned,5756.0,5040.0
ORD0007241,2023-05-11,20230511,CUS02062,5,EMP0105,  Vodafone Cash  ,Completed,1391.0,1050.0
ORD0004663,2023-05-11,20230511,CUS02380,10,EMP0155,Cash,Cancelled,460.0,230.0
ORD0008144,2023-05-11,20230511,CUS01529,10,EMP0155,Fawry,Completed,304.0,140.0
ORD0002121,2023-05-11,20230511,CUS00128,3,,  InstaPay  ,Completed,1360.0,640.0
ORD0001021,2023-05-11,20230511,CUS01509,4,EMP0080,Cash,Returned,2360.0,1170.0
ORD0008167,2023-05-11,20230511,CUS01957,1,EMP0010,Fawry,Completed,2571.0,1910.0
ORD0005695,2023-05-11,20230511,CUS00091,5,EMP0097,Fawry,Completed,14950.0,13000.0
ORD0007104,2023-05-11,20230511,CUS01624,3,EMP0074,Cash,Returned,532.0,280.0
ORD0002981,2023-05-11,20230511,CUS01301,7,,Vodafone Cash,Completed,1645.0,820.0
ORD0008238,2023-05-11,20230511,CUS01033,12,EMP0181,Fawry,Completed,1254.0,640.0
ORD0005239,2023-05-11,20230511,CUS02694,7,EMP0130,InstaPay,Completed,170.0,80.0
ORD0003875,2023-05-11,20230511,CUS00777,12,EMP0176,Debit Card,Completed,160.0,70.0
ORD0006712,2023-05-11,20230511,CUS02602,12,EMP0174,Fawry,Completed,378.0,200.0
ORD0005618,2023-05-11,20230511,CUS00456,1,EMP0027,Debit Card,Completed,391.5,200.0
ORD0000864,2023-05-11,20230511,CUS00772,2,EMP0040,Fawry,Completed,17402.0,15260.0
ORD0004603,2023-05-12,20230512,CUS02722,6,,Credit Card,Completed,680.0,330.0
ORD0002789,2023-05-12,20230512,CUS02897,15,EMP0207,Cash,Completed,1437.0,790.0
ORD0008496,2023-05-12,20230512,CUS00208,5,EMP0096,  InstaPay  ,Completed,17861.5,18890.0
ORD0004749,2023-05-12,20230512,CUS00405,3,EMP0065,Vodafone Cash,Completed,440.0,200.0
ORD0007504,2023-05-12,20230512,CUS00065,3,EMP0078,Vodafone Cash,Completed,315.0,170.0
ORD0008869,2023-05-12,20230512,CUS02376,7,EMP0133,Credit Card,Returned,32213.0,26950.0
ORD0011246,2023-05-12,20230512,CUS01481,1,EMP0022,Debit Card,Completed,90.0,40.0
ORD0001703,2023-05-12,20230512,CUS02405,7,EMP0129,Vodafone Cash,Completed,80.0,40.0
ORD0004738,2023-05-12,20230512,CUS02640,2,EMP0048,Vodafone Cash,Completed,522.5,270.0
ORD0006631,2023-05-12,20230512,CUS00852,2,EMP0033,InstaPay,Completed,182.0,130.0
ORD0011937,2023-05-12,20230512,CUS01845,10,EMP0156,Debit Card,Completed,2282.5,1160.0
ORD0003077,2023-05-13,20230513,CUS00827,3,EMP0064,Debit Card,Returned,6689.0,5300.0
ORD0010911,2023-05-13,20230513,CUS02855,12,EMP0178,Credit Card,Cancelled,1793.0,940.0
ORD0010216,2023-05-13,20230513,CUS02881,4,EMP0082,Vodafone Cash,Completed,1133.0,630.0
ORD0006212,2023-05-13,20230513,CUS02319,14,EMP0202,Debit Card,Completed,1514.0,860.0
ORD0005822,2023-05-13,20230513,CUS00206,15,EMP0206,Debit Card,Completed,2210.0,2000.0
ORD0007891,2023-05-13,20230513,CUS01483,12,EMP0183,Credit Card,Completed,399.5,230.0
ORD0005048,2023-05-13,20230513,CUS02361,1,EMP0022,Vodafone Cash,Returned,567.0,300.0
ORD0007262,2023-05-13,20230513,CUS02577,8,EMP0139,Debit Card,Completed,179.0,110.0
ORD0003829,2023-05-13,20230513,CUS00026,8,EMP0137,Debit Card,Returned,1632.0,940.0
ORD0004457,2023-05-13,20230513,CUS00175,6,EMP0123,Vodafone Cash,Completed,2619.0,1320.0
ORD0009382,2023-05-13,20230513,CUS01276,6,EMP0115,Debit Card,Completed,1285.0,670.0
ORD0005001,2023-05-13,20230513,CUS02069,9,EMP0150,Vodafone Cash,Completed,5181.5,2620.0
ORD0002821,2023-05-13,20230513,CUS00318,12,EMP0174,Credit Card,Completed,642.5,330.0
ORD0010722,2023-05-14,20230514,CUS00238,10,EMP0154,InstaPay,Completed,810.0,450.0
ORD0008492,2023-05-14,20230514,CUS00752,3,,  Debit Card  ,Completed,190.0,90.0
ORD0007776,2023-05-14,20230514,CUS00327,1,EMP0015,  Cash  ,Completed,30300.0,24300.0
ORD0006382,2023-05-14,20230514,CUS01215,3,EMP0071,  Vodafone Cash  ,Cancelled,678.0,380.0
ORD0003424,2023-05-14,20230514,CUS01641,2,EMP0046,Vodafone Cash,Completed,13063.5,10730.0
ORD0000821,2023-05-14,20230514,CUS02289,3,EMP0077,  Cash  ,Completed,868.0,440.0
ORD0004531,2023-05-14,20230514,CUS02780,1,EMP0005,  Fawry  ,Completed,500.0,240.0
ORD0007847,2023-05-14,20230514,CUS02638,6,EMP0113,  Fawry  ,Completed,36701.0,32040.0
ORD0007614,2023-05-14,20230514,CUS01925,3,,Fawry,Completed,18137.0,16320.0
ORD0000037,2023-05-14,20230514,CUS01861,4,EMP0090,Credit Card,Completed,210.0,110.0
ORD0005837,2023-05-15,20230515,CUS01710,5,EMP0096,Cash,Completed,1372.5,660.0
ORD0000837,2023-05-15,20230515,CUS00511,14,EMP0198,Fawry,Completed,12200.0,10740.0
ORD0006934,2023-05-15,20230515,CUS02687,1,EMP0024,InstaPay,Completed,800.0,340.0
ORD0001024,2023-05-15,20230515,CUS01676,11,EMP0164,Debit Card,Completed,14782.0,13000.0
ORD0004096,2023-05-15,20230515,CUS01685,6,EMP0120,  Debit Card  ,Completed,1368.0,840.0
ORD0000694,2023-05-15,20230515,CUS01516,2,EMP0053,InstaPay,Completed,2281.5,1110.0
ORD0008135,2023-05-15,20230515,CUS00113,6,,InstaPay,Completed,639.0,350.0
ORD0009780,2023-05-16,20230516,CUS01059,5,EMP0095,Fawry,Completed,1542.0,780.0
ORD0007296,2023-05-16,20230516,CUS01443,15,EMP0213,Debit Card,Completed,1120.0,700.0
ORD0001624,2023-05-16,20230516,CUS00887,8,EMP0144,InstaPay,Cancelled,840.0,440.0
ORD0007054,2023-05-16,20230516,CUS00046,4,EMP0083,  Fawry  ,Completed,746.5,410.0
ORD0010873,2023-05-16,20230516,CUS00560,7,EMP0136,Vodafone Cash,Completed,760.0,350.0
ORD0010851,2023-05-16,20230516,CUS02642,2,EMP0041,Credit Card,Completed,270.0,130.0
ORD0001392,2023-05-16,20230516,CUS00592,5,EMP0100,Credit Card,Completed,540.0,270.0
ORD0006678,2023-05-16,20230516,CUS01603,1,EMP0012,Cash,Returned,1554.0,790.0
ORD0010989,2023-05-16,20230516,CUS01148,1,EMP0011,Cash,Cancelled,240.0,110.0
ORD0002388,2023-05-16,20230516,CUS01222,14,EMP0200,Debit Card,Completed,465.0,230.0
ORD0001706,2023-05-17,20230517,CUS00189,4,EMP0091,  Vodafone Cash  ,Completed,2265.0,1120.0
ORD0005737,2023-05-17,20230517,CUS01060,4,EMP0083,Vodafone Cash,Completed,3544.0,1810.0
ORD0001881,2023-05-17,20230517,CUS02803,2,EMP0030,  InstaPay  ,Completed,540.0,280.0
ORD0010114,2023-05-17,20230517,CUS00583,4,EMP0090,InstaPay,Cancelled,997.5,510.0
ORD0002096,2023-05-17,20230517,CUS02537,4,EMP0092,Credit Card,Completed,2805.0,1510.0
ORD0002510,2023-05-17,20230517,CUS01888,4,EMP0094,Vodafone Cash,Completed,26829.5,22530.0
ORD0009237,2023-05-17,20230517,CUS00785,10,EMP0156,InstaPay,Completed,1294.0,1050.0
ORD0011837,2023-05-17,20230517,CUS02182,4,EMP0080,Cash,Returned,720.0,360.0
ORD0009787,2023-05-17,20230517,CUS01145,1,EMP0023,Cash,Completed,886.0,440.0
ORD0008245,2023-05-18,20230518,CUS01971,2,EMP0052,InstaPay,Completed,210.0,120.0
ORD0005290,2023-05-18,20230518,CUS00335,5,EMP0098,Cash,Completed,565.0,330.0
ORD0010680,2023-05-18,20230518,CUS01837,3,EMP0070,Cash,Completed,1452.0,860.0
ORD0004505,2023-05-18,20230518,CUS02883,6,EMP0124,Cash,Completed,893.0,460.0
ORD0003849,2023-05-18,20230518,CUS00468,6,EMP0126,Fawry,Completed,1171.0,590.0
ORD0006450,2023-05-18,20230518,CUS02275,3,EMP0071,InstaPay,Completed,1982.0,1330.0
ORD0002411,2023-05-18,20230518,CUS02393,8,EMP0138,  Vodafone Cash  ,Completed,1337.0,680.0
ORD0005043,2023-05-18,20230518,CUS02523,1,EMP0008,Vodafone Cash,Completed,733.0,410.0
ORD0003763,2023-05-18,20230518,CUS02488,2,EMP0035,InstaPay,Completed,1224.0,680.0
ORD0003130,2023-05-18,20230518,CUS02824,3,EMP0071,  Debit Card  ,Completed,471.0,220.0
ORD0003743,2023-05-18,20230518,CUS01540,6,EMP0123,Debit Card,Completed,1107.0,560.0
ORD0000053,2023-05-18,20230518,CUS00939,3,EMP0066,  Credit Card  ,Returned,5767.5,4940.0
ORD0011864,2023-05-19,20230519,CUS02227,8,,Credit Card,Completed,950.0,500.0
ORD0002602,2023-05-19,20230519,CUS02334,3,EMP0071,Credit Card,Completed,422.5,210.0
ORD0007508,2023-05-19,20230519,CUS02856,5,,Credit Card,Completed,680.0,320.0
ORD0000289,2023-05-19,20230519,CUS01376,13,EMP0193,Cash,Completed,1604.0,860.0
ORD0008635,2023-05-19,20230519,CUS02319,3,EMP0065,Debit Card,Completed,924.0,450.0
ORD0011220,2023-05-19,20230519,CUS00079,5,EMP0097,Fawry,Cancelled,1923.0,1000.0
ORD0002049,2023-05-19,20230519,CUS02528,3,EMP0066,Credit Card,Returned,779.0,400.0
ORD0001304,2023-05-19,20230519,CUS02680,6,EMP0114,Vodafone Cash,Completed,1242.0,720.0
ORD0003988,2023-05-20,20230520,CUS01130,4,EMP0088,Vodafone Cash,Completed,6391.0,5320.0
ORD0008764,2023-05-20,20230520,CUS00230,2,EMP0045,Cash,Completed,180.0,80.0
ORD0002687,2023-05-20,20230520,CUS01789,5,EMP0110,Fawry,Completed,792.0,400.0
ORD0004802,2023-05-20,20230520,CUS01289,1,EMP0015,Vodafone Cash,Returned,579.5,300.0
ORD0000884,2023-05-20,20230520,CUS02276,2,EMP0037,Debit Card,Completed,442.0,250.0
ORD0011650,2023-05-20,20230520,CUS02349,5,EMP0101,Credit Card,Cancelled,279.0,150.0
ORD0010069,2023-05-20,20230520,CUS01164,13,EMP0187,InstaPay,Returned,28620.0,25400.0
ORD0008011,2023-05-20,20230520,CUS02424,5,EMP0106,Credit Card,Completed,1795.5,930.0
ORD0005828,2023-05-20,20230520,CUS01676,3,EMP0057,Fawry,Returned,12540.0,10600.0
ORD0011940,2023-05-20,20230520,CUS02209,10,EMP0159,Fawry,Completed,895.5,490.0
ORD0006093,2023-05-20,20230520,CUS02994,5,EMP0107,Vodafone Cash,Completed,11116.0,8810.0
ORD0005439,2023-05-20,20230520,CUS00829,7,EMP0132,Cash,Completed,142.5,70.0
ORD0005808,2023-05-21,20230521,CUS01903,10,EMP0153,Cash,Completed,450.0,200.0
ORD0007933,2023-05-21,20230521,CUS00355,2,EMP0036,Credit Card,Completed,1032.0,630.0
ORD0000262,2023-05-21,20230521,CUS01811,5,EMP0104,Debit Card,Completed,1898.0,990.0
ORD0004997,2023-05-21,20230521,CUS02174,2,EMP0046,  Fawry  ,Completed,15672.0,15640.0
ORD0011372,2023-05-21,20230521,CUS01086,8,EMP0137,Credit Card,Completed,108.0,60.0
ORD0006586,2023-05-21,20230521,CUS01658,11,EMP0170,Debit Card,Completed,876.5,530.0
ORD0005754,2023-05-21,20230521,CUS00339,2,EMP0041,Cash,Completed,31940.0,25470.0
ORD0006227,2023-05-21,20230521,CUS01289,4,EMP0086,Vodafone Cash,Completed,160.0,80.0
ORD0006531,2023-05-21,20230521,CUS02045,1,EMP0024,Credit Card,Completed,1813.5,900.0
ORD0009704,2023-05-21,20230521,CUS01259,9,EMP0145,  Fawry  ,Cancelled,913.0,480.0
ORD0011020,2023-05-21,20230521,CUS02404,2,EMP0043,Credit Card,Completed,456.0,210.0
ORD0010970,2023-05-22,20230522,CUS00049,5,EMP0099,Fawry,Returned,3200.0,2400.0
ORD0010399,2023-05-22,20230522,CUS00425,1,EMP0025,Cash,Completed,25752.0,20670.0
ORD0001473,2023-05-22,20230522,CUS00476,2,EMP0029,  Vodafone Cash  ,Cancelled,3855.5,1980.0
ORD0004098,2023-05-22,20230522,CUS00883,1,EMP0027,Fawry,Completed,620.0,300.0
ORD0003375,2023-05-22,20230522,CUS00416,2,EMP0054,Debit Card,Completed,1695.5,970.0
ORD0011079,2023-05-22,20230522,CUS00631,3,EMP0061,Fawry,Returned,963.5,570.0
ORD0004197,2023-05-22,20230522,CUS01451,1,EMP0010,Vodafone Cash,Completed,43289.0,40160.0
ORD0004392,2023-05-22,20230522,CUS00576,1,EMP0027,Fawry,Completed,11920.0,11900.0
ORD0006132,2023-05-23,20230523,CUS02282,10,EMP0152,Cash,Completed,1196.0,580.0
ORD0001935,2023-05-23,20230523,CUS01173,5,EMP0098,  Cash  ,Cancelled,120.0,60.0
ORD0009204,2023-05-23,20230523,CUS01149,10,EMP0157,Vodafone Cash,Completed,1799.5,910.0
ORD0001926,2023-05-23,20230523,CUS01471,2,EMP0035,  Cash  ,Cancelled,4176.0,3010.0
ORD0001719,2023-05-23,20230523,CUS02342,4,EMP0090,Debit Card,Completed,919.5,490.0
ORD0007285,2023-05-23,20230523,CUS01231,1,EMP0010,InstaPay,Cancelled,1575.5,820.0
ORD0005959,2023-05-23,20230523,CUS00123,6,EMP0126,Debit Card,Completed,391.0,220.0
ORD0008929,2023-05-23,20230523,CUS00594,4,EMP0094,Fawry,Completed,10060.0,10670.0
ORD0005772,2023-05-23,20230523,CUS02444,2,EMP0037,InstaPay,Completed,14745.0,15200.0
ORD0011573,2023-05-23,20230523,CUS02456,5,EMP0099,InstaPay,Returned,6336.0,5480.0
ORD0009905,2023-05-23,20230523,CUS01724,12,EMP0180,Credit Card,Returned,468.0,240.0
ORD0008812,2023-05-23,20230523,CUS00468,14,EMP0201,Cash,Completed,597.5,300.0
ORD0010230,2023-05-24,20230524,CUS00329,3,EMP0068,InstaPay,Completed,960.0,460.0
ORD0006026,2023-05-24,20230524,CUS02088,3,EMP0056,Debit Card,Completed,706.5,350.0
ORD0002310,2023-05-24,20230524,CUS00629,13,EMP0189,Vodafone Cash,Completed,1640.0,1370.0
ORD0010191,2023-05-24,20230524,CUS00183,11,EMP0166,  Credit Card  ,Completed,427.5,220.0
ORD0010644,2023-05-24,20230524,CUS00992,6,EMP0115,Debit Card,Returned,6147.0,4830.0
ORD0005532,2023-05-24,20230524,CUS02033,1,EMP0013,Debit Card,Completed,722.0,370.0
ORD0000715,2023-05-24,20230524,CUS01646,15,EMP0211,Vodafone Cash,Completed,2318.0,1200.0
ORD0000159,2023-05-25,20230525,CUS02421,11,EMP0164,Vodafone Cash,Completed,1927.5,1050.0
ORD0008337,2023-05-25,20230525,CUS01039,3,EMP0070,Cash,Cancelled,210.0,130.0
ORD0003124,2023-05-25,20230525,CUS00995,15,EMP0209,Cash,Completed,1566.0,810.0
ORD0008334,2023-05-25,20230525,CUS01655,9,EMP0146,Debit Card,Completed,44100.0,35400.0
ORD0009365,2023-05-25,20230525,CUS00570,6,EMP0117,  InstaPay  ,Completed,2268.0,1100.0
ORD0007853,2023-05-25,20230525,CUS02310,7,EMP0129,Cash,Completed,9324.5,8350.0
ORD0000033,2023-05-25,20230525,CUS02633,10,EMP0161,Debit Card,Completed,765.0,450.0
ORD0003338,2023-05-25,20230525,CUS01880,2,EMP0030,Fawry,Completed,64.0,40.0
ORD0005818,2023-05-25,20230525,CUS00620,3,EMP0077,Fawry,Completed,2772.0,1450.0
ORD0009404,2023-05-25,20230525,CUS00509,3,EMP0066,  Cash  ,Completed,135.0,70.0
ORD0008501,2023-05-25,20230525,CUS01102,3,EMP0059,Debit Card,Completed,243.0,130.0
ORD0002345,2023-05-25,20230525,CUS02921,14,EMP0200,  Fawry  ,Completed,1369.5,700.0
ORD0003804,2023-05-25,20230525,CUS02861,4,EMP0079,Credit Card,Completed,780.0,390.0
ORD0004480,2023-05-25,20230525,CUS01897,4,EMP0087,Fawry,Completed,2806.5,1570.0
ORD0009219,2023-05-25,20230525,CUS02318,1,EMP0015,Fawry,Returned,844.5,450.0
ORD0011908,2023-05-25,20230525,CUS00228,5,,Vodafone Cash,Completed,12983.0,10210.0
ORD0009595,2023-05-26,20230526,CUS01148,1,EMP0024,  Vodafone Cash  ,Completed,230.0,110.0
ORD0007919,2023-05-26,20230526,CUS02682,6,EMP0120,Cash,Completed,752.0,400.0
ORD0003195,2023-05-26,20230526,CUS00972,8,EMP0139,InstaPay,Completed,864.0,520.0
ORD0008815,2023-05-26,20230526,CUS00331,2,EMP0054,  Fawry  ,Completed,11979.5,11000.0
ORD0008887,2023-05-26,20230526,CUS00256,2,EMP0037,InstaPay,Completed,792.0,420.0
ORD0004671,2023-05-26,20230526,CUS02141,10,EMP0159,Credit Card,Completed,117.0,60.0
ORD0007021,2023-05-26,20230526,CUS00971,2,EMP0045,Fawry,Completed,1555.5,730.0
ORD0002831,2023-05-26,20230526,CUS01061,15,EMP0206,Cash,Completed,1370.0,920.0
ORD0010535,2023-05-26,20230526,CUS02254,4,EMP0079,InstaPay,Completed,2940.0,1550.0
ORD0010467,2023-05-26,20230526,CUS00952,5,EMP0108,Vodafone Cash,Completed,11220.5,9160.0
ORD0010820,2023-05-26,20230526,CUS00557,1,EMP0016,  Credit Card  ,Completed,1952.0,1080.0
ORD0007540,2023-05-26,20230526,CUS01174,5,EMP0097,Credit Card,Completed,880.0,410.0
ORD0011151,2023-05-27,20230527,CUS02227,7,EMP0135,Vodafone Cash,Completed,1500.0,730.0
ORD0005135,2023-05-27,20230527,CUS01763,8,EMP0139,Vodafone Cash,Completed,2489.0,1280.0
ORD0000965,2023-05-27,20230527,CUS00697,1,EMP0021,Debit Card,Completed,6564.5,5120.0
ORD0007539,2023-05-27,20230527,CUS02287,6,EMP0115,  Credit Card  ,Completed,396.0,200.0
ORD0010481,2023-05-27,20230527,CUS00362,8,EMP0138,Cash,Completed,1247.0,610.0
ORD0010907,2023-05-27,20230527,CUS02145,13,EMP0188,InstaPay,Completed,344.0,210.0
ORD0002734,2023-05-27,20230527,CUS01516,5,,Vodafone Cash,Completed,1241.0,630.0
ORD0004128,2023-05-27,20230527,CUS02116,3,EMP0063,InstaPay,Completed,803.0,430.0
ORD0001722,2023-05-27,20230527,CUS00997,1,EMP0005,InstaPay,Completed,357.0,200.0
ORD0006075,2023-05-27,20230527,CUS02435,3,EMP0077,Debit Card,Completed,408.0,210.0
ORD0001641,2023-05-27,20230527,CUS02240,14,EMP0200,  Cash  ,Completed,481.5,300.0
ORD0009064,2023-05-28,20230528,CUS02100,7,EMP0132,Credit Card,Completed,830.0,410.0
ORD0010590,2023-05-28,20230528,CUS01489,2,EMP0053,Fawry,Completed,623.0,430.0
ORD0004877,2023-05-28,20230528,CUS01583,7,EMP0130,Credit Card,Completed,1900.0,950.0
ORD0011379,2023-05-28,20230528,CUS02425,3,EMP0056,Vodafone Cash,Completed,421.0,240.0
ORD0008021,2023-05-28,20230528,CUS00979,8,EMP0140,Debit Card,Completed,280.0,170.0
ORD0011978,2023-05-28,20230528,CUS01239,2,EMP0033,InstaPay,Completed,603.0,330.0
ORD0011809,2023-05-28,20230528,CUS01659,7,EMP0129,  Fawry  ,Cancelled,8223.0,6020.0
ORD0006870,2023-05-28,20230528,CUS00731,2,EMP0039,Vodafone Cash,Completed,1251.5,650.0
ORD0010573,2023-05-28,20230528,CUS02449,14,EMP0202,  Vodafone Cash  ,Completed,585.0,310.0
ORD0011737,2023-05-28,20230528,CUS00116,1,EMP0012,Cash,Completed,1020.0,500.0
ORD0005025,2023-05-28,20230528,CUS02953,2,EMP0042,Debit Card,Completed,2040.0,1000.0
ORD0006402,2023-05-28,20230528,CUS01218,3,EMP0070,Fawry,Returned,1326.5,720.0
ORD0003977,2023-05-29,20230529,CUS01307,10,EMP0155,Credit Card,Completed,2336.0,1140.0
ORD0006550,2023-05-29,20230529,CUS01959,14,EMP0201,Cash,Completed,1868.0,980.0
ORD0004143,2023-05-29,20230529,CUS02400,10,,Debit Card,Completed,602.0,420.0
ORD0009103,2023-05-29,20230529,CUS00312,15,EMP0212,Cash,Completed,1807.0,980.0
ORD0000269,2023-05-29,20230529,CUS02669,7,EMP0127,  Credit Card  ,Completed,240.0,140.0
ORD0000407,2023-05-29,20230529,CUS02196,12,EMP0180,Cash,Completed,233.0,140.0
ORD0001263,2023-05-29,20230529,CUS01292,4,EMP0090,  Cash  ,Completed,480.0,230.0
ORD0006801,2023-05-29,20230529,CUS02300,10,,Fawry,Completed,10080.0,8900.0
ORD0005728,2023-05-29,20230529,CUS02046,2,EMP0047,Debit Card,Completed,1807.5,960.0
ORD0007729,2023-05-29,20230529,CUS01433,2,EMP0034,  Cash  ,Completed,1161.0,620.0
ORD0006650,2023-05-29,20230529,CUS02686,2,EMP0040,  Debit Card  ,Completed,650.0,320.0
ORD0008792,2023-05-29,20230529,CUS00811,1,EMP0023,Fawry,Completed,314.5,180.0
ORD0007972,2023-05-29,20230529,CUS02306,14,EMP0196,Debit Card,Completed,171.0,90.0
ORD0002570,2023-05-30,20230530,CUS01072,15,EMP0208,Credit Card,Completed,2964.0,1520.0
ORD0011876,2023-05-30,20230530,CUS00340,6,EMP0123,Fawry,Completed,25838.0,20100.0
ORD0010594,2023-05-30,20230530,CUS00830,12,EMP0176,Debit Card,Completed,326.5,170.0
ORD0000052,2023-05-30,20230530,CUS00890,5,EMP0108,Cash,Returned,2000.0,1600.0
ORD0006741,2023-05-30,20230530,CUS00981,1,EMP0023,InstaPay,Completed,672.0,360.0
ORD0010730,2023-05-30,20230530,CUS00349,2,EMP0034,InstaPay,Completed,1026.0,540.0
ORD0003086,2023-05-30,20230530,CUS00910,4,EMP0083,Credit Card,Completed,180.0,80.0
ORD0002874,2023-05-30,20230530,CUS02611,11,EMP0172,  Debit Card  ,Completed,13550.0,11970.0
ORD0002644,2023-05-30,20230530,CUS02351,3,EMP0060,Vodafone Cash,Completed,1009.5,530.0
ORD0005972,2023-05-30,20230530,CUS00550,6,EMP0123,  Debit Card  ,Completed,1064.5,550.0
ORD0001460,2023-05-30,20230530,CUS02199,5,EMP0106,  Fawry  ,Completed,610.0,300.0
ORD0004635,2023-05-30,20230530,CUS02663,7,EMP0129,Cash,Completed,117.0,60.0
ORD0006800,2023-05-30,20230530,CUS02481,13,EMP0193,Fawry,Returned,1394.0,890.0
ORD0002404,2023-05-30,20230530,CUS02577,2,EMP0037,Debit Card,Completed,690.0,340.0
ORD0004338,2023-05-30,20230530,CUS01718,3,EMP0055,InstaPay,Completed,1400.0,1000.0
ORD0000572,2023-05-30,20230530,CUS02352,5,EMP0097,Fawry,Completed,1410.0,670.0
ORD0006544,2023-05-30,20230530,CUS00194,4,EMP0080,  Fawry  ,Completed,255.0,140.0
ORD0006994,2023-05-31,20230531,CUS02895,11,EMP0172,Cash,Completed,380.0,180.0
ORD0003172,2023-05-31,20230531,CUS01505,7,EMP0134,Cash,Completed,1203.5,720.0
ORD0002501,2023-05-31,20230531,CUS01537,5,EMP0112,  Credit Card  ,Completed,95.0,40.0
ORD0001176,2023-05-31,20230531,CUS02191,15,EMP0215,Debit Card,Completed,1890.0,920.0
ORD0011919,2023-06-01,20230601,CUS02928,9,EMP0146,Credit Card,Completed,6268.0,5590.0
ORD0003342,2023-06-01,20230601,CUS02433,7,EMP0134,Credit Card,Completed,13930.0,10960.0
ORD0001221,2023-06-01,20230601,CUS00958,3,EMP0059,  InstaPay  ,Completed,2538.0,1380.0
ORD0008138,2023-06-01,20230601,CUS01404,13,EMP0187,Credit Card,Completed,200.0,100.0
ORD0011190,2023-06-01,20230601,CUS01220,7,EMP0135,  Vodafone Cash  ,Completed,1900.0,910.0
ORD0006889,2023-06-01,20230601,CUS02531,2,EMP0031,  Vodafone Cash  ,Completed,172.5,110.0
ORD0007154,2023-06-01,20230601,CUS01332,1,EMP0015,Debit Card,Completed,16174.0,14740.0
ORD0010688,2023-06-01,20230601,CUS01832,15,EMP0215,  Vodafone Cash  ,Completed,705.0,360.0
ORD0005785,2023-06-01,20230601,CUS02869,6,EMP0121,InstaPay,Completed,425.0,240.0
ORD0007950,2023-06-02,20230602,CUS01646,15,EMP0216,Vodafone Cash,Completed,1164.0,720.0
ORD0003026,2023-06-02,20230602,CUS00443,2,EMP0040,Fawry,Completed,15585.0,12290.0
ORD0007876,2023-06-02,20230602,CUS00706,3,,InstaPay,Completed,468.0,250.0
ORD0007681,2023-06-02,20230602,CUS02831,5,EMP0098,Debit Card,Completed,1064.0,560.0
ORD0005462,2023-06-02,20230602,CUS01601,13,EMP0185,Vodafone Cash,Completed,361.5,200.0
ORD0010809,2023-06-02,20230602,CUS02613,3,EMP0061,Fawry,Completed,423.0,230.0
ORD0001426,2023-06-02,20230602,CUS01267,4,EMP0090,InstaPay,Completed,16907.0,13480.0
ORD0004175,2023-06-02,20230602,CUS00656,1,EMP0020,  Credit Card  ,Returned,750.0,380.0
ORD0008001,2023-06-02,20230602,CUS00551,5,EMP0109,  InstaPay  ,Completed,30000.0,24000.0
ORD0011587,2023-06-02,20230602,CUS02236,15,EMP0214,Cash,Completed,490.0,240.0
ORD0004195,2023-06-02,20230602,CUS01927,11,EMP0172,Vodafone Cash,Completed,1767.0,900.0
ORD0005709,2023-06-02,20230602,CUS01411,1,EMP0009,InstaPay,Completed,1330.0,740.0
ORD0011745,2023-06-03,20230603,CUS00369,1,EMP0004,  Fawry  ,Completed,2385.0,1280.0
ORD0001183,2023-06-03,20230603,CUS00377,8,EMP0144,Credit Card,Completed,939.0,470.0
ORD0003427,2023-06-03,20230603,CUS01414,14,EMP0199,Vodafone Cash,Completed,152.0,70.0
ORD0008905,2023-06-03,20230603,CUS00012,8,EMP0140,Credit Card,Completed,742.0,360.0
ORD0008546,2023-06-03,20230603,CUS02419,4,EMP0080,  Fawry  ,Completed,642.0,340.0
ORD0007741,2023-06-03,20230603,CUS00259,2,EMP0036,Fawry,Completed,1260.0,660.0
ORD0005565,2023-06-03,20230603,CUS01191,5,EMP0111,Debit Card,Completed,600.0,500.0
ORD0008139,2023-06-03,20230603,CUS02535,8,EMP0140,Vodafone Cash,Completed,3760.0,2960.0
ORD0009298,2023-06-03,20230603,CUS02261,6,EMP0125,  Fawry  ,Completed,135.0,70.0
ORD0009132,2023-06-04,20230604,CUS02324,3,EMP0075,InstaPay,Completed,1620.0,800.0
ORD0006584,2023-06-04,20230604,CUS02465,1,EMP0017,Debit Card,Completed,513.0,240.0
ORD0009993,2023-06-04,20230604,CUS02755,1,EMP0014,  Credit Card  ,Completed,1860.0,930.0
ORD0002974,2023-06-04,20230604,CUS02919,12,EMP0174,Fawry,Completed,199.5,100.0
ORD0000977,2023-06-04,20230604,CUS01589,3,EMP0066,Fawry,Completed,31088.0,24450.0
ORD0005830,2023-06-05,20230605,CUS01674,2,EMP0035,Fawry,Returned,2528.0,1390.0
ORD0001320,2023-06-05,20230605,CUS01383,5,EMP0098,Credit Card,Completed,370.0,180.0
ORD0000293,2023-06-05,20230605,CUS00640,4,EMP0090,Vodafone Cash,Completed,821.0,430.0
ORD0004248,2023-06-05,20230605,CUS01941,12,EMP0175,InstaPay,Returned,2232.0,1080.0
ORD0008234,2023-06-05,20230605,CUS01201,7,EMP0136,InstaPay,Returned,2976.0,1930.0
ORD0010460,2023-06-05,20230605,CUS02584,3,EMP0075,Fawry,Completed,29280.0,29400.0
ORD0005522,2023-06-05,20230605,CUS00549,4,EMP0089,  Vodafone Cash  ,Completed,4893.0,2650.0
ORD0000770,2023-06-05,20230605,CUS02833,1,EMP0001,Debit Card,Completed,2536.0,1440.0
ORD0003149,2023-06-06,20230606,CUS00347,7,EMP0133,Vodafone Cash,Completed,8623.5,7700.0
ORD0001787,2023-06-06,20230606,CUS01962,12,EMP0176,Credit Card,Completed,133.0,60.0
ORD0005930,2023-06-06,20230606,CUS01940,15,EMP0207,Debit Card,Completed,396.0,200.0
ORD0007885,2023-06-06,20230606,CUS00180,5,EMP0102,  InstaPay  ,Completed,25397.0,19820.0
ORD0000917,2023-06-06,20230606,CUS01028,9,EMP0148,Debit Card,Completed,640.0,320.0
ORD0007727,2023-06-06,20230606,CUS01559,3,EMP0066,InstaPay,Completed,2422.5,1260.0
ORD0011301,2023-06-06,20230606,CUS02209,2,EMP0035,Vodafone Cash,Completed,1120.0,570.0
ORD0009252,2023-06-06,20230606,CUS02382,10,EMP0159,Credit Card,Completed,320.0,150.0
ORD0007229,2023-06-06,20230606,CUS00617,2,EMP0047,  Debit Card  ,Completed,199.5,100.0
ORD0011038,2023-06-06,20230606,CUS02637,4,EMP0083,Credit Card,Completed,11186.0,10460.0
ORD0006743,2023-06-06,20230606,CUS00380,12,EMP0181,InstaPay,Completed,630.0,310.0
ORD0004423,2023-06-07,20230607,CUS01991,4,EMP0088,InstaPay,Returned,228.0,110.0
ORD0010060,2023-06-07,20230607,CUS00457,3,EMP0065,Vodafone Cash,Returned,150.0,70.0
ORD0003627,2023-06-07,20230607,CUS02974,11,EMP0173,Vodafone Cash,Completed,741.0,390.0
ORD0008939,2023-06-07,20230607,CUS00026,1,EMP0001,InstaPay,Completed,1140.0,600.0
ORD0008029,2023-06-07,20230607,CUS02242,11,EMP0169,Debit Card,Returned,1386.0,690.0
ORD0001505,2023-06-08,20230608,CUS02728,5,EMP0104,Cash,Completed,414.0,200.0
ORD0009998,2023-06-08,20230608,CUS02526,12,EMP0184,InstaPay,Completed,2360.0,1340.0
ORD0005844,2023-06-08,20230608,CUS00168,12,EMP0181,  InstaPay  ,Completed,3616.0,1880.0
ORD0004567,2023-06-08,20230608,CUS00338,13,EMP0188,Debit Card,Completed,272.0,140.0
ORD0007730,2023-06-08,20230608,CUS00594,7,EMP0134,Cash,Completed,228.0,120.0
ORD0011435,2023-06-08,20230608,CUS01867,13,EMP0185,Debit Card,Completed,194.0,100.0
ORD0006114,2023-06-08,20230608,CUS02259,4,EMP0082,InstaPay,Completed,418.0,220.0
ORD0009855,2023-06-08,20230608,CUS00671,3,EMP0055,Debit Card,Completed,1507.5,970.0
ORD0010579,2023-06-08,20230608,CUS00762,14,EMP0203,Cash,Completed,1073.5,560.0
ORD0004646,2023-06-08,20230608,CUS01174,8,EMP0142,Credit Card,Completed,29405.0,23950.0
ORD0000132,2023-06-08,20230608,CUS00055,11,EMP0164,Fawry,Completed,260.0,130.0
ORD0010745,2023-06-08,20230608,CUS01199,1,EMP0024,Fawry,Completed,2434.0,1230.0
ORD0011241,2023-06-08,20230608,CUS01996,11,EMP0173,Cash,Completed,4690.0,4090.0
ORD0000874,2023-06-08,20230608,CUS00473,11,EMP0169,Cash,Completed,2401.0,1180.0
ORD0004778,2023-06-09,20230609,CUS02991,11,EMP0172,  InstaPay  ,Cancelled,1078.0,760.0
ORD0011801,2023-06-09,20230609,CUS00574,14,EMP0200,  Vodafone Cash  ,Completed,1236.0,630.0
ORD0004019,2023-06-09,20230609,CUS01755,3,EMP0070,Vodafone Cash,Completed,2148.0,1240.0
ORD0008556,2023-06-09,20230609,CUS02211,6,EMP0118,  InstaPay  ,Returned,512.0,300.0
ORD0001324,2023-06-09,20230609,CUS02216,5,EMP0101,Fawry,Completed,13174.0,10440.0
ORD0002139,2023-06-09,20230609,CUS01535,8,,Debit Card,Completed,356.0,160.0
ORD0011276,2023-06-09,20230609,CUS00477,2,EMP0047,Debit Card,Completed,3215.0,2440.0
ORD0011998,2023-06-09,20230609,CUS01846,1,EMP0007,Fawry,Completed,298.0,150.0
ORD0011413,2023-06-09,20230609,CUS00486,6,EMP0118,Cash,Completed,4622.5,3130.0
ORD0006512,2023-06-09,20230609,CUS00227,5,EMP0108,Credit Card,Completed,360.0,160.0
ORD0004746,2023-06-09,20230609,CUS02653,6,EMP0125,Debit Card,Completed,12272.0,10360.0
ORD0005285,2023-06-09,20230609,CUS02836,6,EMP0123,Cash,Completed,414.0,220.0
ORD0005386,2023-06-10,20230610,CUS02039,5,EMP0104,Credit Card,Completed,3370.0,1760.0
ORD0002308,2023-06-10,20230610,CUS01100,4,EMP0088,  InstaPay  ,Completed,200.0,90.0
ORD0011209,2023-06-10,20230610,CUS02590,13,EMP0186,Fawry,Completed,668.0,380.0
ORD0005259,2023-06-10,20230610,CUS02432,6,EMP0117,Vodafone Cash,Completed,2714.0,1470.0
ORD0008106,2023-06-10,20230610,CUS01257,1,EMP0014,Vodafone Cash,Completed,720.0,400.0
ORD0007655,2023-06-10,20230610,CUS01695,3,EMP0066,Debit Card,Completed,272.0,160.0
ORD0000807,2023-06-10,20230610,CUS00133,4,EMP0079,Credit Card,Completed,686.0,340.0
ORD0008114,2023-06-10,20230610,CUS01879,4,EMP0086,Fawry,Completed,860.0,420.0
ORD0002748,2023-06-10,20230610,CUS02602,15,EMP0211,Debit Card,Completed,540.0,250.0
ORD0011558,2023-06-10,20230610,CUS00172,5,EMP0095,  Fawry  ,Completed,270.0,140.0
ORD0011803,2023-06-10,20230610,CUS01678,14,EMP0194,Cash,Completed,560.0,280.0
ORD0004519,2023-06-11,20230611,CUS02988,10,EMP0162,Fawry,Returned,1271.5,590.0
ORD0003320,2023-06-11,20230611,CUS01171,1,EMP0010,  Cash  ,Completed,1980.0,990.0
ORD0001745,2023-06-11,20230611,CUS01613,2,EMP0051,InstaPay,Returned,142.5,70.0
ORD0007278,2023-06-11,20230611,CUS02971,11,,Cash,Completed,17036.5,15520.0
ORD0005110,2023-06-11,20230611,CUS00550,10,EMP0152,  Debit Card  ,Completed,248.0,150.0
ORD0006134,2023-06-11,20230611,CUS01280,3,EMP0065,Credit Card,Completed,476.0,230.0
ORD0010318,2023-06-11,20230611,CUS01964,5,EMP0112,Debit Card,Completed,1202.0,600.0
ORD0004377,2023-06-11,20230611,CUS00846,5,EMP0106,Cash,Completed,1011.5,510.0
ORD0001396,2023-06-11,20230611,CUS00948,12,EMP0178,Fawry,Completed,2010.0,1030.0
ORD0003655,2023-06-11,20230611,CUS02366,2,EMP0044,  Debit Card  ,Completed,37471.5,30820.0
ORD0003633,2023-06-12,20230612,CUS00701,7,EMP0133,InstaPay,Completed,905.0,450.0
ORD0006145,2023-06-12,20230612,CUS02495,9,EMP0149,Cash,Completed,16055.0,13500.0
ORD0002886,2023-06-12,20230612,CUS02237,5,EMP0109,Vodafone Cash,Completed,1335.0,710.0
ORD0007991,2023-06-12,20230612,CUS02953,7,EMP0131,Vodafone Cash,Completed,765.0,380.0
ORD0000734,2023-06-12,20230612,CUS02133,5,EMP0112,Vodafone Cash,Completed,342.0,160.0
ORD0010201,2023-06-12,20230612,CUS00369,1,EMP0015,Fawry,Completed,459.0,250.0
ORD0004637,2023-06-12,20230612,CUS02009,3,EMP0063,Debit Card,Completed,720.0,360.0
ORD0001549,2023-06-12,20230612,CUS01908,7,EMP0135,  Cash  ,Completed,1161.0,620.0
ORD0003289,2023-06-12,20230612,CUS01965,14,EMP0194,Cash,Completed,577.0,330.0
ORD0005706,2023-06-12,20230612,CUS01855,5,EMP0111,  Debit Card  ,Returned,1080.0,1000.0
ORD0011788,2023-06-12,20230612,CUS02897,5,EMP0110,Credit Card,Completed,816.0,440.0
ORD0001596,2023-06-13,20230613,CUS01287,7,EMP0133,Debit Card,Cancelled,600.0,270.0
ORD0001414,2023-06-13,20230613,CUS02199,7,EMP0136,InstaPay,Completed,2223.0,1200.0
ORD0002090,2023-06-13,20230613,CUS00949,1,EMP0022,Fawry,Completed,5010.0,4200.0
ORD0005475,2023-06-13,20230613,CUS00276,12,EMP0175,Fawry,Completed,590.0,290.0
ORD0006843,2023-06-13,20230613,CUS00026,3,EMP0071,  Cash  ,Completed,662.0,340.0
ORD0000825,2023-06-13,20230613,CUS00887,2,,Cash,Completed,924.0,640.0
ORD0008286,2023-06-13,20230613,CUS02291,2,EMP0038,Cash,Completed,142.5,70.0
ORD0008884,2023-06-13,20230613,CUS00059,1,EMP0007,Vodafone Cash,Completed,13370.0,11860.0
ORD0001822,2023-06-13,20230613,CUS01487,3,EMP0071,Fawry,Completed,961.5,510.0
ORD0002475,2023-06-13,20230613,CUS02499,1,EMP0027,Debit Card,Completed,780.0,360.0
ORD0010531,2023-06-13,20230613,CUS00405,13,EMP0193,  Debit Card  ,Completed,543.0,280.0
ORD0008320,2023-06-14,20230614,CUS00075,14,EMP0200,Cash,Completed,1668.0,970.0
ORD0005687,2023-06-14,20230614,CUS01162,3,EMP0057,InstaPay,Returned,1153.0,590.0
ORD0006052,2023-06-14,20230614,CUS02615,5,EMP0112,InstaPay,Completed,279.0,150.0
ORD0007861,2023-06-14,20230614,CUS02562,14,EMP0199,Vodafone Cash,Cancelled,1850.0,960.0
ORD0002946,2023-06-14,20230614,CUS00178,3,EMP0066,InstaPay,Completed,616.0,310.0
ORD0004001,2023-06-14,20230614,CUS00106,1,EMP0016,InstaPay,Completed,520.0,250.0
ORD0010327,2023-06-14,20230614,CUS00527,5,EMP0109,InstaPay,Completed,1312.0,710.0
ORD0010814,2023-06-14,20230614,CUS01440,2,EMP0037,  Vodafone Cash  ,Completed,1104.0,530.0
ORD0011305,2023-06-15,20230615,CUS00278,5,EMP0103,Cash,Completed,19704.0,16380.0
ORD0011230,2023-06-15,20230615,CUS01355,1,EMP0021,Cash,Cancelled,1132.0,600.0
ORD0007736,2023-06-15,20230615,CUS02844,2,EMP0030,InstaPay,Completed,902.0,460.0
ORD0004529,2023-06-15,20230615,CUS01810,7,EMP0130,Cash,Completed,432.0,240.0
ORD0008301,2023-06-15,20230615,CUS01280,4,EMP0084,Vodafone Cash,Completed,441.0,300.0
ORD0011791,2023-06-15,20230615,CUS02514,4,EMP0079,Vodafone Cash,Completed,20615.0,16280.0
ORD0011984,2023-06-15,20230615,CUS01376,3,EMP0056,  Debit Card  ,Completed,1363.0,730.0
ORD0008408,2023-06-15,20230615,CUS00547,6,EMP0125,Vodafone Cash,Completed,43985.0,34980.0
ORD0002382,2023-06-15,20230615,CUS02273,5,EMP0111,Fawry,Completed,940.0,490.0
ORD0004885,2023-06-15,20230615,CUS00968,1,EMP0027,  Fawry  ,Returned,5945.0,5480.0
ORD0010879,2023-06-15,20230615,CUS01490,7,EMP0129,Credit Card,Cancelled,855.0,450.0
ORD0002107,2023-06-15,20230615,CUS01011,3,EMP0062,Cash,Cancelled,248.0,150.0
ORD0002948,2023-06-15,20230615,CUS00065,1,EMP0025,InstaPay,Completed,2563.0,1980.0
ORD0010075,2023-06-16,20230616,CUS01464,14,EMP0203,Credit Card,Completed,15132.5,12930.0
ORD0006267,2023-06-16,20230616,CUS00294,3,EMP0070,  Credit Card  ,Completed,1195.5,640.0
ORD0002710,2023-06-16,20230616,CUS00174,13,EMP0192,Cash,Completed,570.0,280.0
ORD0009811,2023-06-16,20230616,CUS00408,3,EMP0055,Fawry,Completed,2902.0,1930.0
ORD0006841,2023-06-16,20230616,CUS01309,12,EMP0181,Vodafone Cash,Completed,936.0,550.0
ORD0006030,2023-06-16,20230616,CUS02635,4,EMP0080,Debit Card,Completed,1089.0,570.0
ORD0001651,2023-06-16,20230616,CUS00216,1,EMP0003,Credit Card,Completed,1543.0,840.0
ORD0008219,2023-06-16,20230616,CUS02650,4,EMP0079,Fawry,Completed,399.0,210.0
ORD0003599,2023-06-16,20230616,CUS00579,13,EMP0189,InstaPay,Completed,1170.0,610.0
ORD0004035,2023-06-16,20230616,CUS02617,4,EMP0084,Credit Card,Completed,836.0,440.0
ORD0007613,2023-06-16,20230616,CUS00759,2,EMP0044,Vodafone Cash,Completed,85.5,40.0
ORD0009904,2023-06-17,20230617,CUS02927,12,EMP0177,Cash,Completed,2736.0,1330.0
ORD0003852,2023-06-17,20230617,CUS01977,14,EMP0194,Vodafone Cash,Completed,335.5,180.0
ORD0011303,2023-06-17,20230617,CUS02609,1,EMP0006,Cash,Cancelled,247.0,120.0
ORD0006890,2023-06-17,20230617,CUS02256,3,EMP0076,Vodafone Cash,Completed,383.0,210.0
ORD0002357,2023-06-17,20230617,CUS00995,2,EMP0034,Fawry,Completed,1705.0,1000.0
ORD0001742,2023-06-17,20230617,CUS00317,1,EMP0012,Vodafone Cash,Completed,11589.0,9910.0
ORD0011156,2023-06-17,20230617,CUS00677,11,EMP0166,Fawry,Completed,1290.0,630.0
ORD0003094,2023-06-17,20230617,CUS01851,6,EMP0121,  Fawry  ,Completed,414.0,220.0
ORD0008209,2023-06-17,20230617,CUS02908,1,,InstaPay,Completed,1030.0,490.0
ORD0009449,2023-06-17,20230617,CUS00647,8,EMP0140,Fawry,Completed,332.5,170.0
ORD0004306,2023-06-17,20230617,CUS01848,13,EMP0185,Vodafone Cash,Cancelled,357.0,210.0
ORD0007770,2023-06-18,20230618,CUS01481,6,EMP0122,  Fawry  ,Completed,846.0,470.0
ORD0004399,2023-06-18,20230618,CUS02563,8,EMP0141,Fawry,Returned,1872.0,1010.0
ORD0000652,2023-06-18,20230618,CUS01819,4,EMP0091,Vodafone Cash,Completed,240.0,140.0
ORD0002028,2023-06-18,20230618,CUS01208,1,EMP0021,InstaPay,Completed,256.0,160.0
ORD0000763,2023-06-18,20230618,CUS00334,5,EMP0109,Cash,Completed,720.0,350.0
ORD0010799,2023-06-18,20230618,CUS02636,13,EMP0193,  Credit Card  ,Completed,152.0,70.0
ORD0005264,2023-06-18,20230618,CUS01524,1,EMP0018,  Vodafone Cash  ,Completed,348.0,170.0
ORD0001680,2023-06-18,20230618,CUS02693,7,EMP0129,Cash,Completed,195.5,110.0
ORD0007343,2023-06-18,20230618,CUS01681,2,EMP0041,Cash,Completed,11590.0,9800.0
ORD0000703,2023-06-18,20230618,CUS02238,3,EMP0076,InstaPay,Completed,1397.0,700.0
ORD0011359,2023-06-19,20230619,CUS02805,12,EMP0175,Debit Card,Completed,798.0,420.0
ORD0001963,2023-06-19,20230619,CUS02910,3,EMP0072,Cash,Completed,5440.0,4220.0
ORD0000690,2023-06-19,20230619,CUS02575,1,EMP0009,InstaPay,Completed,1900.5,1160.0
ORD0002196,2023-06-19,20230619,CUS01641,11,EMP0170,Fawry,Completed,432.0,250.0
ORD0009851,2023-06-19,20230619,CUS02524,2,EMP0038,Cash,Cancelled,1154.0,750.0
ORD0007953,2023-06-19,20230619,CUS01190,2,EMP0045,InstaPay,Completed,85.0,40.0
ORD0001552,2023-06-19,20230619,CUS01535,1,EMP0025,Vodafone Cash,Completed,874.0,460.0
ORD0011924,2023-06-19,20230619,CUS01120,5,EMP0101,  Fawry  ,Completed,1411.5,750.0
ORD0008811,2023-06-19,20230619,CUS01083,14,EMP0201,Fawry,Completed,1315.0,670.0
ORD0011661,2023-06-19,20230619,CUS00956,12,EMP0181,Vodafone Cash,Completed,7402.5,5640.0
ORD0006756,2023-06-19,20230619,CUS02747,3,EMP0073,Vodafone Cash,Completed,327.5,180.0
ORD0009391,2023-06-19,20230619,CUS02216,8,EMP0144,  Vodafone Cash  ,Completed,384.0,220.0
ORD0003415,2023-06-19,20230619,CUS00880,2,EMP0031,Vodafone Cash,Completed,2372.0,1240.0
ORD0000105,2023-06-20,20230620,CUS01648,2,EMP0029,InstaPay,Completed,228.0,110.0
ORD0001518,2023-06-20,20230620,CUS02650,13,EMP0191,InstaPay,Completed,480.0,220.0
ORD0002919,2023-06-20,20230620,CUS00326,3,EMP0062,Debit Card,Completed,16616.0,15420.0
ORD0001363,2023-06-20,20230620,CUS02744,10,EMP0154,  Cash  ,Completed,1452.0,720.0
ORD0009831,2023-06-20,20230620,CUS00011,3,EMP0077,Credit Card,Completed,594.0,320.0
ORD0010206,2023-06-20,20230620,CUS00669,13,EMP0189,Debit Card,Completed,683.0,460.0
ORD0010760,2023-06-20,20230620,CUS00263,4,EMP0089,  Vodafone Cash  ,Returned,1528.0,790.0
ORD0011016,2023-06-20,20230620,CUS01364,2,EMP0047,Credit Card,Completed,440.0,200.0
ORD0001117,2023-06-20,20230620,CUS01161,13,EMP0188,  Vodafone Cash  ,Completed,1080.0,590.0
ORD0005134,2023-06-20,20230620,CUS02972,3,EMP0070,Cash,Completed,430.0,210.0
ORD0001380,2023-06-20,20230620,CUS01392,5,EMP0107,  Vodafone Cash  ,Completed,130.0,60.0
ORD0004640,2023-06-21,20230621,CUS01517,1,EMP0005,Cash,Completed,20543.5,16380.0
ORD0003264,2023-06-21,20230621,CUS00525,15,EMP0204,Fawry,Completed,2500.0,1260.0
ORD0002140,2023-06-21,20230621,CUS02785,14,EMP0199,Cash,Completed,939.0,480.0
ORD0000982,2023-06-21,20230621,CUS00373,11,EMP0172,Cash,Completed,117.0,60.0
ORD0000076,2023-06-21,20230621,CUS02046,12,EMP0180,Credit Card,Completed,820.0,390.0
ORD0006025,2023-06-21,20230621,CUS00634,5,EMP0100,Fawry,Completed,230.0,110.0
ORD0001297,2023-06-21,20230621,CUS00340,2,EMP0036,Cash,Completed,1600.0,800.0
ORD0001026,2023-06-21,20230621,CUS00890,11,EMP0172,Vodafone Cash,Completed,2101.5,1490.0
ORD0009690,2023-06-21,20230621,CUS00461,4,EMP0082,Credit Card,Completed,480.0,280.0
ORD0005163,2023-06-21,20230621,CUS00445,4,EMP0093,Fawry,Completed,153.0,80.0
ORD0009701,2023-06-21,20230621,CUS01044,5,,Debit Card,Completed,7010.0,5250.0
ORD0004405,2023-06-21,20230621,CUS01752,3,EMP0078,Cash,Completed,867.5,740.0
ORD0006124,2023-06-21,20230621,CUS01988,13,EMP0188,Debit Card,Completed,679.5,390.0
ORD0006833,2023-06-21,20230621,CUS01420,2,EMP0052,Fawry,Completed,667.5,350.0
ORD0003844,2023-06-21,20230621,CUS01705,1,EMP0025,Vodafone Cash,Completed,9090.0,8100.0
ORD0003259,2023-06-22,20230622,CUS01720,11,EMP0167,Vodafone Cash,Completed,720.0,360.0
ORD0000179,2023-06-22,20230622,CUS01228,11,EMP0169,Vodafone Cash,Completed,342.0,170.0
ORD0011229,2023-06-22,20230622,CUS01234,1,EMP0019,Cash,Completed,90.0,40.0
ORD0004759,2023-06-22,20230622,CUS02501,13,EMP0190,  InstaPay  ,Completed,801.0,420.0
ORD0008554,2023-06-22,20230622,CUS01965,8,EMP0137,Credit Card,Completed,840.0,400.0
ORD0011905,2023-06-22,20230622,CUS02035,9,EMP0148,Debit Card,Completed,673.5,340.0
ORD0000312,2023-06-22,20230622,CUS01860,7,,Debit Card,Completed,3272.0,1720.0
ORD0009646,2023-06-22,20230622,CUS01128,4,EMP0089,  Fawry  ,Completed,1647.0,890.0
ORD0003465,2023-06-22,20230622,CUS00446,11,EMP0169,Fawry,Completed,2400.0,1170.0
ORD0004841,2023-06-22,20230622,CUS00496,6,EMP0114,Debit Card,Completed,314.5,180.0
ORD0007732,2023-06-22,20230622,CUS00802,12,EMP0182,Fawry,Completed,1530.0,750.0
ORD0009001,2023-06-22,20230622,CUS02422,7,EMP0131,Fawry,Completed,931.0,470.0
ORD0003471,2023-06-22,20230622,CUS01337,7,EMP0127,InstaPay,Returned,972.5,500.0
ORD0006256,2023-06-22,20230622,CUS00131,3,EMP0061,Fawry,Completed,330.0,160.0
ORD0011479,2023-06-22,20230622,CUS02601,2,EMP0034,Vodafone Cash,Cancelled,450.0,210.0
ORD0000747,2023-06-22,20230622,CUS01693,7,EMP0132,InstaPay,Completed,4302.0,2520.0
ORD0009442,2023-06-22,20230622,CUS01300,6,EMP0119,Debit Card,Completed,551.0,290.0
ORD0000396,2023-06-22,20230622,CUS02526,15,EMP0210,Vodafone Cash,Completed,39794.0,35460.0
ORD0009238,2023-06-22,20230622,CUS00106,13,EMP0189,Credit Card,Completed,150.0,70.0
ORD0005169,2023-06-22,20230622,CUS00644,4,EMP0090,  InstaPay  ,Returned,230.0,110.0
ORD0006367,2023-06-23,20230623,CUS00669,5,EMP0097,InstaPay,Completed,360.0,180.0
ORD0009340,2023-06-23,20230623,CUS00861,2,EMP0049,Fawry,Completed,4206.0,2160.0
ORD0005242,2023-06-23,20230623,CUS02968,8,EMP0142,Debit Card,Completed,1322.0,660.0
ORD0007200,2023-06-23,20230623,CUS02891,2,,Credit Card,Completed,1064.0,550.0
ORD0002998,2023-06-23,20230623,CUS01250,10,EMP0152,Fawry,Completed,133.0,70.0
ORD0009500,2023-06-23,20230623,CUS00344,11,EMP0169,InstaPay,Completed,300.0,140.0
ORD0008952,2023-06-23,20230623,CUS01266,1,EMP0022,  Fawry  ,Completed,200.0,80.0
ORD0000962,2023-06-23,20230623,CUS01632,4,EMP0079,Debit Card,Completed,25760.0,20670.0
ORD0009002,2023-06-23,20230623,CUS02746,1,,  InstaPay  ,Completed,240.0,120.0
ORD0011953,2023-06-24,20230624,CUS01635,10,EMP0156,Cash,Completed,493.0,280.0
ORD0010187,2023-06-24,20230624,CUS00161,2,EMP0052,Vodafone Cash,Completed,90.0,60.0
ORD0008249,2023-06-24,20230624,CUS00099,3,EMP0067,Credit Card,Completed,1300.0,640.0
ORD0000029,2023-06-24,20230624,CUS02987,7,EMP0128,Vodafone Cash,Returned,180.0,80.0
ORD0005530,2023-06-24,20230624,CUS01960,7,EMP0130,Cash,Completed,456.0,240.0
ORD0007840,2023-06-24,20230624,CUS02736,4,,Vodafone Cash,Completed,838.5,420.0
ORD0009816,2023-06-24,20230624,CUS00145,1,EMP0010,Cash,Completed,1345.5,740.0
ORD0002202,2023-06-24,20230624,CUS02640,15,EMP0216,Cash,Completed,622.5,410.0
ORD0006809,2023-06-24,20230624,CUS01354,15,EMP0212,Cash,Completed,9237.0,7540.0
ORD0006401,2023-06-25,20230625,CUS01907,8,EMP0142,Fawry,Completed,7100.0,6010.0
ORD0009343,2023-06-25,20230625,CUS02704,3,EMP0073,  Debit Card  ,Completed,360.0,170.0
ORD0002794,2023-06-25,20230625,CUS00519,13,EMP0193,  Debit Card  ,Completed,140.0,70.0
ORD0007627,2023-06-25,20230625,CUS00170,11,EMP0165,Cash,Completed,1473.0,720.0
ORD0000521,2023-06-25,20230625,CUS00679,2,EMP0038,Credit Card,Completed,1700.0,840.0
ORD0011291,2023-06-26,20230626,CUS02533,10,EMP0162,InstaPay,Completed,67156.5,56430.0
ORD0011370,2023-06-26,20230626,CUS00730,10,EMP0153,InstaPay,Completed,1815.0,970.0
ORD0004346,2023-06-26,20230626,CUS00209,3,EMP0076,Vodafone Cash,Completed,119.0,70.0
ORD0008522,2023-06-26,20230626,CUS02911,1,EMP0017,Cash,Completed,427.5,220.0
ORD0004733,2023-06-26,20230626,CUS01163,1,EMP0016,Credit Card,Completed,534.0,310.0
ORD0000038,2023-06-26,20230626,CUS02737,15,EMP0209,InstaPay,Completed,2633.0,1430.0
ORD0002798,2023-06-26,20230626,CUS02280,15,EMP0209,Credit Card,Completed,1432.5,740.0
ORD0003131,2023-06-26,20230626,CUS02909,3,EMP0075,Fawry,Completed,1270.0,610.0
ORD0001246,2023-06-26,20230626,CUS00155,14,EMP0201,Debit Card,Completed,144.0,70.0
ORD0010612,2023-06-27,20230627,CUS00331,12,EMP0180,  Fawry  ,Completed,936.0,520.0
ORD0003321,2023-06-27,20230627,CUS01854,6,EMP0125,Cash,Cancelled,770.0,360.0
ORD0005369,2023-06-27,20230627,CUS01310,6,EMP0120,InstaPay,Completed,456.0,240.0
ORD0009433,2023-06-27,20230627,CUS02770,12,EMP0174,Debit Card,Completed,35150.0,29600.0
ORD0007175,2023-06-27,20230627,CUS02379,2,EMP0041,InstaPay,Completed,260.0,120.0
ORD0005568,2023-06-27,20230627,CUS01968,13,EMP0190,Credit Card,Completed,563.0,300.0
ORD0006384,2023-06-27,20230627,CUS02527,3,EMP0075,InstaPay,Completed,2344.5,1250.0
ORD0000778,2023-06-27,20230627,CUS02653,6,EMP0113,InstaPay,Completed,37000.0,29600.0
ORD0007918,2023-06-27,20230627,CUS01057,5,EMP0103,Credit Card,Completed,13199.0,11180.0
ORD0010017,2023-06-27,20230627,CUS01971,12,EMP0180,Cash,Completed,610.0,280.0
ORD0006612,2023-06-27,20230627,CUS01974,2,EMP0033,  InstaPay  ,Completed,504.0,310.0
ORD0010439,2023-06-27,20230627,CUS01990,12,EMP0175,  Debit Card  ,Completed,3690.5,1970.0
ORD0005964,2023-06-27,20230627,CUS02348,1,EMP0015,Credit Card,Completed,3627.5,1860.0
ORD0001994,2023-06-27,20230627,CUS00858,7,EMP0128,  InstaPay  ,Completed,405.0,210.0
ORD0000570,2023-06-27,20230627,CUS00252,12,EMP0175,Credit Card,Completed,1229.0,640.0
ORD0007037,2023-06-27,20230627,CUS01535,13,EMP0193,Credit Card,Completed,51269.0,42620.0
ORD0010708,2023-06-27,20230627,CUS00312,2,EMP0052,Credit Card,Completed,240.0,120.0
ORD0006321,2023-06-27,20230627,CUS01426,2,EMP0034,Cash,Completed,1479.5,770.0
ORD0005825,2023-06-27,20230627,CUS01182,12,EMP0179,Debit Card,Completed,10982.0,9740.0
ORD0008196,2023-06-28,20230628,CUS02099,2,EMP0039,Fawry,Completed,440.0,200.0
ORD0004080,2023-06-28,20230628,CUS02573,9,EMP0147,Debit Card,Completed,400.0,200.0
ORD0001085,2023-06-28,20230628,CUS01991,2,EMP0031,Cash,Completed,472.5,300.0
ORD0010122,2023-06-28,20230628,CUS02260,1,EMP0020,Credit Card,Completed,437.0,220.0
ORD0003279,2023-06-28,20230628,CUS00866,12,EMP0183,  Vodafone Cash  ,Completed,15756.0,12330.0
ORD0010576,2023-06-28,20230628,CUS00725,10,EMP0161,Cash,Completed,411.0,210.0
ORD0008431,2023-06-28,20230628,CUS01054,2,,InstaPay,Completed,1793.5,1060.0
ORD0008156,2023-06-28,20230628,CUS01107,3,EMP0075,Credit Card,Completed,5622.0,4830.0
ORD0003621,2023-06-28,20230628,CUS02284,1,EMP0007,Cash,Completed,81.0,40.0
ORD0000248,2023-06-28,20230628,CUS02572,4,EMP0081,Vodafone Cash,Completed,2800.0,1360.0
ORD0002093,2023-06-28,20230628,CUS01643,11,EMP0168,  InstaPay  ,Completed,270.0,130.0
ORD0009069,2023-06-29,20230629,CUS00453,12,EMP0177,  Cash  ,Returned,350.0,170.0
ORD0007685,2023-06-29,20230629,CUS00235,4,EMP0093,Vodafone Cash,Completed,460.0,220.0
ORD0004484,2023-06-29,20230629,CUS00116,5,EMP0104,Vodafone Cash,Completed,510.0,250.0
ORD0001941,2023-06-29,20230629,CUS02806,3,EMP0062,Credit Card,Completed,1043.5,520.0
ORD0002126,2023-06-29,20230629,CUS01874,6,,Vodafone Cash,Completed,117.0,60.0
ORD0007251,2023-06-29,20230629,CUS00405,8,EMP0137,Debit Card,Completed,3244.0,1620.0
ORD0009633,2023-06-29,20230629,CUS02149,1,EMP0003,InstaPay,Cancelled,1072.0,580.0
ORD0007945,2023-06-29,20230629,CUS01097,3,EMP0069,Fawry,Completed,399.0,200.0
ORD0004941,2023-06-30,20230630,CUS02930,3,EMP0061,Debit Card,Completed,2416.5,1180.0
ORD0009714,2023-06-30,20230630,CUS02519,5,EMP0099,InstaPay,Returned,613.0,320.0
ORD0005328,2023-06-30,20230630,CUS02674,13,EMP0186,Vodafone Cash,Completed,594.0,310.0
ORD0006771,2023-06-30,20230630,CUS01721,10,EMP0152,Credit Card,Completed,2464.0,1230.0
ORD0009468,2023-06-30,20230630,CUS01089,1,EMP0017,Debit Card,Completed,45719.0,36310.0
ORD0001195,2023-06-30,20230630,CUS02306,6,EMP0126,Vodafone Cash,Completed,488.0,300.0
ORD0007958,2023-06-30,20230630,CUS01387,8,EMP0141,Fawry,Completed,153.0,80.0
ORD0002833,2023-06-30,20230630,CUS01074,11,EMP0168,Fawry,Completed,460.0,230.0
ORD0006758,2023-06-30,20230630,CUS01702,15,EMP0205,Credit Card,Returned,960.0,480.0
ORD0008898,2023-06-30,20230630,CUS00495,13,EMP0190,Credit Card,Completed,11370.0,11260.0
ORD0006723,2023-06-30,20230630,CUS01597,9,EMP0145,InstaPay,Completed,8020.0,8260.0
ORD0000394,2023-06-30,20230630,CUS02610,3,EMP0061,InstaPay,Returned,1458.0,810.0
ORD0007067,2023-06-30,20230630,CUS01381,8,EMP0139,Fawry,Completed,90.0,40.0
ORD0011806,2023-06-30,20230630,CUS01902,6,EMP0120,Credit Card,Completed,540.0,260.0
ORD0003712,2023-07-01,20230701,CUS00767,2,EMP0038,Fawry,Completed,948.0,490.0
ORD0002818,2023-07-01,20230701,CUS02926,6,EMP0114,Credit Card,Cancelled,701.0,350.0
ORD0002517,2023-07-01,20230701,CUS01165,11,EMP0173,  Debit Card  ,Completed,3010.5,1510.0
ORD0008500,2023-07-01,20230701,CUS02316,15,EMP0210,Debit Card,Completed,2745.0,2270.0
ORD0010578,2023-07-01,20230701,CUS02850,5,EMP0102,Credit Card,Completed,540.0,260.0
ORD0008489,2023-07-01,20230701,CUS00696,10,EMP0155,Vodafone Cash,Completed,11847.5,9120.0
ORD0002511,2023-07-01,20230701,CUS00580,1,EMP0016,InstaPay,Completed,280.0,140.0
ORD0000077,2023-07-01,20230701,CUS00779,14,EMP0203,InstaPay,Completed,1674.0,910.0
ORD0000151,2023-07-01,20230701,CUS01161,7,EMP0130,  InstaPay  ,Completed,1296.0,670.0
ORD0002369,2023-07-01,20230701,CUS01778,10,EMP0154,Vodafone Cash,Completed,910.0,450.0
ORD0001908,2023-07-01,20230701,CUS02372,2,EMP0029,  Vodafone Cash  ,Returned,336.0,230.0
ORD0009255,2023-07-01,20230701,CUS00260,11,EMP0165,InstaPay,Completed,1083.0,560.0
ORD0006770,2023-07-01,20230701,CUS00031,2,EMP0038,  InstaPay  ,Returned,700.0,350.0
ORD0010054,2023-07-01,20230701,CUS00069,6,EMP0118,Credit Card,Completed,1541.5,760.0
ORD0002649,2023-07-01,20230701,CUS01590,7,EMP0135,Debit Card,Completed,402.0,230.0
ORD0009020,2023-07-01,20230701,CUS01107,1,EMP0001,InstaPay,Completed,23760.0,21000.0
ORD0006551,2023-07-01,20230701,CUS02236,1,EMP0028,  Debit Card  ,Completed,90.0,40.0
ORD0011186,2023-07-01,20230701,CUS01454,4,EMP0086,Debit Card,Completed,2253.0,1130.0
ORD0005781,2023-07-02,20230702,CUS00084,2,EMP0054,Vodafone Cash,Returned,140.0,70.0
ORD0003536,2023-07-02,20230702,CUS01203,2,EMP0030,  Cash  ,Completed,97.5,60.0
ORD0009657,2023-07-02,20230702,CUS00745,9,EMP0149,  Fawry  ,Completed,476.0,260.0
ORD0009327,2023-07-02,20230702,CUS02681,10,EMP0161,Debit Card,Completed,1097.5,560.0
ORD0003555,2023-07-02,20230702,CUS02437,10,EMP0162,Vodafone Cash,Completed,18395.0,15460.0
ORD0011214,2023-07-02,20230702,CUS01945,12,EMP0175,Vodafone Cash,Completed,1001.0,560.0
ORD0008534,2023-07-02,20230702,CUS01861,1,EMP0023,Cash,Returned,76.5,40.0
ORD0002849,2023-07-02,20230702,CUS01503,3,EMP0073,  Fawry  ,Completed,432.5,220.0
ORD0003865,2023-07-02,20230702,CUS00483,5,EMP0111,Fawry,Completed,1173.0,620.0
ORD0000136,2023-07-03,20230703,CUS01562,6,EMP0124,Vodafone Cash,Completed,7500.0,8000.0
ORD0009439,2023-07-03,20230703,CUS02226,2,EMP0048,InstaPay,Completed,2517.5,1260.0
ORD0007056,2023-07-03,20230703,CUS02180,5,EMP0098,InstaPay,Completed,648.0,340.0
ORD0007908,2023-07-03,20230703,CUS02147,4,EMP0086,  InstaPay  ,Completed,277.5,180.0
ORD0003127,2023-07-03,20230703,CUS02549,5,EMP0107,Fawry,Completed,4500.0,4000.0
ORD0002469,2023-07-03,20230703,CUS01642,12,,Debit Card,Completed,532.5,310.0
ORD0011143,2023-07-03,20230703,CUS02798,5,EMP0105,Cash,Cancelled,450.0,220.0
ORD0004042,2023-07-03,20230703,CUS00488,4,EMP0084,Credit Card,Completed,18729.5,14930.0
ORD0009663,2023-07-03,20230703,CUS01527,7,EMP0136,Fawry,Completed,55143.0,48430.0
ORD0009557,2023-07-03,20230703,CUS02982,8,EMP0144,Debit Card,Completed,256.5,130.0
ORD0000841,2023-07-03,20230703,CUS02053,5,EMP0103,Debit Card,Completed,12215.0,9240.0
ORD0008435,2023-07-03,20230703,CUS00067,11,EMP0164,Vodafone Cash,Completed,1007.0,490.0
ORD0003037,2023-07-04,20230704,CUS00124,9,EMP0148,Cash,Completed,399.5,230.0
ORD0002778,2023-07-04,20230704,CUS02185,2,EMP0053,Credit Card,Completed,1864.5,1110.0
ORD0006585,2023-07-04,20230704,CUS02724,14,EMP0194,InstaPay,Completed,120.0,70.0
ORD0002899,2023-07-04,20230704,CUS02615,14,EMP0201,  Credit Card  ,Completed,1486.0,800.0
ORD0005227,2023-07-04,20230704,CUS02183,3,EMP0058,Debit Card,Completed,540.0,270.0
ORD0001679,2023-07-04,20230704,CUS01784,8,EMP0138,Debit Card,Completed,2900.0,1450.0
ORD0010210,2023-07-04,20230704,CUS00648,12,EMP0174,Cash,Completed,612.0,350.0
ORD0006353,2023-07-04,20230704,CUS01538,12,EMP0178,Debit Card,Completed,142.5,70.0
ORD0008819,2023-07-04,20230704,CUS02015,10,EMP0157,Fawry,Returned,15000.0,12000.0
ORD0000687,2023-07-04,20230704,CUS02572,13,EMP0187,Debit Card,Completed,549.0,300.0
ORD0003705,2023-07-04,20230704,CUS00647,4,EMP0086,Debit Card,Completed,1246.5,660.0
ORD0010030,2023-07-05,20230705,CUS01157,2,EMP0033,Fawry,Completed,135.0,70.0
ORD0001235,2023-07-05,20230705,CUS02657,1,EMP0012,Cash,Completed,580.0,310.0
ORD0002917,2023-07-05,20230705,CUS01510,15,EMP0208,InstaPay,Completed,396.0,220.0
ORD0006613,2023-07-05,20230705,CUS02739,13,,Debit Card,Completed,551.0,290.0
ORD0002120,2023-07-05,20230705,CUS01909,3,EMP0074,  InstaPay  ,Completed,869.0,450.0
ORD0006988,2023-07-05,20230705,CUS02295,3,EMP0073,Debit Card,Completed,15581.0,12290.0
ORD0003350,2023-07-05,20230705,CUS01080,8,EMP0139,  Vodafone Cash  ,Returned,1001.0,540.0
ORD0009393,2023-07-05,20230705,CUS00167,7,EMP0134,  Debit Card  ,Completed,180.5,90.0
ORD0005288,2023-07-05,20230705,CUS01098,1,EMP0020,Cash,Completed,2512.0,1280.0
ORD0000085,2023-07-05,20230705,CUS02584,8,EMP0143,Credit Card,Completed,26400.0,21000.0
ORD0002230,2023-07-06,20230706,CUS01125,6,EMP0118,Cash,Completed,5845.0,5220.0
ORD0011818,2023-07-06,20230706,CUS00184,3,EMP0057,  Vodafone Cash  ,Completed,150.0,70.0
ORD0006172,2023-07-06,20230706,CUS01624,12,EMP0184,Fawry,Completed,250.0,120.0
ORD0002188,2023-07-06,20230706,CUS01407,3,EMP0075,Vodafone Cash,Completed,1198.0,700.0
ORD0002533,2023-07-06,20230706,CUS00793,8,EMP0144,Debit Card,Completed,608.0,280.0
ORD0011034,2023-07-06,20230706,CUS00769,2,EMP0032,Fawry,Completed,405.0,210.0
ORD0007386,2023-07-06,20230706,CUS01368,2,,InstaPay,Completed,16050.0,12700.0
ORD0001809,2023-07-06,20230706,CUS02683,2,EMP0042,Fawry,Cancelled,1880.0,900.0
ORD0006908,2023-07-06,20230706,CUS01173,1,EMP0020,Cash,Completed,690.0,340.0
ORD0004111,2023-07-06,20230706,CUS00195,9,EMP0146,Debit Card,Completed,737.0,380.0
ORD0010925,2023-07-06,20230706,CUS02744,6,EMP0113,Fawry,Completed,419.5,200.0
ORD0003711,2023-07-06,20230706,CUS02049,1,EMP0026,Debit Card,Cancelled,1056.0,500.0
ORD0005715,2023-07-06,20230706,CUS01571,12,EMP0178,Debit Card,Completed,684.0,370.0
ORD0007984,2023-07-06,20230706,CUS02064,3,EMP0061,Vodafone Cash,Completed,90.0,40.0
ORD0007390,2023-07-06,20230706,CUS01805,13,EMP0187,  Credit Card  ,Returned,1026.0,570.0
ORD0008075,2023-07-06,20230706,CUS02560,3,EMP0060,Debit Card,Returned,20701.5,18070.0
ORD0010734,2023-07-06,20230706,CUS01932,10,EMP0156,  Fawry  ,Completed,311.0,150.0
ORD0006393,2023-07-06,20230706,CUS01968,2,EMP0051,Credit Card,Returned,287.0,160.0
ORD0010633,2023-07-06,20230706,CUS02236,2,EMP0034,InstaPay,Completed,290.0,140.0
ORD0001765,2023-07-07,20230707,CUS02170,5,EMP0112,Fawry,Completed,575.5,320.0
ORD0010094,2023-07-07,20230707,CUS00339,1,EMP0001,InstaPay,Cancelled,3770.0,1920.0
ORD0002569,2023-07-07,20230707,CUS02473,11,,  Credit Card  ,Completed,48170.0,45060.0
ORD0006822,2023-07-07,20230707,CUS00748,10,EMP0153,  Vodafone Cash  ,Completed,217.5,110.0
ORD0003784,2023-07-07,20230707,CUS02242,3,EMP0061,Vodafone Cash,Completed,280.0,170.0
ORD0004722,2023-07-07,20230707,CUS02928,14,EMP0201,  Vodafone Cash  ,Completed,2290.0,1120.0
ORD0007149,2023-07-07,20230707,CUS02441,12,EMP0174,Fawry,Completed,945.0,660.0
ORD0007311,2023-07-07,20230707,CUS01415,15,EMP0212,  Cash  ,Completed,4545.5,2800.0
ORD0002562,2023-07-07,20230707,CUS00657,15,EMP0215,Cash,Completed,576.0,280.0
ORD0010355,2023-07-07,20230707,CUS00233,1,EMP0017,Cash,Completed,450.0,210.0
ORD0002157,2023-07-07,20230707,CUS01246,2,EMP0033,Debit Card,Completed,703.5,380.0
ORD0009992,2023-07-07,20230707,CUS02511,5,EMP0095,  InstaPay  ,Returned,12440.0,11700.0
ORD0008832,2023-07-07,20230707,CUS01879,11,EMP0172,InstaPay,Completed,1646.0,830.0
ORD0007271,2023-07-07,20230707,CUS01832,3,EMP0058,InstaPay,Completed,580.0,290.0
ORD0008263,2023-07-07,20230707,CUS00053,6,EMP0115,Credit Card,Completed,1852.0,1050.0
ORD0004789,2023-07-08,20230708,CUS00551,1,EMP0001,Cash,Returned,2542.0,1290.0
ORD0007691,2023-07-08,20230708,CUS02304,9,EMP0150,Vodafone Cash,Returned,513.0,270.0
ORD0006072,2023-07-08,20230708,CUS00279,10,EMP0161,Debit Card,Returned,130.0,60.0
ORD0009957,2023-07-08,20230708,CUS01431,15,EMP0214,Fawry,Returned,1964.5,1100.0
ORD0000709,2023-07-08,20230708,CUS00510,3,,Credit Card,Returned,730.0,350.0
ORD0010881,2023-07-08,20230708,CUS02625,5,EMP0100,Fawry,Completed,2695.0,2330.0
ORD0003501,2023-07-08,20230708,CUS00970,2,EMP0053,Vodafone Cash,Completed,2364.0,1340.0
ORD0006039,2023-07-08,20230708,CUS00056,9,EMP0148,Fawry,Completed,229.5,130.0
ORD0006999,2023-07-08,20230708,CUS02503,4,EMP0090,Debit Card,Completed,432.0,220.0
ORD0008314,2023-07-09,20230709,CUS00785,14,EMP0196,Cash,Completed,690.0,340.0
ORD0004669,2023-07-09,20230709,CUS01340,12,EMP0174,Fawry,Completed,333.0,180.0
ORD0006078,2023-07-09,20230709,CUS00404,10,,Vodafone Cash,Completed,595.5,330.0
ORD0011121,2023-07-09,20230709,CUS01999,7,EMP0132,Fawry,Completed,7173.0,5760.0
ORD0000374,2023-07-09,20230709,CUS00672,7,EMP0135,Cash,Completed,1971.0,1080.0
ORD0005563,2023-07-09,20230709,CUS01377,7,EMP0129,Credit Card,Completed,2490.0,1230.0
ORD0000683,2023-07-09,20230709,CUS00276,10,EMP0161,Fawry,Completed,567.5,320.0
ORD0004557,2023-07-09,20230709,CUS00371,2,EMP0047,  Fawry  ,Completed,693.5,370.0
ORD0002152,2023-07-09,20230709,CUS02649,2,EMP0037,Vodafone Cash,Completed,1717.5,890.0
ORD0002921,2023-07-09,20230709,CUS02416,1,EMP0022,Vodafone Cash,Completed,976.0,600.0
ORD0009853,2023-07-09,20230709,CUS02743,12,EMP0180,Debit Card,Completed,225.0,150.0
ORD0001058,2023-07-09,20230709,CUS01003,1,EMP0012,InstaPay,Completed,270.0,170.0
ORD0000165,2023-07-09,20230709,CUS00329,1,EMP0018,Debit Card,Completed,640.0,320.0
ORD0005489,2023-07-09,20230709,CUS01402,2,EMP0045,  Credit Card  ,Completed,165.0,100.0
ORD0002695,2023-07-10,20230710,CUS00489,10,EMP0162,Credit Card,Completed,210.0,100.0
ORD0007073,2023-07-10,20230710,CUS00824,7,EMP0136,Cash,Completed,6500.0,5200.0
ORD0000860,2023-07-10,20230710,CUS00010,11,EMP0168,Fawry,Returned,360.0,200.0
ORD0007223,2023-07-10,20230710,CUS01217,14,EMP0196,InstaPay,Returned,300.0,140.0
ORD0001270,2023-07-10,20230710,CUS01661,14,EMP0200,Cash,Completed,584.0,310.0
ORD0007712,2023-07-10,20230710,CUS00509,3,EMP0058,Credit Card,Completed,46080.0,41200.0
ORD0006619,2023-07-10,20230710,CUS02885,9,EMP0147,Vodafone Cash,Completed,460.0,210.0
ORD0006711,2023-07-10,20230710,CUS01056,2,EMP0050,Fawry,Completed,540.0,290.0
ORD0004847,2023-07-11,20230711,CUS00717,11,EMP0170,Cash,Completed,2974.0,1720.0
ORD0001264,2023-07-11,20230711,CUS01517,4,EMP0080,Vodafone Cash,Completed,270.0,150.0
ORD0005776,2023-07-11,20230711,CUS01584,1,EMP0009,InstaPay,Completed,4562.0,2620.0
ORD0006041,2023-07-11,20230711,CUS01496,2,EMP0044,  Credit Card  ,Returned,360.0,170.0
ORD0010950,2023-07-11,20230711,CUS00674,13,EMP0185,Credit Card,Completed,960.0,460.0
ORD0002819,2023-07-11,20230711,CUS00956,13,EMP0187,Fawry,Completed,790.0,390.0
ORD0000120,2023-07-11,20230711,CUS01748,2,EMP0035,  Vodafone Cash  ,Completed,414.0,220.0
ORD0006811,2023-07-12,20230712,CUS00724,1,EMP0011,Vodafone Cash,Completed,423.0,230.0
ORD0002806,2023-07-12,20230712,CUS00174,1,EMP0003,Fawry,Completed,374.0,210.0
ORD0000153,2023-07-12,20230712,CUS01163,8,EMP0144,Vodafone Cash,Completed,7200.0,6400.0
ORD0001691,2023-07-12,20230712,CUS02746,3,EMP0075,Vodafone Cash,Returned,4222.0,2090.0
ORD0002965,2023-07-12,20230712,CUS01213,5,EMP0104,Credit Card,Completed,324.0,170.0
ORD0004616,2023-07-12,20230712,CUS00718,4,EMP0090,Vodafone Cash,Completed,520.0,240.0
ORD0007186,2023-07-12,20230712,CUS02979,5,EMP0106,Cash,Completed,366.0,190.0
ORD0009151,2023-07-12,20230712,CUS00240,4,EMP0082,Credit Card,Completed,180.0,100.0
ORD0000536,2023-07-12,20230712,CUS00069,1,EMP0019,Vodafone Cash,Completed,921.0,540.0
ORD0003651,2023-07-12,20230712,CUS00312,1,EMP0008,InstaPay,Completed,970.0,550.0
ORD0009913,2023-07-12,20230712,CUS01355,15,EMP0205,Cash,Completed,1262.0,630.0
ORD0002102,2023-07-12,20230712,CUS01781,6,EMP0114,Vodafone Cash,Completed,873.0,480.0
ORD0009542,2023-07-12,20230712,CUS00998,4,EMP0079,Vodafone Cash,Returned,510.0,290.0
ORD0008595,2023-07-13,20230713,CUS02751,12,EMP0177,Debit Card,Completed,12715.0,10050.0
ORD0000842,2023-07-13,20230713,CUS02079,1,EMP0022,Credit Card,Cancelled,3180.0,2270.0
ORD0003230,2023-07-13,20230713,CUS02991,4,EMP0094,Fawry,Completed,579.0,300.0
ORD0000092,2023-07-13,20230713,CUS00703,14,EMP0203,Fawry,Completed,432.0,270.0
ORD0007505,2023-07-13,20230713,CUS00476,11,EMP0173,Vodafone Cash,Completed,646.0,320.0
ORD0006903,2023-07-13,20230713,CUS01233,2,EMP0035,Fawry,Completed,432.0,270.0
ORD0008962,2023-07-13,20230713,CUS02841,12,EMP0180,InstaPay,Completed,472.0,250.0
ORD0007245,2023-07-13,20230713,CUS00704,2,EMP0054,Fawry,Completed,531.0,260.0
ORD0010125,2023-07-13,20230713,CUS00145,1,EMP0006,Fawry,Completed,602.0,420.0
ORD0005392,2023-07-13,20230713,CUS00364,1,,Debit Card,Completed,2091.0,1040.0
ORD0010292,2023-07-13,20230713,CUS02762,1,EMP0009,Fawry,Cancelled,749.0,360.0
ORD0008657,2023-07-13,20230713,CUS01341,14,EMP0203,InstaPay,Completed,1093.0,560.0
ORD0001220,2023-07-14,20230714,CUS01100,2,EMP0038,  Debit Card  ,Returned,2431.5,1180.0
ORD0001209,2023-07-14,20230714,CUS01134,1,EMP0028,Fawry,Completed,400.5,220.0
ORD0007185,2023-07-14,20230714,CUS00622,7,EMP0130,  Fawry  ,Completed,161.5,90.0
ORD0002713,2023-07-14,20230714,CUS01946,4,EMP0091,Credit Card,Completed,230.0,110.0
ORD0006487,2023-07-14,20230714,CUS02646,1,EMP0011,Fawry,Completed,1780.0,900.0
ORD0011572,2023-07-14,20230714,CUS01445,14,EMP0202,  Credit Card  ,Cancelled,180.5,90.0
ORD0002214,2023-07-14,20230714,CUS00421,10,,  InstaPay  ,Completed,20950.0,17510.0
ORD0000686,2023-07-14,20230714,CUS02156,6,EMP0122,Fawry,Returned,170.0,80.0
ORD0008494,2023-07-14,20230714,CUS02454,10,EMP0155,Fawry,Completed,11490.0,9270.0
ORD0007607,2023-07-15,20230715,CUS00542,7,EMP0132,  Fawry  ,Returned,2760.0,1330.0
ORD0011503,2023-07-15,20230715,CUS01039,1,EMP0005,Credit Card,Completed,3060.0,2800.0
ORD0005801,2023-07-15,20230715,CUS02444,10,EMP0152,Cash,Cancelled,1236.0,570.0
ORD0000611,2023-07-15,20230715,CUS02019,6,EMP0113,  Cash  ,Cancelled,200.0,100.0
ORD0000471,2023-07-15,20230715,CUS01218,1,EMP0015,Debit Card,Completed,140.0,70.0
ORD0000267,2023-07-15,20230715,CUS01331,4,EMP0090,Fawry,Completed,566.0,280.0
ORD0007757,2023-07-15,20230715,CUS00844,2,EMP0036,Debit Card,Completed,10497.0,8260.0
ORD0007113,2023-07-15,20230715,CUS00266,8,EMP0144,Credit Card,Completed,320.0,140.0
ORD0000746,2023-07-15,20230715,CUS01979,2,EMP0032,InstaPay,Completed,2500.0,2000.0
ORD0005274,2023-07-15,20230715,CUS00447,6,EMP0121,InstaPay,Returned,21161.0,22510.0
ORD0005063,2023-07-16,20230716,CUS00298,14,EMP0197,  Credit Card  ,Completed,230.0,110.0
ORD0000762,2023-07-16,20230716,CUS00471,9,EMP0147,Vodafone Cash,Completed,12295.0,9110.0
ORD0004438,2023-07-16,20230716,CUS01422,2,EMP0042,Debit Card,Completed,4619.0,3510.0
ORD0011108,2023-07-16,20230716,CUS02651,2,EMP0052,Vodafone Cash,Completed,690.0,330.0
ORD0002125,2023-07-16,20230716,CUS00129,13,,Credit Card,Completed,360.0,170.0
ORD0000593,2023-07-16,20230716,CUS00084,6,EMP0122,Debit Card,Completed,695.0,350.0
ORD0000247,2023-07-16,20230716,CUS01898,5,EMP0108,Debit Card,Completed,608.0,370.0
ORD0008323,2023-07-16,20230716,CUS00124,2,EMP0032,InstaPay,Completed,414.0,220.0
ORD0004258,2023-07-16,20230716,CUS00841,1,EMP0002,InstaPay,Completed,1641.0,1330.0
ORD0003828,2023-07-16,20230716,CUS00846,2,EMP0030,Credit Card,Completed,207.0,110.0
ORD0005428,2023-07-17,20230717,CUS00754,15,EMP0206,Debit Card,Returned,590.5,340.0
ORD0011184,2023-07-17,20230717,CUS01426,3,EMP0067,  Credit Card  ,Completed,540.0,260.0
ORD0010463,2023-07-17,20230717,CUS00863,3,EMP0061,InstaPay,Completed,540.0,280.0
ORD0000664,2023-07-17,20230717,CUS01730,1,EMP0013,Debit Card,Returned,1860.0,910.0
ORD0002594,2023-07-17,20230717,CUS02093,15,EMP0213,Cash,Completed,661.5,330.0
ORD0004547,2023-07-17,20230717,CUS01707,10,EMP0153,Credit Card,Completed,252.0,140.0
ORD0007300,2023-07-17,20230717,CUS01256,12,EMP0179,Vodafone Cash,Completed,210.0,100.0
ORD0000126,2023-07-17,20230717,CUS01043,6,EMP0116,Credit Card,Completed,673.5,380.0
ORD0007063,2023-07-17,20230717,CUS01224,6,EMP0123,Vodafone Cash,Returned,1171.0,570.0
ORD0003626,2023-07-17,20230717,CUS01444,2,EMP0045,Debit Card,Completed,23817.5,20130.0
ORD0007475,2023-07-18,20230718,CUS01198,9,EMP0151,  Credit Card  ,Completed,770.0,410.0
ORD0000760,2023-07-18,20230718,CUS00933,11,EMP0166,Fawry,Completed,1920.0,920.0
ORD0002955,2023-07-18,20230718,CUS00219,1,EMP0010,Vodafone Cash,Completed,1780.0,1180.0
ORD0008648,2023-07-18,20230718,CUS01384,4,EMP0086,Vodafone Cash,Completed,960.0,480.0
ORD0010934,2023-07-18,20230718,CUS02415,15,EMP0206,  Debit Card  ,Completed,1244.0,640.0
ORD0010905,2023-07-18,20230718,CUS02148,5,,Vodafone Cash,Completed,1964.0,1100.0
ORD0010775,2023-07-18,20230718,CUS02263,12,EMP0182,Cash,Completed,160.0,80.0
ORD0004958,2023-07-18,20230718,CUS02806,11,EMP0166,Cash,Returned,35640.0,31500.0
ORD0002408,2023-07-18,20230718,CUS01267,4,EMP0090,Cash,Completed,310.0,150.0
ORD0006812,2023-07-18,20230718,CUS01923,11,EMP0171,  Credit Card  ,Completed,15400.0,13640.0
ORD0003227,2023-07-18,20230718,CUS00763,1,EMP0021,Fawry,Completed,152.0,70.0
ORD0011138,2023-07-18,20230718,CUS02690,1,EMP0013,Vodafone Cash,Completed,766.0,400.0
ORD0002455,2023-07-18,20230718,CUS02559,8,EMP0144,Fawry,Completed,660.0,320.0
ORD0003658,2023-07-18,20230718,CUS01362,3,EMP0058,InstaPay,Completed,130.0,60.0
ORD0009793,2023-07-18,20230718,CUS00494,10,EMP0159,Vodafone Cash,Completed,1060.0,520.0
ORD0000301,2023-07-19,20230719,CUS01268,4,EMP0088,Cash,Completed,740.0,370.0
ORD0002882,2023-07-19,20230719,CUS00895,7,EMP0130,  InstaPay  ,Completed,2048.5,1030.0
ORD0011535,2023-07-19,20230719,CUS02027,10,EMP0154,  InstaPay  ,Completed,528.0,320.0
ORD0003368,2023-07-19,20230719,CUS00890,2,EMP0044,  Debit Card  ,Completed,2783.5,2090.0
ORD0005472,2023-07-19,20230719,CUS02657,3,EMP0076,Credit Card,Completed,729.0,400.0
ORD0009215,2023-07-19,20230719,CUS02137,7,EMP0134,Debit Card,Completed,7200.0,5600.0
ORD0010100,2023-07-20,20230720,CUS00873,4,EMP0087,Fawry,Completed,324.0,180.0
ORD0010725,2023-07-20,20230720,CUS01357,14,EMP0200,Vodafone Cash,Completed,8160.0,8000.0
ORD0005678,2023-07-20,20230720,CUS02133,8,EMP0141,Vodafone Cash,Completed,629.0,360.0
ORD0011505,2023-07-20,20230720,CUS00315,1,EMP0008,Vodafone Cash,Completed,14133.0,11270.0
ORD0007576,2023-07-20,20230720,CUS01791,13,EMP0187,InstaPay,Completed,1262.0,610.0
ORD0000524,2023-07-20,20230720,CUS00617,1,EMP0019,Fawry,Completed,200.0,100.0
ORD0005854,2023-07-20,20230720,CUS01100,8,EMP0141,Vodafone Cash,Completed,59133.0,49530.0
ORD0008605,2023-07-20,20230720,CUS02781,3,EMP0068,Debit Card,Completed,12070.0,10590.0
ORD0006337,2023-07-21,20230721,CUS01933,7,EMP0131,Vodafone Cash,Completed,547.5,280.0
ORD0008506,2023-07-21,20230721,CUS00413,11,,  Credit Card  ,Returned,432.0,210.0
ORD0011093,2023-07-21,20230721,CUS01836,4,EMP0080,Debit Card,Completed,334.0,200.0
ORD0010333,2023-07-21,20230721,CUS01000,5,EMP0098,InstaPay,Completed,1800.0,1600.0
ORD0008033,2023-07-21,20230721,CUS02224,4,EMP0086,InstaPay,Completed,23605.0,20680.0
ORD0011133,2023-07-21,20230721,CUS00984,4,EMP0090,  Cash  ,Completed,880.0,440.0
ORD0009915,2023-07-21,20230721,CUS02984,12,EMP0180,Credit Card,Completed,723.0,360.0
ORD0006000,2023-07-21,20230721,CUS00975,14,EMP0195,InstaPay,Completed,1161.0,570.0
ORD0004993,2023-07-21,20230721,CUS02231,3,EMP0065,  Credit Card  ,Completed,720.0,360.0
ORD0000352,2023-07-21,20230721,CUS02627,4,EMP0093,Debit Card,Completed,504.0,280.0
ORD0000718,2023-07-21,20230721,CUS00971,1,EMP0006,InstaPay,Completed,380.0,180.0
ORD0003347,2023-07-21,20230721,CUS00724,3,EMP0062,InstaPay,Completed,1521.0,880.0
ORD0001654,2023-07-21,20230721,CUS01934,12,EMP0182,  Vodafone Cash  ,Completed,216.0,120.0
ORD0006090,2023-07-21,20230721,CUS00349,6,EMP0114,  Credit Card  ,Completed,2615.0,1340.0
ORD0004510,2023-07-21,20230721,CUS02059,13,EMP0191,Cash,Returned,270.0,150.0
ORD0002083,2023-07-21,20230721,CUS02476,11,EMP0164,Debit Card,Completed,1833.0,1510.0
ORD0003159,2023-07-22,20230722,CUS02810,1,EMP0003,Credit Card,Returned,387.0,210.0
ORD0008645,2023-07-22,20230722,CUS00990,3,EMP0056,Vodafone Cash,Returned,336.0,180.0
ORD0000963,2023-07-22,20230722,CUS00398,1,EMP0022,InstaPay,Completed,459.0,250.0
ORD0002967,2023-07-22,20230722,CUS02655,13,EMP0187,Credit Card,Completed,1998.0,990.0
ORD0005073,2023-07-22,20230722,CUS02544,9,EMP0150,Vodafone Cash,Completed,12108.0,10540.0
ORD0011576,2023-07-22,20230722,CUS01449,3,EMP0072,Vodafone Cash,Completed,15390.0,12040.0
ORD0010713,2023-07-22,20230722,CUS01310,10,EMP0163,Cash,Returned,468.0,260.0
ORD0011792,2023-07-22,20230722,CUS01781,3,EMP0075,Vodafone Cash,Completed,638.0,320.0
ORD0007061,2023-07-22,20230722,CUS02553,2,EMP0044,Credit Card,Returned,1372.0,700.0
ORD0002137,2023-07-22,20230722,CUS02301,6,EMP0114,Credit Card,Completed,396.0,220.0
ORD0003843,2023-07-23,20230723,CUS00183,1,EMP0026,Credit Card,Cancelled,1782.0,1070.0
ORD0009369,2023-07-23,20230723,CUS00855,3,EMP0069,Fawry,Completed,20400.0,16200.0
ORD0001125,2023-07-23,20230723,CUS00703,11,EMP0169,Fawry,Completed,700.0,350.0
ORD0009333,2023-07-23,20230723,CUS00374,12,EMP0177,Vodafone Cash,Completed,1693.0,850.0
ORD0004110,2023-07-23,20230723,CUS00834,4,EMP0082,InstaPay,Completed,6750.0,6000.0
ORD0001726,2023-07-23,20230723,CUS01329,1,EMP0015,  Fawry  ,Completed,1055.5,540.0
ORD0007865,2023-07-23,20230723,CUS01661,1,EMP0011,Debit Card,Completed,335.5,170.0
ORD0005209,2023-07-23,20230723,CUS00920,3,EMP0064,Credit Card,Completed,774.0,410.0
ORD0008343,2023-07-23,20230723,CUS01177,3,EMP0078,  Cash  ,Completed,68504.0,60390.0
ORD0003589,2023-07-24,20230724,CUS00174,2,EMP0040,Cash,Completed,6959.0,5210.0
ORD0010769,2023-07-24,20230724,CUS00470,10,EMP0157,Credit Card,Completed,495.0,330.0
ORD0001309,2023-07-24,20230724,CUS01114,11,EMP0173,Credit Card,Completed,800.0,700.0
ORD0010178,2023-07-24,20230724,CUS01236,4,EMP0090,Credit Card,Completed,1192.0,620.0
ORD0010231,2023-07-24,20230724,CUS01237,1,EMP0014,Fawry,Returned,1265.0,760.0
ORD0009073,2023-07-24,20230724,CUS02804,2,EMP0031,Credit Card,Completed,39397.5,33170.0
ORD0007506,2023-07-24,20230724,CUS00859,4,EMP0082,Cash,Completed,505.5,250.0
ORD0002309,2023-07-24,20230724,CUS01454,12,EMP0179,Fawry,Completed,931.5,510.0
ORD0007470,2023-07-24,20230724,CUS01740,5,,Debit Card,Completed,142.5,70.0
ORD0008330,2023-07-24,20230724,CUS00873,1,EMP0007,  Debit Card  ,Completed,136.0,80.0
ORD0007772,2023-07-24,20230724,CUS01239,8,EMP0139,Credit Card,Completed,26381.0,24480.0
ORD0006850,2023-07-24,20230724,CUS01135,5,EMP0100,Credit Card,Completed,1190.0,680.0
ORD0002118,2023-07-24,20230724,CUS01196,5,,Cash,Completed,720.0,360.0
ORD0004030,2023-07-25,20230725,CUS01780,2,EMP0033,Fawry,Completed,775.5,400.0
ORD0011760,2023-07-25,20230725,CUS01799,1,EMP0001,Credit Card,Returned,480.0,260.0
ORD0002284,2023-07-25,20230725,CUS02040,13,EMP0193,Credit Card,Completed,637.5,420.0
ORD0009326,2023-07-25,20230725,CUS00857,10,EMP0162,Fawry,Completed,625.0,340.0
ORD0007487,2023-07-25,20230725,CUS01999,1,,  Cash  ,Completed,5470.0,4150.0
ORD0003346,2023-07-25,20230725,CUS02921,1,EMP0025,Debit Card,Completed,3452.0,2030.0
ORD0011962,2023-07-25,20230725,CUS02637,10,EMP0159,Cash,Completed,1044.0,560.0
ORD0003631,2023-07-25,20230725,CUS00962,4,,Vodafone Cash,Completed,2184.5,1070.0
ORD0000534,2023-07-25,20230725,CUS02668,3,EMP0075,Vodafone Cash,Completed,21800.0,20120.0
ORD0005059,2023-07-25,20230725,CUS00716,5,EMP0111,Credit Card,Completed,225.0,110.0
ORD0003292,2023-07-25,20230725,CUS02687,4,EMP0087,Credit Card,Completed,1073.5,580.0
ORD0003308,2023-07-25,20230725,CUS02845,3,EMP0062,Cash,Completed,333.0,180.0
ORD0008368,2023-07-26,20230726,CUS02201,15,EMP0209,Debit Card,Completed,24694.0,20430.0
ORD0011367,2023-07-26,20230726,CUS01266,15,EMP0213,Fawry,Completed,360.0,160.0
ORD0000859,2023-07-26,20230726,CUS00516,4,EMP0092,  Cash  ,Completed,140.0,70.0
ORD0006948,2023-07-26,20230726,CUS02416,3,EMP0056,Fawry,Completed,997.5,520.0
ORD0005989,2023-07-26,20230726,CUS02605,11,EMP0172,Fawry,Completed,207.0,110.0
ORD0006592,2023-07-26,20230726,CUS02024,1,EMP0024,Vodafone Cash,Completed,612.0,320.0
ORD0001164,2023-07-26,20230726,CUS01580,3,EMP0075,Cash,Completed,602.5,310.0
ORD0009260,2023-07-26,20230726,CUS02654,11,EMP0167,Vodafone Cash,Completed,21977.0,17020.0
ORD0007477,2023-07-26,20230726,CUS02684,3,EMP0056,  Credit Card  ,Completed,260.0,120.0
ORD0003063,2023-07-26,20230726,CUS01213,5,EMP0099,Vodafone Cash,Completed,540.0,260.0
ORD0006153,2023-07-26,20230726,CUS01056,1,EMP0011,InstaPay,Completed,3632.0,2140.0
ORD0006199,2023-07-26,20230726,CUS02900,8,EMP0137,Credit Card,Completed,2586.0,1960.0
ORD0011018,2023-07-27,20230727,CUS00496,1,EMP0013,Credit Card,Completed,14573.0,12550.0
ORD0007140,2023-07-27,20230727,CUS02623,5,EMP0103,Fawry,Completed,7534.0,7320.0
ORD0003362,2023-07-27,20230727,CUS00007,4,EMP0080,Debit Card,Completed,660.0,320.0
ORD0009015,2023-07-27,20230727,CUS00575,2,EMP0052,Fawry,Completed,1727.0,880.0
ORD0000491,2023-07-27,20230727,CUS01373,1,EMP0026,Vodafone Cash,Completed,339.0,180.0
ORD0007900,2023-07-27,20230727,CUS00765,3,EMP0075,Credit Card,Completed,6483.5,4750.0
ORD0000023,2023-07-27,20230727,CUS00031,8,EMP0142,  Fawry  ,Completed,500.0,290.0
ORD0003996,2023-07-27,20230727,CUS01199,6,EMP0114,InstaPay,Completed,382.5,220.0
ORD0008291,2023-07-27,20230727,CUS00859,6,EMP0113,Debit Card,Completed,63600.0,50800.0
ORD0004740,2023-07-27,20230727,CUS00109,1,,Debit Card,Completed,18800.0,16200.0
ORD0000900,2023-07-28,20230728,CUS02974,12,EMP0181,Debit Card,Completed,330.0,160.0
ORD0005385,2023-07-28,20230728,CUS00162,2,EMP0051,Credit Card,Cancelled,6000.0,4800.0
ORD0004513,2023-07-28,20230728,CUS01462,1,EMP0024,InstaPay,Completed,180.0,80.0
ORD0000260,2023-07-28,20230728,CUS00502,13,EMP0185,Debit Card,Completed,220.0,110.0
ORD0004533,2023-07-28,20230728,CUS01888,2,EMP0032,Credit Card,Completed,1685.0,820.0
ORD0006017,2023-07-28,20230728,CUS02121,1,EMP0023,Credit Card,Completed,555.0,270.0
ORD0005889,2023-07-28,20230728,CUS00096,3,EMP0064,  InstaPay  ,Completed,456.0,210.0
ORD0011196,2023-07-28,20230728,CUS02567,1,EMP0015,Vodafone Cash,Completed,1106.5,620.0
ORD0002776,2023-07-28,20230728,CUS01225,3,EMP0057,Vodafone Cash,Cancelled,2146.0,1360.0
ORD0001249,2023-07-28,20230728,CUS01313,6,EMP0115,Fawry,Completed,760.0,400.0
ORD0008798,2023-07-28,20230728,CUS01586,5,EMP0095,Cash,Completed,660.0,320.0
ORD0009652,2023-07-28,20230728,CUS00646,2,EMP0039,Debit Card,Completed,8114.0,6480.0
ORD0009627,2023-07-29,20230729,CUS02742,3,EMP0073,Fawry,Returned,774.0,410.0
ORD0009806,2023-07-29,20230729,CUS01630,11,,Fawry,Completed,37930.0,32200.0
ORD0009251,2023-07-29,20230729,CUS00848,7,EMP0127,Credit Card,Completed,1018.5,490.0
ORD0007924,2023-07-29,20230729,CUS01803,1,EMP0004,Debit Card,Returned,330.0,160.0
ORD0003813,2023-07-29,20230729,CUS00456,1,EMP0001,Credit Card,Completed,860.0,420.0
ORD0006958,2023-07-29,20230729,CUS01510,10,EMP0154,  Cash  ,Completed,2522.0,1430.0
ORD0010174,2023-07-29,20230729,CUS00095,12,EMP0181,Debit Card,Completed,4024.5,2250.0
ORD0001574,2023-07-30,20230730,CUS02443,10,,  Credit Card  ,Completed,931.0,480.0
ORD0003600,2023-07-30,20230730,CUS00867,6,EMP0119,Vodafone Cash,Completed,2216.0,1320.0
ORD0004250,2023-07-30,20230730,CUS01876,11,EMP0171,  Cash  ,Completed,300.0,140.0
ORD0008954,2023-07-30,20230730,CUS02927,8,EMP0142,Fawry,Cancelled,5098.0,3960.0
ORD0005641,2023-07-30,20230730,CUS02477,11,EMP0169,Vodafone Cash,Completed,1120.0,560.0
ORD0009036,2023-07-30,20230730,CUS00596,5,EMP0109,Fawry,Completed,387.0,210.0
ORD0008058,2023-07-30,20230730,CUS02565,14,EMP0197,Vodafone Cash,Completed,700.0,340.0
ORD0002194,2023-07-30,20230730,CUS01534,13,EMP0188,  Debit Card  ,Completed,232.0,140.0
ORD0010233,2023-07-30,20230730,CUS01869,11,EMP0170,Fawry,Completed,18300.0,19600.0
ORD0004812,2023-07-30,20230730,CUS00306,1,EMP0021,  Fawry  ,Completed,720.0,360.0
ORD0008788,2023-07-30,20230730,CUS02806,6,,Vodafone Cash,Completed,1300.5,720.0
ORD0011626,2023-07-31,20230731,CUS02375,5,,InstaPay,Completed,230.0,110.0
ORD0003789,2023-07-31,20230731,CUS02009,12,EMP0182,  Credit Card  ,Completed,1370.0,670.0
ORD0001345,2023-07-31,20230731,CUS00778,6,EMP0116,  Fawry  ,Completed,1052.0,540.0
ORD0004394,2023-07-31,20230731,CUS02316,5,EMP0104,Fawry,Completed,405.0,210.0
ORD0003196,2023-07-31,20230731,CUS02540,2,EMP0040,Credit Card,Completed,1702.5,910.0
ORD0008917,2023-07-31,20230731,CUS00205,12,EMP0182,Debit Card,Completed,952.0,480.0
ORD0001876,2023-07-31,20230731,CUS02903,7,EMP0133,InstaPay,Completed,10370.0,9800.0
ORD0010259,2023-07-31,20230731,CUS02742,1,EMP0013,  Vodafone Cash  ,Completed,600.0,360.0
ORD0004077,2023-07-31,20230731,CUS00638,6,EMP0124,Fawry,Completed,720.0,360.0
ORD0007502,2023-07-31,20230731,CUS02959,1,EMP0010,Vodafone Cash,Completed,21120.0,21200.0
ORD0007496,2023-08-01,20230801,CUS00796,2,EMP0049,  Credit Card  ,Completed,247.0,120.0
ORD0008696,2023-08-01,20230801,CUS02081,3,EMP0077,InstaPay,Completed,11524.0,10660.0
ORD0001019,2023-08-01,20230801,CUS00719,3,EMP0066,Credit Card,Completed,1536.0,780.0
ORD0003417,2023-08-01,20230801,CUS01911,3,EMP0069,Credit Card,Completed,1512.0,960.0
ORD0011510,2023-08-01,20230801,CUS02569,7,EMP0134,  Vodafone Cash  ,Completed,119.0,60.0
ORD0007899,2023-08-01,20230801,CUS02080,1,EMP0008,Credit Card,Returned,300.0,140.0
ORD0011989,2023-08-01,20230801,CUS00232,7,EMP0136,Debit Card,Completed,904.0,460.0
ORD0001228,2023-08-01,20230801,CUS00974,7,EMP0132,Vodafone Cash,Completed,2847.0,1600.0
ORD0010650,2023-08-01,20230801,CUS01810,8,EMP0142,Cash,Completed,323.0,170.0
ORD0005504,2023-08-01,20230801,CUS01902,15,EMP0209,Credit Card,Cancelled,480.0,290.0
ORD0010848,2023-08-01,20230801,CUS01520,4,EMP0087,InstaPay,Completed,674.0,370.0
ORD0006991,2023-08-01,20230801,CUS00733,4,EMP0085,InstaPay,Completed,880.0,420.0
ORD0009133,2023-08-01,20230801,CUS01977,3,EMP0068,InstaPay,Completed,200.0,120.0
ORD0000994,2023-08-01,20230801,CUS00269,1,EMP0012,Fawry,Completed,2697.0,1350.0
ORD0010314,2023-08-02,20230802,CUS01307,7,EMP0133,Credit Card,Completed,182.0,130.0
ORD0010200,2023-08-02,20230802,CUS02735,2,EMP0041,Debit Card,Completed,792.0,440.0
ORD0001593,2023-08-02,20230802,CUS02568,5,EMP0104,InstaPay,Cancelled,570.0,500.0
ORD0011201,2023-08-02,20230802,CUS02386,4,EMP0083,InstaPay,Completed,270.0,140.0
ORD0007966,2023-08-02,20230802,CUS01222,2,EMP0052,  Vodafone Cash  ,Completed,1177.0,660.0
ORD0000232,2023-08-02,20230802,CUS01664,6,EMP0123,  Fawry  ,Completed,900.0,470.0
ORD0003799,2023-08-02,20230802,CUS01716,1,EMP0007,Fawry,Completed,255.0,170.0
ORD0005796,2023-08-02,20230802,CUS00118,4,EMP0086,Cash,Completed,310.0,150.0
ORD0005533,2023-08-02,20230802,CUS00448,6,EMP0115,Vodafone Cash,Cancelled,783.0,410.0
ORD0004043,2023-08-02,20230802,CUS02539,7,EMP0136,InstaPay,Completed,90.0,40.0
ORD0008563,2023-08-02,20230802,CUS00184,12,EMP0176,  Credit Card  ,Completed,34530.0,32230.0
ORD0008193,2023-08-02,20230802,CUS01761,2,EMP0044,Credit Card,Completed,270.0,140.0
ORD0003681,2023-08-02,20230802,CUS02252,7,EMP0135,Credit Card,Completed,1650.0,810.0
ORD0004051,2023-08-02,20230802,CUS01174,12,EMP0176,Cash,Completed,554.0,290.0
ORD0005029,2023-08-03,20230803,CUS01523,5,EMP0111,Vodafone Cash,Completed,710.0,350.0
ORD0001288,2023-08-03,20230803,CUS00214,6,EMP0121,  Credit Card  ,Completed,791.0,430.0
ORD0000972,2023-08-03,20230803,CUS01653,5,EMP0096,  Vodafone Cash  ,Completed,360.0,210.0
ORD0009394,2023-08-03,20230803,CUS02423,12,EMP0179,  Vodafone Cash  ,Completed,1260.0,620.0
ORD0011040,2023-08-03,20230803,CUS00380,1,EMP0005,InstaPay,Completed,292.5,160.0
ORD0000897,2023-08-03,20230803,CUS02143,2,EMP0051,InstaPay,Completed,567.0,300.0
ORD0010957,2023-08-04,20230804,CUS00954,1,EMP0016,Fawry,Completed,1111.5,530.0
ORD0007180,2023-08-04,20230804,CUS01787,9,EMP0146,  Cash  ,Completed,1734.0,1000.0
ORD0001981,2023-08-04,20230804,CUS02798,15,EMP0216,Credit Card,Returned,1560.0,780.0
ORD0009981,2023-08-04,20230804,CUS01315,2,EMP0053,Vodafone Cash,Completed,1648.0,860.0
ORD0003529,2023-08-04,20230804,CUS01137,3,EMP0075,InstaPay,Completed,536.0,290.0
ORD0005089,2023-08-04,20230804,CUS02120,1,EMP0013,Credit Card,Completed,30106.0,23970.0
ORD0005713,2023-08-04,20230804,CUS02316,7,EMP0130,  Cash  ,Completed,416.0,260.0
ORD0009571,2023-08-04,20230804,CUS00967,14,EMP0202,InstaPay,Completed,11880.0,9600.0
ORD0009419,2023-08-04,20230804,CUS01074,10,EMP0156,Vodafone Cash,Completed,225.0,140.0
ORD0004608,2023-08-04,20230804,CUS00273,7,EMP0131,Debit Card,Cancelled,2999.5,2540.0
ORD0000386,2023-08-04,20230804,CUS02025,12,EMP0176,InstaPay,Completed,821.0,450.0
ORD0008347,2023-08-05,20230805,CUS01357,14,EMP0196,Vodafone Cash,Completed,5112.0,3920.0
ORD0007744,2023-08-05,20230805,CUS01293,5,EMP0100,Credit Card,Completed,224.0,160.0
ORD0010338,2023-08-05,20230805,CUS00611,3,EMP0064,Vodafone Cash,Completed,1183.5,590.0
ORD0004341,2023-08-05,20230805,CUS02260,14,EMP0195,Fawry,Completed,1615.0,870.0
ORD0002938,2023-08-05,20230805,CUS00719,2,EMP0050,Fawry,Completed,2400.0,1170.0
ORD0007281,2023-08-05,20230805,CUS01472,4,EMP0094,  Cash  ,Returned,699.0,380.0
ORD0002976,2023-08-05,20230805,CUS02225,14,EMP0196,Vodafone Cash,Completed,2302.0,1210.0
ORD0004433,2023-08-05,20230805,CUS01311,2,EMP0045,Cash,Completed,739.5,420.0
ORD0000644,2023-08-05,20230805,CUS02515,4,EMP0093,InstaPay,Completed,2774.0,1440.0
ORD0003079,2023-08-05,20230805,CUS02242,5,EMP0107,Vodafone Cash,Completed,759.0,390.0
ORD0005465,2023-08-05,20230805,CUS00421,15,EMP0211,Debit Card,Completed,1881.0,980.0
ORD0010640,2023-08-05,20230805,CUS00157,8,EMP0143,Debit Card,Completed,430.0,210.0
ORD0000610,2023-08-05,20230805,CUS00924,14,EMP0195,  Credit Card  ,Completed,5560.0,3980.0
ORD0011679,2023-08-06,20230806,CUS01538,4,EMP0090,Vodafone Cash,Completed,678.0,360.0
ORD0001536,2023-08-06,20230806,CUS01826,6,EMP0116,Debit Card,Completed,396.0,220.0
ORD0011470,2023-08-06,20230806,CUS00937,2,EMP0035,InstaPay,Completed,247.0,120.0
ORD0004499,2023-08-06,20230806,CUS01717,2,,Cash,Completed,126.0,70.0
ORD0009239,2023-08-06,20230806,CUS02941,3,EMP0057,Debit Card,Completed,41080.0,35960.0
ORD0007178,2023-08-06,20230806,CUS01856,4,EMP0093,  Fawry  ,Completed,48734.0,38680.0
ORD0009480,2023-08-06,20230806,CUS01663,1,EMP0014,Debit Card,Completed,500.0,240.0
ORD0002857,2023-08-06,20230806,CUS01297,2,EMP0030,Vodafone Cash,Completed,1480.0,730.0
ORD0002995,2023-08-06,20230806,CUS01910,1,EMP0005,Debit Card,Completed,1972.0,1090.0
ORD0000946,2023-08-06,20230806,CUS01380,1,EMP0010,Cash,Completed,255.0,170.0
ORD0007455,2023-08-06,20230806,CUS02267,11,EMP0167,  InstaPay  ,Completed,1872.0,920.0
ORD0004282,2023-08-06,20230806,CUS01902,1,EMP0004,Credit Card,Completed,280.0,170.0
ORD0007927,2023-08-06,20230806,CUS00415,11,EMP0165,Cash,Completed,162.0,80.0
ORD0010489,2023-08-06,20230806,CUS00912,2,EMP0049,InstaPay,Completed,682.5,340.0
ORD0005906,2023-08-07,20230807,CUS00602,7,EMP0134,Vodafone Cash,Completed,2052.0,1120.0
ORD0005540,2023-08-07,20230807,CUS00509,12,,Cash,Completed,13692.0,12050.0
ORD0003176,2023-08-07,20230807,CUS01520,5,EMP0112,Vodafone Cash,Completed,8010.0,7100.0
ORD0006581,2023-08-07,20230807,CUS02696,3,EMP0061,  Cash  ,Completed,520.0,220.0
ORD0010837,2023-08-07,20230807,CUS00995,14,EMP0199,Fawry,Completed,1062.0,580.0
ORD0000682,2023-08-07,20230807,CUS02185,1,EMP0007,Cash,Completed,987.0,510.0
ORD0000936,2023-08-07,20230807,CUS02633,5,EMP0103,Credit Card,Returned,13180.0,10820.0
ORD0001428,2023-08-07,20230807,CUS01163,1,EMP0009,InstaPay,Completed,210.0,100.0
ORD0008375,2023-08-08,20230808,CUS01080,13,EMP0185,Fawry,Completed,150.0,70.0
ORD0007224,2023-08-08,20230808,CUS00048,2,EMP0049,Debit Card,Completed,5000.0,4000.0
ORD0003015,2023-08-08,20230808,CUS02070,4,EMP0089,Fawry,Completed,3464.0,1840.0
ORD0010163,2023-08-08,20230808,CUS00864,5,EMP0102,Credit Card,Completed,990.0,480.0
ORD0010797,2023-08-08,20230808,CUS02500,14,EMP0202,Cash,Completed,800.0,430.0
ORD0000207,2023-08-08,20230808,CUS00271,12,EMP0183,Fawry,Returned,31326.5,24610.0
ORD0009975,2023-08-08,20230808,CUS01143,15,EMP0216,Vodafone Cash,Completed,420.0,210.0
ORD0011173,2023-08-08,20230808,CUS00382,7,EMP0129,  Cash  ,Completed,150.0,70.0
ORD0009605,2023-08-08,20230808,CUS02900,11,EMP0171,Cash,Completed,140.0,90.0
ORD0002872,2023-08-08,20230808,CUS02880,2,EMP0032,Debit Card,Returned,689.0,410.0
ORD0001532,2023-08-09,20230809,CUS02755,2,EMP0045,Credit Card,Completed,4728.0,3440.0
ORD0006704,2023-08-09,20230809,CUS01415,11,EMP0173,Debit Card,Completed,45230.0,36330.0
ORD0003229,2023-08-09,20230809,CUS00447,10,EMP0159,  Cash  ,Completed,774.0,440.0
ORD0010336,2023-08-09,20230809,CUS02358,10,EMP0156,Cash,Completed,168.0,100.0
ORD0011577,2023-08-10,20230810,CUS00417,15,EMP0214,InstaPay,Completed,750.0,360.0
ORD0001116,2023-08-10,20230810,CUS00968,3,EMP0061,  InstaPay  ,Completed,2739.0,1350.0
ORD0004234,2023-08-10,20230810,CUS01590,5,EMP0104,Cash,Completed,243.0,130.0
ORD0007738,2023-08-10,20230810,CUS00073,5,EMP0097,Credit Card,Completed,9560.0,9740.0
ORD0004990,2023-08-10,20230810,CUS02820,11,EMP0172,  Debit Card  ,Completed,510.0,250.0
ORD0006740,2023-08-10,20230810,CUS00051,7,EMP0130,Credit Card,Completed,11621.0,11410.0
ORD0011192,2023-08-10,20230810,CUS02185,1,EMP0024,Cash,Completed,256.0,160.0
ORD0005794,2023-08-10,20230810,CUS01393,9,EMP0151,Vodafone Cash,Completed,21311.0,18250.0
ORD0007179,2023-08-10,20230810,CUS01703,7,,  InstaPay  ,Completed,1344.0,700.0
ORD0000355,2023-08-10,20230810,CUS02162,2,EMP0040,Credit Card,Completed,1340.0,660.0
ORD0008824,2023-08-10,20230810,CUS01605,10,EMP0154,Cash,Completed,340.0,160.0
ORD0004998,2023-08-11,20230811,CUS00471,4,EMP0089,  Credit Card  ,Completed,740.0,330.0
ORD0011795,2023-08-11,20230811,CUS00928,2,EMP0044,Cash,Completed,1354.0,760.0
ORD0003421,2023-08-11,20230811,CUS02641,15,EMP0216,Fawry,Completed,1000.0,490.0
ORD0003629,2023-08-11,20230811,CUS01024,6,EMP0120,Cash,Completed,541.0,280.0
ORD0002663,2023-08-11,20230811,CUS00916,11,EMP0173,Vodafone Cash,Completed,684.0,340.0
ORD0005173,2023-08-11,20230811,CUS00909,5,EMP0099,  InstaPay  ,Completed,22800.5,20050.0
ORD0011917,2023-08-11,20230811,CUS00317,10,EMP0158,InstaPay,Completed,43600.0,34800.0
ORD0011059,2023-08-11,20230811,CUS02976,4,EMP0081,  Cash  ,Completed,171.0,90.0
ORD0006817,2023-08-11,20230811,CUS02234,6,EMP0122,InstaPay,Completed,243.0,120.0
ORD0011943,2023-08-11,20230811,CUS00321,1,EMP0012,Cash,Completed,693.0,380.0
ORD0006086,2023-08-12,20230812,CUS02162,1,EMP0011,Fawry,Completed,238.0,140.0
ORD0004804,2023-08-12,20230812,CUS01396,3,EMP0072,Vodafone Cash,Completed,72.0,40.0
ORD0006923,2023-08-12,20230812,CUS02617,6,EMP0117,  Debit Card  ,Completed,390.0,180.0
ORD0009960,2023-08-12,20230812,CUS01598,15,EMP0209,InstaPay,Returned,1045.0,500.0
ORD0006554,2023-08-12,20230812,CUS00586,7,EMP0134,Cash,Completed,190.0,90.0
ORD0008270,2023-08-12,20230812,CUS01514,2,EMP0040,InstaPay,Completed,678.0,400.0
ORD0006399,2023-08-12,20230812,CUS01902,5,EMP0103,Debit Card,Completed,448.0,280.0
ORD0005036,2023-08-12,20230812,CUS01161,1,EMP0028,Vodafone Cash,Completed,13086.0,13340.0
ORD0007299,2023-08-12,20230812,CUS00940,1,EMP0014,  Credit Card  ,Completed,17550.5,14090.0
ORD0005054,2023-08-12,20230812,CUS00737,8,EMP0140,Vodafone Cash,Completed,461.0,260.0
ORD0009190,2023-08-13,20230813,CUS00727,4,EMP0088,InstaPay,Completed,722.0,380.0
ORD0001078,2023-08-13,20230813,CUS00396,3,EMP0072,Credit Card,Returned,572.5,340.0
ORD0000776,2023-08-13,20230813,CUS01096,14,EMP0195,Vodafone Cash,Returned,470.0,230.0
ORD0006065,2023-08-13,20230813,CUS01381,5,EMP0112,  Cash  ,Completed,1233.0,620.0
ORD0011382,2023-08-13,20230813,CUS01986,6,EMP0115,  Credit Card  ,Completed,288.0,160.0
ORD0010728,2023-08-13,20230813,CUS01916,11,EMP0168,InstaPay,Completed,903.0,540.0
ORD0006148,2023-08-13,20230813,CUS00653,4,EMP0083,Vodafone Cash,Completed,1646.0,800.0
ORD0006848,2023-08-13,20230813,CUS02080,3,EMP0056,InstaPay,Completed,427.5,220.0
ORD0010619,2023-08-14,20230814,CUS00194,1,EMP0014,Vodafone Cash,Completed,5605.0,4700.0
ORD0007970,2023-08-14,20230814,CUS00880,2,EMP0033,  Vodafone Cash  ,Cancelled,836.0,420.0
ORD0004094,2023-08-14,20230814,CUS01598,1,EMP0021,Cash,Cancelled,1372.5,680.0
ORD0000506,2023-08-14,20230814,CUS01705,6,EMP0125,Vodafone Cash,Returned,10738.0,8940.0
ORD0006152,2023-08-14,20230814,CUS00812,5,EMP0103,Debit Card,Completed,616.0,350.0
ORD0004471,2023-08-14,20230814,CUS02487,11,EMP0166,Credit Card,Completed,15035.0,11980.0
ORD0011346,2023-08-14,20230814,CUS01892,1,EMP0023,Cash,Completed,805.0,480.0
ORD0007380,2023-08-14,20230814,CUS01451,10,EMP0163,Vodafone Cash,Completed,332.5,190.0
ORD0008076,2023-08-14,20230814,CUS00063,5,EMP0098,Cash,Completed,23051.0,18090.0
ORD0005626,2023-08-14,20230814,CUS00969,6,EMP0114,Credit Card,Completed,4427.0,4300.0
ORD0007834,2023-08-14,20230814,CUS02159,2,EMP0050,Credit Card,Completed,570.0,270.0
ORD0002438,2023-08-14,20230814,CUS00739,12,EMP0177,Debit Card,Cancelled,494.0,240.0
ORD0008651,2023-08-15,20230815,CUS02280,3,EMP0071,Debit Card,Completed,300.0,140.0
ORD0001777,2023-08-15,20230815,CUS02449,1,EMP0011,Fawry,Completed,168.0,100.0
ORD0005381,2023-08-15,20230815,CUS01236,5,EMP0096,Vodafone Cash,Completed,2418.0,1220.0
ORD0005768,2023-08-15,20230815,CUS02163,1,EMP0007,Vodafone Cash,Completed,112.0,70.0
ORD0002365,2023-08-15,20230815,CUS01818,5,EMP0101,  Vodafone Cash  ,Completed,14160.0,14100.0
ORD0005410,2023-08-15,20230815,CUS00954,3,EMP0071,  Cash  ,Completed,885.0,520.0
ORD0003344,2023-08-16,20230816,CUS02769,11,EMP0166,Debit Card,Completed,880.0,400.0
ORD0004751,2023-08-16,20230816,CUS02872,2,EMP0051,InstaPay,Completed,6140.0,4860.0
ORD0003000,2023-08-16,20230816,CUS00982,2,EMP0029,Credit Card,Completed,1345.0,660.0
ORD0008264,2023-08-16,20230816,CUS00527,4,EMP0087,Fawry,Completed,240.0,120.0
ORD0002463,2023-08-16,20230816,CUS02831,1,EMP0017,  Fawry  ,Completed,405.5,240.0
ORD0004506,2023-08-16,20230816,CUS01675,14,EMP0198,Debit Card,Completed,864.5,420.0
ORD0003675,2023-08-17,20230817,CUS02501,1,EMP0028,Credit Card,Completed,2957.0,1500.0
ORD0006754,2023-08-17,20230817,CUS01900,10,EMP0155,InstaPay,Completed,399.0,210.0
ORD0004314,2023-08-17,20230817,CUS00781,3,EMP0072,Fawry,Returned,2400.0,1560.0
ORD0001105,2023-08-17,20230817,CUS00346,3,EMP0061,Fawry,Completed,594.0,300.0
ORD0005819,2023-08-17,20230817,CUS00878,6,EMP0116,Debit Card,Completed,14400.0,12800.0
ORD0002779,2023-08-17,20230817,CUS02002,11,EMP0169,Vodafone Cash,Completed,15785.0,12440.0
ORD0002292,2023-08-17,20230817,CUS01323,2,EMP0050,  Debit Card  ,Cancelled,510.0,240.0
ORD0011322,2023-08-17,20230817,CUS02698,1,EMP0019,Fawry,Completed,1051.0,550.0
ORD0000599,2023-08-17,20230817,CUS02423,3,,Vodafone Cash,Completed,729.0,390.0
ORD0007171,2023-08-17,20230817,CUS02974,5,EMP0095,  Vodafone Cash  ,Completed,400.0,250.0
ORD0000317,2023-08-17,20230817,CUS00490,5,EMP0104,Vodafone Cash,Returned,5310.0,4700.0
ORD0001957,2023-08-18,20230818,CUS00349,3,EMP0055,InstaPay,Completed,4500.0,3220.0
ORD0001623,2023-08-18,20230818,CUS01534,2,EMP0033,Debit Card,Completed,639.0,350.0
ORD0007703,2023-08-18,20230818,CUS01299,2,EMP0053,Vodafone Cash,Completed,408.0,220.0
ORD0000382,2023-08-18,20230818,CUS00722,4,EMP0083,  Vodafone Cash  ,Returned,750.0,380.0
ORD0007512,2023-08-18,20230818,CUS01578,6,EMP0121,Credit Card,Completed,1244.0,610.0
ORD0005041,2023-08-18,20230818,CUS02760,15,EMP0209,Fawry,Completed,616.0,320.0
ORD0007534,2023-08-18,20230818,CUS01705,1,EMP0018,Fawry,Returned,127.5,70.0
ORD0003888,2023-08-18,20230818,CUS02767,3,EMP0065,Vodafone Cash,Cancelled,2235.0,1220.0
ORD0011595,2023-08-18,20230818,CUS01302,5,EMP0109,InstaPay,Completed,26700.0,28400.0
ORD0011789,2023-08-18,20230818,CUS01914,1,EMP0010,Vodafone Cash,Completed,320.0,140.0
ORD0005490,2023-08-18,20230818,CUS02986,2,EMP0042,  Cash  ,Completed,1097.5,590.0
ORD0002159,2023-08-19,20230819,CUS00853,4,EMP0092,  Fawry  ,Completed,906.0,500.0
ORD0011532,2023-08-19,20230819,CUS01774,15,EMP0215,  Debit Card  ,Completed,648.0,340.0
ORD0003677,2023-08-19,20230819,CUS00044,7,EMP0134,Vodafone Cash,Completed,30559.0,24200.0
ORD0003060,2023-08-19,20230819,CUS02140,11,EMP0173,InstaPay,Returned,2513.0,1330.0
ORD0006888,2023-08-19,20230819,CUS02912,11,EMP0169,Vodafone Cash,Cancelled,189.0,100.0
ORD0008677,2023-08-19,20230819,CUS00071,3,EMP0063,Cash,Cancelled,1633.5,970.0
ORD0010904,2023-08-19,20230819,CUS02780,11,EMP0166,InstaPay,Returned,494.0,260.0
ORD0006920,2023-08-19,20230819,CUS00113,4,EMP0089,Fawry,Completed,1560.0,750.0
ORD0006742,2023-08-19,20230819,CUS01958,1,EMP0014,InstaPay,Completed,1776.0,880.0
ORD0008809,2023-08-19,20230819,CUS00100,1,EMP0006,Credit Card,Returned,1906.0,940.0
ORD0003833,2023-08-19,20230819,CUS01106,5,EMP0096,Debit Card,Returned,1044.0,580.0
ORD0010270,2023-08-19,20230819,CUS00680,12,EMP0174,InstaPay,Completed,1411.0,860.0
ORD0005377,2023-08-19,20230819,CUS01709,2,EMP0050,Fawry,Completed,425.0,240.0
ORD0007711,2023-08-20,20230820,CUS01310,6,EMP0121,Credit Card,Completed,2528.5,1610.0
ORD0002855,2023-08-20,20230820,CUS01988,4,EMP0081,Vodafone Cash,Completed,136.0,80.0
ORD0002331,2023-08-20,20230820,CUS00335,2,EMP0037,Credit Card,Completed,200.0,90.0
ORD0006881,2023-08-20,20230820,CUS01799,4,EMP0092,Fawry,Completed,16708.5,14200.0
ORD0007528,2023-08-20,20230820,CUS00551,1,EMP0009,  Credit Card  ,Completed,460.0,230.0
ORD0011856,2023-08-20,20230820,CUS01342,12,EMP0179,Cash,Completed,16078.0,13200.0
ORD0000367,2023-08-20,20230820,CUS02451,3,EMP0068,Vodafone Cash,Returned,1065.0,710.0
ORD0001677,2023-08-20,20230820,CUS00429,1,EMP0003,Debit Card,Completed,3600.0,3200.0
ORD0004498,2023-08-20,20230820,CUS01081,12,EMP0177,Vodafone Cash,Completed,396.0,220.0
ORD0000713,2023-08-21,20230821,CUS01049,8,EMP0137,Debit Card,Completed,628.5,350.0
ORD0001588,2023-08-21,20230821,CUS00788,1,,  InstaPay  ,Completed,750.0,350.0
ORD0009824,2023-08-21,20230821,CUS02168,6,EMP0122,Credit Card,Completed,1054.5,580.0
ORD0006186,2023-08-21,20230821,CUS01627,9,EMP0146,Cash,Completed,2329.0,1160.0
ORD0005151,2023-08-21,20230821,CUS01613,5,EMP0109,InstaPay,Completed,620.0,300.0
ORD0006709,2023-08-21,20230821,CUS00969,3,EMP0072,  Debit Card  ,Cancelled,1555.5,900.0
ORD0004147,2023-08-21,20230821,CUS02161,10,,Credit Card,Completed,290.0,140.0
ORD0008739,2023-08-21,20230821,CUS00598,9,EMP0149,Credit Card,Completed,244.0,110.0
ORD0006317,2023-08-21,20230821,CUS02067,11,EMP0167,Credit Card,Completed,1688.5,910.0
ORD0007903,2023-08-21,20230821,CUS02548,10,EMP0155,Vodafone Cash,Returned,1590.0,770.0
ORD0006683,2023-08-21,20230821,CUS02522,3,EMP0073,Cash,Completed,120.0,70.0
ORD0011023,2023-08-22,20230822,CUS02201,3,EMP0065,Cash,Cancelled,1597.0,860.0
ORD0000672,2023-08-22,20230822,CUS00184,1,,Credit Card,Completed,144.0,70.0
ORD0004104,2023-08-22,20230822,CUS01028,6,EMP0123,Cash,Completed,1249.5,720.0
ORD0001498,2023-08-22,20230822,CUS00481,1,EMP0003,Credit Card,Completed,378.0,210.0
ORD0004696,2023-08-22,20230822,CUS00674,8,EMP0140,Cash,Completed,245.5,120.0
ORD0006166,2023-08-22,20230822,CUS01230,11,EMP0172,InstaPay,Completed,427.5,210.0
ORD0011456,2023-08-22,20230822,CUS00831,3,EMP0070,  Vodafone Cash  ,Completed,1020.0,580.0
ORD0004708,2023-08-22,20230822,CUS02419,10,EMP0154,  Fawry  ,Completed,1200.0,590.0
ORD0011082,2023-08-22,20230822,CUS00581,11,EMP0167,  Debit Card  ,Completed,260.0,120.0
ORD0007785,2023-08-22,20230822,CUS02558,9,EMP0148,Credit Card,Completed,927.0,490.0
ORD0000923,2023-08-22,20230822,CUS01338,10,EMP0152,Debit Card,Completed,1357.0,690.0
ORD0010483,2023-08-23,20230823,CUS01168,6,EMP0116,Debit Card,Completed,315.0,170.0
ORD0005767,2023-08-23,20230823,CUS02339,10,EMP0158,Cash,Completed,477.0,240.0
ORD0007596,2023-08-23,20230823,CUS01730,8,EMP0142,  InstaPay  ,Returned,1310.0,630.0
ORD0011582,2023-08-23,20230823,CUS01309,1,EMP0021,  Debit Card  ,Completed,22390.0,17690.0
ORD0003164,2023-08-23,20230823,CUS00177,3,EMP0075,InstaPay,Completed,1240.0,600.0
ORD0010491,2023-08-23,20230823,CUS02299,12,EMP0180,Fawry,Completed,486.0,260.0
ORD0008665,2023-08-23,20230823,CUS00576,10,EMP0155,Cash,Completed,3225.0,1610.0
ORD0004835,2023-08-23,20230823,CUS02403,2,EMP0053,Debit Card,Completed,1381.0,690.0
ORD0010244,2023-08-23,20230823,CUS01843,8,EMP0140,Credit Card,Completed,144.0,70.0
ORD0005614,2023-08-24,20230824,CUS01036,1,EMP0012,  InstaPay  ,Completed,920.0,460.0
ORD0007385,2023-08-24,20230824,CUS02236,13,EMP0188,Vodafone Cash,Completed,601.0,280.0
ORD0009559,2023-08-24,20230824,CUS02105,12,EMP0183,  InstaPay  ,Completed,1451.0,820.0
ORD0007105,2023-08-24,20230824,CUS01668,8,EMP0140,Fawry,Returned,840.0,390.0
ORD0003340,2023-08-24,20230824,CUS02811,3,EMP0072,  Debit Card  ,Completed,304.0,180.0
ORD0008046,2023-08-24,20230824,CUS00105,9,EMP0145,  Fawry  ,Cancelled,1754.0,990.0
ORD0011166,2023-08-24,20230824,CUS00798,4,EMP0092,Cash,Completed,12200.0,9800.0
ORD0010554,2023-08-25,20230825,CUS02443,2,EMP0033,Fawry,Completed,1276.0,680.0
ORD0008527,2023-08-25,20230825,CUS01414,1,EMP0018,InstaPay,Completed,475.0,250.0
ORD0002803,2023-08-25,20230825,CUS02370,3,EMP0059,Cash,Completed,2996.0,1730.0
ORD0005511,2023-08-25,20230825,CUS02186,2,EMP0029,Cash,Completed,110.5,60.0
ORD0007750,2023-08-25,20230825,CUS01166,1,EMP0001,Credit Card,Completed,1240.0,600.0
ORD0008859,2023-08-26,20230826,CUS02746,11,,Cash,Completed,480.0,220.0
ORD0003814,2023-08-26,20230826,CUS00748,11,EMP0165,Fawry,Completed,1496.0,850.0
ORD0010047,2023-08-26,20230826,CUS01737,2,EMP0041,Vodafone Cash,Completed,726.5,420.0
ORD0007425,2023-08-26,20230826,CUS00895,10,EMP0154,Vodafone Cash,Completed,290.0,140.0
ORD0006938,2023-08-26,20230826,CUS01364,8,EMP0140,Cash,Completed,1749.5,860.0
ORD0007952,2023-08-26,20230826,CUS01941,10,EMP0152,Debit Card,Completed,1230.0,650.0
ORD0005869,2023-08-26,20230826,CUS01289,7,EMP0128,InstaPay,Completed,27164.0,21620.0
ORD0000370,2023-08-26,20230826,CUS02683,8,EMP0138,Cash,Cancelled,2285.0,1200.0
ORD0008981,2023-08-26,20230826,CUS02720,2,EMP0033,  Vodafone Cash  ,Completed,52640.0,46330.0
ORD0011516,2023-08-26,20230826,CUS00735,2,EMP0048,  Cash  ,Completed,34542.0,30380.0
ORD0002253,2023-08-26,20230826,CUS00827,8,EMP0141,Debit Card,Completed,416.5,190.0
ORD0010237,2023-08-27,20230827,CUS02205,2,EMP0044,Cash,Completed,644.0,360.0
ORD0005792,2023-08-27,20230827,CUS01934,1,EMP0014,  Credit Card  ,Completed,920.0,440.0
ORD0006038,2023-08-27,20230827,CUS02311,12,EMP0176,  Debit Card  ,Completed,456.0,220.0
ORD0002835,2023-08-27,20230827,CUS02394,11,EMP0170,  InstaPay  ,Completed,1934.0,950.0
ORD0008331,2023-08-27,20230827,CUS00873,11,EMP0171,Fawry,Completed,375.0,210.0
ORD0002489,2023-08-27,20230827,CUS00426,6,EMP0114,  Vodafone Cash  ,Returned,300.0,140.0
ORD0009959,2023-08-27,20230827,CUS02919,3,EMP0063,Debit Card,Completed,11900.0,11200.0
ORD0001240,2023-08-28,20230828,CUS02473,3,EMP0055,Fawry,Completed,2411.0,1280.0
ORD0008466,2023-08-28,20230828,CUS01062,1,,Cash,Completed,247.0,130.0
ORD0010614,2023-08-28,20230828,CUS01319,1,EMP0021,Cash,Completed,720.0,360.0
ORD0008810,2023-08-28,20230828,CUS01132,1,EMP0024,InstaPay,Completed,4792.0,3090.0
ORD0004152,2023-08-28,20230828,CUS00883,1,EMP0022,  Cash  ,Completed,1523.0,800.0
ORD0003402,2023-08-28,20230828,CUS02153,12,EMP0183,  Fawry  ,Completed,260.0,130.0
ORD0002576,2023-08-28,20230828,CUS02976,1,EMP0017,InstaPay,Completed,1272.5,690.0
ORD0004844,2023-08-28,20230828,CUS01511,4,EMP0085,  Fawry  ,Returned,45143.0,35690.0
ORD0009659,2023-08-28,20230828,CUS02830,5,EMP0100,  Vodafone Cash  ,Completed,2411.0,1280.0
ORD0004823,2023-08-28,20230828,CUS00542,4,EMP0084,Vodafone Cash,Completed,1274.0,670.0
ORD0007497,2023-08-28,20230828,CUS00219,5,EMP0101,Debit Card,Completed,5000.0,4000.0
ORD0008369,2023-08-28,20230828,CUS00142,3,EMP0073,InstaPay,Completed,928.5,530.0
ORD0004211,2023-08-28,20230828,CUS01165,4,EMP0092,  Fawry  ,Completed,1230.0,660.0
ORD0003185,2023-08-28,20230828,CUS02971,1,EMP0020,InstaPay,Completed,323.0,180.0
ORD0003328,2023-08-28,20230828,CUS00838,4,,Fawry,Cancelled,629.0,360.0
ORD0003299,2023-08-28,20230828,CUS02392,9,EMP0150,  Vodafone Cash  ,Cancelled,266.0,140.0
ORD0001884,2023-08-29,20230829,CUS02497,2,EMP0032,InstaPay,Completed,384.0,210.0
ORD0004982,2023-08-29,20230829,CUS02098,2,EMP0043,Vodafone Cash,Completed,1086.0,550.0
ORD0006205,2023-08-29,20230829,CUS01587,14,EMP0196,Debit Card,Completed,4501.0,2820.0
ORD0007025,2023-08-29,20230829,CUS02710,9,EMP0148,Fawry,Completed,285.0,140.0
ORD0011514,2023-08-29,20230829,CUS02933,2,EMP0049,Vodafone Cash,Completed,693.0,380.0
ORD0010262,2023-08-29,20230829,CUS00936,3,EMP0069,Fawry,Returned,571.5,310.0
ORD0003041,2023-08-29,20230829,CUS01769,6,EMP0113,InstaPay,Completed,11200.0,8900.0
ORD0011793,2023-08-29,20230829,CUS01603,7,,Debit Card,Returned,2953.0,2160.0
ORD0003062,2023-08-29,20230829,CUS01083,3,EMP0056,Cash,Completed,7126.0,5690.0
ORD0008913,2023-08-29,20230829,CUS02220,2,EMP0042,Fawry,Completed,646.0,320.0
ORD0007081,2023-08-29,20230829,CUS00583,6,EMP0116,InstaPay,Completed,8900.0,7100.0
ORD0000192,2023-08-29,20230829,CUS01433,13,EMP0191,Credit Card,Completed,590.0,290.0
ORD0003314,2023-08-30,20230830,CUS00760,3,EMP0076,Fawry,Completed,182.0,130.0
ORD0002127,2023-08-30,20230830,CUS01279,5,EMP0102,Fawry,Completed,229.5,130.0
ORD0010390,2023-08-30,20230830,CUS01889,2,EMP0049,  Vodafone Cash  ,Completed,621.0,330.0
ORD0004385,2023-08-30,20230830,CUS01914,8,EMP0143,Fawry,Returned,364.0,260.0
ORD0007518,2023-08-30,20230830,CUS02924,5,EMP0104,Debit Card,Completed,494.0,260.0
ORD0000912,2023-08-30,20230830,CUS01603,3,EMP0073,InstaPay,Completed,351.5,190.0
ORD0004582,2023-08-30,20230830,CUS02293,4,EMP0089,Cash,Returned,1650.0,810.0
ORD0000339,2023-08-30,20230830,CUS02232,6,EMP0121,Debit Card,Completed,780.0,380.0
ORD0006092,2023-08-30,20230830,CUS02918,1,EMP0018,Vodafone Cash,Completed,2319.0,1160.0
ORD0004869,2023-08-31,20230831,CUS01345,3,EMP0072,Debit Card,Completed,72.0,40.0
ORD0009730,2023-08-31,20230831,CUS01122,3,EMP0065,  Credit Card  ,Completed,220.0,100.0
ORD0002165,2023-08-31,20230831,CUS01346,2,EMP0042,InstaPay,Completed,10200.0,8100.0
ORD0001790,2023-08-31,20230831,CUS02871,3,EMP0066,Debit Card,Completed,778.0,370.0
ORD0008957,2023-08-31,20230831,CUS02356,8,EMP0137,  Vodafone Cash  ,Completed,1916.0,930.0
ORD0000935,2023-08-31,20230831,CUS01496,3,EMP0075,Fawry,Completed,993.5,480.0
ORD0005851,2023-08-31,20230831,CUS00194,13,EMP0190,Vodafone Cash,Completed,7729.0,5840.0
ORD0008440,2023-08-31,20230831,CUS02103,10,EMP0157,Cash,Completed,2180.0,1680.0
ORD0000502,2023-08-31,20230831,CUS01493,11,EMP0165,Credit Card,Completed,1260.0,680.0
ORD0003107,2023-09-01,20230901,CUS02530,5,,InstaPay,Completed,720.0,360.0
ORD0007965,2023-09-01,20230901,CUS00484,13,EMP0186,Vodafone Cash,Completed,684.0,360.0
ORD0006499,2023-09-01,20230901,CUS02790,14,EMP0198,Vodafone Cash,Completed,10100.0,8100.0
ORD0001504,2023-09-01,20230901,CUS00267,1,EMP0019,Vodafone Cash,Returned,3980.0,1960.0
ORD0000774,2023-09-01,20230901,CUS02343,9,EMP0151,InstaPay,Completed,2124.0,1150.0
ORD0004858,2023-09-01,20230901,CUS02121,2,EMP0054,Fawry,Completed,1110.0,530.0
ORD0005189,2023-09-01,20230901,CUS01729,5,EMP0109,Credit Card,Completed,28030.0,23980.0
ORD0008538,2023-09-01,20230901,CUS01671,5,EMP0107,Cash,Completed,32803.5,27150.0
ORD0000921,2023-09-01,20230901,CUS00878,14,EMP0202,Cash,Completed,9218.0,7520.0
ORD0005301,2023-09-01,20230901,CUS00957,10,EMP0157,Cash,Completed,1370.0,900.0
ORD0005267,2023-09-01,20230901,CUS01965,7,,Debit Card,Completed,1496.0,800.0
ORD0006241,2023-09-02,20230902,CUS02404,3,EMP0064,Vodafone Cash,Completed,2243.5,1220.0
ORD0002321,2023-09-02,20230902,CUS00653,3,EMP0063,  Debit Card  ,Completed,781.0,390.0
ORD0005838,2023-09-02,20230902,CUS01795,6,EMP0122,Credit Card,Completed,7275.0,5640.0
ORD0005117,2023-09-02,20230902,CUS02889,9,EMP0148,Vodafone Cash,Completed,678.0,340.0
ORD0011649,2023-09-02,20230902,CUS01542,11,EMP0167,Cash,Completed,3392.5,1690.0
ORD0007815,2023-09-03,20230903,CUS01201,8,EMP0138,InstaPay,Completed,1350.0,1200.0
ORD0011477,2023-09-03,20230903,CUS01206,13,EMP0193,InstaPay,Completed,1173.5,600.0
ORD0009481,2023-09-03,20230903,CUS00772,11,EMP0170,  Credit Card  ,Completed,349.0,200.0
ORD0011870,2023-09-03,20230903,CUS01663,4,EMP0093,Debit Card,Completed,540.0,300.0
ORD0011708,2023-09-03,20230903,CUS00572,4,EMP0086,Debit Card,Completed,549.5,270.0
ORD0008777,2023-09-03,20230903,CUS00450,1,EMP0021,Fawry,Completed,1603.0,830.0
ORD0001490,2023-09-03,20230903,CUS01855,6,EMP0126,  Credit Card  ,Completed,512.0,280.0
ORD0001990,2023-09-03,20230903,CUS02747,10,EMP0154,Vodafone Cash,Returned,247.0,120.0
ORD0006802,2023-09-04,20230904,CUS02273,2,EMP0052,Credit Card,Completed,660.0,320.0
ORD0004767,2023-09-04,20230904,CUS01319,3,EMP0057,Credit Card,Completed,1423.0,760.0
ORD0011623,2023-09-04,20230904,CUS02440,3,,Fawry,Completed,360.0,190.0
ORD0009136,2023-09-04,20230904,CUS00390,3,EMP0064,Fawry,Completed,1456.5,710.0
ORD0006009,2023-09-04,20230904,CUS00542,5,EMP0102,  Debit Card  ,Returned,399.0,210.0
ORD0007218,2023-09-04,20230904,CUS01005,3,EMP0065,  Cash  ,Completed,3237.5,1820.0
ORD0000119,2023-09-04,20230904,CUS02612,2,EMP0032,Vodafone Cash,Completed,707.5,350.0
ORD0003935,2023-09-04,20230904,CUS02089,14,EMP0198,Vodafone Cash,Returned,160.0,70.0
ORD0005602,2023-09-04,20230904,CUS00334,9,EMP0151,Fawry,Returned,520.0,240.0
ORD0001181,2023-09-04,20230904,CUS02889,4,EMP0093,InstaPay,Completed,1279.0,700.0
ORD0003242,2023-09-05,20230905,CUS02207,1,,Vodafone Cash,Completed,300.0,150.0
ORD0000997,2023-09-05,20230905,CUS02297,3,EMP0073,Cash,Completed,204.0,120.0
ORD0006108,2023-09-05,20230905,CUS01823,11,EMP0168,  Credit Card  ,Completed,1139.0,610.0
ORD0006018,2023-09-05,20230905,CUS01484,11,EMP0172,InstaPay,Completed,615.0,290.0
ORD0001898,2023-09-05,20230905,CUS02960,3,EMP0055,Debit Card,Completed,560.0,280.0
ORD0000873,2023-09-05,20230905,CUS01820,2,EMP0036,Cash,Completed,1097.0,560.0
ORD0003419,2023-09-05,20230905,CUS01180,10,EMP0154,Fawry,Completed,120.0,70.0
ORD0008849,2023-09-05,20230905,CUS00470,3,EMP0077,Cash,Completed,2156.0,1110.0
ORD0003672,2023-09-05,20230905,CUS01897,11,EMP0173,Credit Card,Completed,1481.0,790.0
ORD0007786,2023-09-05,20230905,CUS00826,1,EMP0003,  Cash  ,Completed,396.0,220.0
ORD0002744,2023-09-05,20230905,CUS00104,15,EMP0209,Cash,Completed,880.0,430.0
ORD0000453,2023-09-05,20230905,CUS01670,8,EMP0137,Debit Card,Completed,512.0,280.0
ORD0005802,2023-09-05,20230905,CUS00080,2,EMP0043,Cash,Completed,486.0,270.0
ORD0002272,2023-09-05,20230905,CUS00668,1,EMP0002,  Debit Card  ,Completed,475.0,250.0
ORD0000448,2023-09-05,20230905,CUS02520,9,EMP0145,Vodafone Cash,Completed,18371.0,15700.0
ORD0005253,2023-09-06,20230906,CUS02284,1,EMP0014,Credit Card,Completed,260.0,130.0
ORD0002544,2023-09-06,20230906,CUS01416,11,EMP0165,Vodafone Cash,Completed,160.0,70.0
ORD0004701,2023-09-06,20230906,CUS02072,15,EMP0209,Fawry,Completed,632.0,300.0
ORD0003837,2023-09-06,20230906,CUS00566,3,EMP0070,Vodafone Cash,Completed,266.0,140.0
ORD0000538,2023-09-06,20230906,CUS02824,3,EMP0066,Vodafone Cash,Completed,1405.5,750.0
ORD0006907,2023-09-06,20230906,CUS02483,12,EMP0182,InstaPay,Completed,957.5,500.0
ORD0002484,2023-09-06,20230906,CUS00990,9,EMP0150,Fawry,Completed,1670.0,1180.0
ORD0003842,2023-09-06,20230906,CUS01312,2,,Cash,Completed,535.0,260.0
ORD0009586,2023-09-06,20230906,CUS00028,2,EMP0039,Vodafone Cash,Completed,2290.0,1170.0
ORD0006243,2023-09-06,20230906,CUS02981,8,EMP0144,Credit Card,Completed,3116.0,1650.0
ORD0000620,2023-09-06,20230906,CUS00932,2,EMP0033,  Debit Card  ,Completed,530.0,260.0
ORD0011938,2023-09-06,20230906,CUS01509,11,EMP0172,Credit Card,Completed,2637.0,1510.0
ORD0001370,2023-09-06,20230906,CUS00292,2,EMP0031,Cash,Completed,760.0,360.0
ORD0001848,2023-09-06,20230906,CUS02755,2,EMP0047,InstaPay,Completed,600.0,500.0
ORD0002379,2023-09-06,20230906,CUS02836,11,EMP0166,  Credit Card  ,Completed,2010.5,1050.0
ORD0010638,2023-09-06,20230906,CUS01054,4,EMP0089,  Vodafone Cash  ,Completed,4046.0,2260.0
ORD0000961,2023-09-07,20230907,CUS00829,6,EMP0120,Cash,Completed,437.0,220.0
ORD0009653,2023-09-07,20230907,CUS01162,3,EMP0061,Debit Card,Completed,450.0,240.0
ORD0004177,2023-09-07,20230907,CUS02860,15,EMP0208,Debit Card,Completed,909.5,480.0
ORD0008252,2023-09-07,20230907,CUS02065,9,EMP0145,Fawry,Completed,270.0,130.0
ORD0004269,2023-09-07,20230907,CUS00365,5,EMP0099,  Cash  ,Returned,378.0,190.0
ORD0000691,2023-09-07,20230907,CUS02734,11,EMP0166,Vodafone Cash,Completed,10170.0,8860.0
ORD0010726,2023-09-07,20230907,CUS01295,14,EMP0203,  Debit Card  ,Completed,26137.5,24510.0
ORD0010556,2023-09-07,20230907,CUS00076,4,EMP0090,InstaPay,Completed,4425.0,4700.0
ORD0010073,2023-09-08,20230908,CUS02616,2,EMP0046,Vodafone Cash,Completed,108.0,60.0
ORD0008694,2023-09-08,20230908,CUS02096,13,EMP0185,  InstaPay  ,Cancelled,10910.0,10080.0
ORD0001582,2023-09-08,20230908,CUS00271,3,EMP0071,Vodafone Cash,Completed,919.5,700.0
ORD0002641,2023-09-08,20230908,CUS02250,6,EMP0126,Fawry,Completed,37346.0,29760.0
ORD0006295,2023-09-08,20230908,CUS02178,14,EMP0201,InstaPay,Completed,610.0,300.0
ORD0009801,2023-09-08,20230908,CUS02881,6,EMP0115,Credit Card,Completed,554.0,300.0
ORD0011948,2023-09-08,20230908,CUS01275,4,EMP0088,Credit Card,Completed,1580.0,760.0
ORD0009621,2023-09-08,20230908,CUS00618,9,EMP0146,Vodafone Cash,Returned,8010.0,7100.0
ORD0001326,2023-09-08,20230908,CUS00254,14,EMP0197,Fawry,Completed,1386.0,760.0
ORD0001752,2023-09-09,20230909,CUS01800,4,EMP0080,  Vodafone Cash  ,Returned,15029.0,10840.0
ORD0004290,2023-09-09,20230909,CUS01484,12,EMP0182,InstaPay,Completed,561.0,320.0
ORD0001457,2023-09-09,20230909,CUS01323,8,EMP0144,  Credit Card  ,Completed,171.0,80.0
ORD0011973,2023-09-09,20230909,CUS01983,2,EMP0034,Credit Card,Completed,399.5,230.0
ORD0000539,2023-09-09,20230909,CUS01881,8,EMP0144,Debit Card,Completed,240.0,120.0
ORD0010059,2023-09-09,20230909,CUS02589,11,EMP0171,  Fawry  ,Cancelled,945.0,500.0
ORD0009869,2023-09-09,20230909,CUS02173,6,EMP0121,Fawry,Completed,541.5,280.0
ORD0007254,2023-09-09,20230909,CUS02933,4,EMP0080,InstaPay,Completed,361.0,180.0
ORD0000931,2023-09-09,20230909,CUS00418,14,EMP0195,  InstaPay  ,Completed,480.0,220.0
ORD0005314,2023-09-09,20230909,CUS01666,6,EMP0123,Cash,Completed,1634.0,810.0
ORD0001855,2023-09-10,20230910,CUS01917,7,EMP0130,Credit Card,Returned,504.0,340.0
ORD0005814,2023-09-10,20230910,CUS00362,3,EMP0069,InstaPay,Completed,701.5,360.0
ORD0009504,2023-09-10,20230910,CUS01548,7,EMP0136,Cash,Completed,494.0,240.0
ORD0005766,2023-09-10,20230910,CUS01484,11,,Credit Card,Completed,1136.0,560.0
ORD0008531,2023-09-10,20230910,CUS01253,15,EMP0216,InstaPay,Completed,76.5,40.0
ORD0010891,2023-09-10,20230910,CUS02704,10,EMP0156,  Cash  ,Completed,2185.0,1360.0
ORD0001374,2023-09-10,20230910,CUS00922,4,EMP0085,  Cash  ,Returned,2140.0,1670.0
ORD0006137,2023-09-10,20230910,CUS02698,7,EMP0134,Vodafone Cash,Completed,475.0,240.0
ORD0007862,2023-09-10,20230910,CUS02050,3,EMP0077,Cash,Cancelled,19542.0,16280.0
ORD0006196,2023-09-10,20230910,CUS00469,1,EMP0023,InstaPay,Completed,1524.0,750.0
ORD0005211,2023-09-10,20230910,CUS02623,2,EMP0044,Debit Card,Completed,2707.5,1470.0
ORD0005200,2023-09-10,20230910,CUS01189,1,EMP0019,  Fawry  ,Completed,360.0,170.0
ORD0005423,2023-09-11,20230911,CUS02231,2,EMP0029,  InstaPay  ,Completed,1680.0,810.0
ORD0009332,2023-09-11,20230911,CUS00572,15,EMP0204,  Vodafone Cash  ,Completed,1353.5,670.0
ORD0006236,2023-09-11,20230911,CUS00679,3,EMP0061,Vodafone Cash,Completed,127.5,70.0
ORD0009725,2023-09-11,20230911,CUS00480,8,EMP0137,Vodafone Cash,Cancelled,1329.0,720.0
ORD0005594,2023-09-11,20230911,CUS02491,13,EMP0186,Fawry,Completed,26472.0,25390.0
ORD0004884,2023-09-11,20230911,CUS01562,12,EMP0177,Credit Card,Returned,384.0,230.0
ORD0004610,2023-09-11,20230911,CUS02818,2,,Vodafone Cash,Completed,228.0,120.0
ORD0003480,2023-09-11,20230911,CUS01721,1,EMP0015,Debit Card,Completed,531.0,290.0
ORD0011219,2023-09-11,20230911,CUS01393,2,EMP0038,Vodafone Cash,Completed,1138.5,610.0
ORD0011733,2023-09-11,20230911,CUS02456,2,EMP0048,Credit Card,Returned,774.0,420.0
ORD0002073,2023-09-11,20230911,CUS00331,5,EMP0108,  Vodafone Cash  ,Completed,1476.0,770.0
ORD0007086,2023-09-11,20230911,CUS01881,6,EMP0114,InstaPay,Completed,2470.0,2000.0
ORD0010856,2023-09-12,20230912,CUS02417,12,EMP0178,Cash,Completed,634.0,370.0
ORD0000659,2023-09-12,20230912,CUS01256,6,EMP0117,Cash,Completed,2590.0,1390.0
ORD0011445,2023-09-12,20230912,CUS02142,3,EMP0062,Vodafone Cash,Completed,16355.0,12900.0
ORD0002234,2023-09-12,20230912,CUS01108,4,EMP0080,  Debit Card  ,Completed,2112.0,1110.0
ORD0007153,2023-09-12,20230912,CUS01579,3,EMP0076,InstaPay,Completed,988.0,520.0
ORD0006680,2023-09-12,20230912,CUS01345,3,EMP0058,Debit Card,Completed,1462.0,770.0
ORD0009137,2023-09-12,20230912,CUS01851,10,EMP0155,Credit Card,Completed,630.0,310.0
ORD0009686,2023-09-12,20230912,CUS01462,13,EMP0185,Credit Card,Completed,360.0,180.0
ORD0005730,2023-09-12,20230912,CUS01443,3,EMP0074,Debit Card,Completed,870.0,420.0
ORD0005094,2023-09-12,20230912,CUS02301,15,EMP0212,Vodafone Cash,Completed,300.0,140.0
ORD0010992,2023-09-12,20230912,CUS00136,6,EMP0116,Cash,Completed,658.5,400.0
ORD0008084,2023-09-12,20230912,CUS02498,6,EMP0123,InstaPay,Completed,187.0,100.0
ORD0007563,2023-09-12,20230912,CUS01771,1,EMP0011,Fawry,Returned,459.0,260.0
ORD0003918,2023-09-13,20230913,CUS02845,13,EMP0188,InstaPay,Completed,340.0,160.0
ORD0003336,2023-09-13,20230913,CUS02671,10,EMP0153,Credit Card,Completed,261.0,130.0
ORD0005081,2023-09-13,20230913,CUS01154,3,EMP0067,Credit Card,Completed,5850.0,5200.0
ORD0004170,2023-09-13,20230913,CUS01157,2,EMP0030,  InstaPay  ,Completed,1654.0,920.0
ORD0010395,2023-09-13,20230913,CUS02033,1,EMP0011,Debit Card,Completed,160.0,70.0
ORD0006358,2023-09-14,20230914,CUS01203,2,EMP0045,Vodafone Cash,Completed,3697.5,1870.0
ORD0009454,2023-09-14,20230914,CUS00326,11,EMP0171,Vodafone Cash,Completed,2400.0,1390.0
ORD0010198,2023-09-14,20230914,CUS01799,5,EMP0105,  InstaPay  ,Completed,397.0,200.0
ORD0005974,2023-09-14,20230914,CUS02376,1,EMP0009,Vodafone Cash,Completed,14576.0,12110.0
ORD0004592,2023-09-14,20230914,CUS01475,11,EMP0165,Fawry,Completed,11500.0,9100.0
ORD0009947,2023-09-14,20230914,CUS02720,5,,Fawry,Completed,765.5,500.0
ORD0009737,2023-09-14,20230914,CUS01502,2,EMP0030,Vodafone Cash,Completed,604.0,340.0
ORD0006140,2023-09-14,20230914,CUS00421,6,EMP0124,  Vodafone Cash  ,Completed,860.0,480.0
ORD0002716,2023-09-14,20230914,CUS00549,3,EMP0068,Debit Card,Completed,3749.5,1970.0
ORD0009254,2023-09-14,20230914,CUS02545,5,EMP0111,Debit Card,Completed,14967.0,11400.0
ORD0006989,2023-09-14,20230914,CUS01523,1,EMP0015,Cash,Completed,450.0,250.0
ORD0004014,2023-09-14,20230914,CUS02073,2,EMP0029,Fawry,Cancelled,1400.0,670.0
ORD0008297,2023-09-14,20230914,CUS02130,4,EMP0080,  Cash  ,Completed,776.5,430.0
ORD0010620,2023-09-14,20230914,CUS02855,1,EMP0015,Vodafone Cash,Completed,1440.0,680.0
ORD0007817,2023-09-14,20230914,CUS00807,12,,Credit Card,Completed,1224.0,690.0
ORD0002769,2023-09-14,20230914,CUS02566,3,EMP0069,Debit Card,Completed,9552.0,8340.0
ORD0006932,2023-09-14,20230914,CUS00313,1,EMP0002,Fawry,Completed,961.0,500.0
ORD0002583,2023-09-14,20230914,CUS00956,11,EMP0167,Vodafone Cash,Completed,886.5,470.0
ORD0006638,2023-09-15,20230915,CUS01315,1,EMP0026,InstaPay,Completed,1580.0,900.0
ORD0000307,2023-09-15,20230915,CUS01352,3,EMP0077,Debit Card,Completed,1207.0,580.0
ORD0000938,2023-09-15,20230915,CUS01623,2,EMP0050,InstaPay,Completed,90.0,40.0
ORD0002908,2023-09-15,20230915,CUS00477,10,EMP0156,Fawry,Returned,780.0,390.0
ORD0008574,2023-09-15,20230915,CUS01651,3,EMP0067,Debit Card,Completed,25600.0,20600.0
ORD0005608,2023-09-15,20230915,CUS00095,2,EMP0051,InstaPay,Completed,532.0,280.0
ORD0002150,2023-09-15,20230915,CUS01930,1,EMP0015,Cash,Completed,1764.0,890.0
ORD0009362,2023-09-15,20230915,CUS01420,3,EMP0056,InstaPay,Completed,918.5,450.0
ORD0005469,2023-09-15,20230915,CUS00784,3,EMP0061,Fawry,Completed,3107.0,1670.0
ORD0011485,2023-09-15,20230915,CUS02537,1,EMP0012,Fawry,Completed,1054.5,540.0
ORD0001667,2023-09-15,20230915,CUS00862,1,EMP0022,Credit Card,Completed,408.0,220.0
ORD0006503,2023-09-15,20230915,CUS00008,6,EMP0126,  InstaPay  ,Completed,440.0,220.0
ORD0002397,2023-09-15,20230915,CUS01451,1,EMP0023,Fawry,Completed,1170.0,620.0
ORD0005841,2023-09-16,20230916,CUS00167,6,EMP0121,  Vodafone Cash  ,Completed,13106.5,13210.0
ORD0008121,2023-09-16,20230916,CUS01267,10,EMP0157,Credit Card,Completed,1563.0,800.0
ORD0005528,2023-09-16,20230916,CUS02968,10,EMP0156,Vodafone Cash,Completed,2418.0,1320.0
ORD0009462,2023-09-16,20230916,CUS02269,10,EMP0157,  InstaPay  ,Completed,2744.0,1550.0
ORD0000601,2023-09-16,20230916,CUS02241,2,EMP0041,  Cash  ,Completed,300.0,140.0
ORD0005659,2023-09-16,20230916,CUS02427,2,EMP0041,  InstaPay  ,Completed,6142.0,6680.0
ORD0010316,2023-09-16,20230916,CUS02139,1,EMP0019,Debit Card,Completed,8390.0,6610.0
ORD0003831,2023-09-16,20230916,CUS02763,14,EMP0202,InstaPay,Completed,7565.0,7100.0
ORD0002418,2023-09-16,20230916,CUS00291,3,EMP0070,  Debit Card  ,Completed,414.0,220.0
ORD0011617,2023-09-16,20230916,CUS01768,2,EMP0029,InstaPay,Completed,136.0,80.0
ORD0009745,2023-09-16,20230916,CUS00903,13,EMP0185,  Cash  ,Completed,1380.0,690.0
ORD0001685,2023-09-17,20230917,CUS01661,10,EMP0159,Fawry,Completed,200.0,80.0
ORD0011294,2023-09-17,20230917,CUS00403,1,EMP0025,Debit Card,Completed,1174.0,600.0
ORD0011851,2023-09-17,20230917,CUS00487,11,EMP0164,  Fawry  ,Completed,1024.5,570.0
ORD0003285,2023-09-17,20230917,CUS00657,2,EMP0036,  Cash  ,Completed,693.0,380.0
ORD0003143,2023-09-17,20230917,CUS02094,1,EMP0010,Credit Card,Completed,1480.0,740.0
ORD0002699,2023-09-17,20230917,CUS01871,15,EMP0204,Debit Card,Completed,1131.0,540.0
ORD0007161,2023-09-17,20230917,CUS02949,5,EMP0097,InstaPay,Completed,1152.0,680.0
ORD0006953,2023-09-18,20230918,CUS01419,4,,Cash,Returned,136.0,70.0
ORD0007420,2023-09-18,20230918,CUS00864,6,EMP0121,InstaPay,Completed,1430.0,700.0
ORD0009276,2023-09-18,20230918,CUS02583,4,EMP0084,Credit Card,Completed,703.0,360.0
ORD0001885,2023-09-18,20230918,CUS02129,1,EMP0027,InstaPay,Completed,142.5,90.0
ORD0011648,2023-09-18,20230918,CUS02992,6,EMP0121,Debit Card,Completed,1595.5,850.0
ORD0008463,2023-09-18,20230918,CUS02251,7,EMP0128,Cash,Completed,1440.0,720.0
ORD0003706,2023-09-18,20230918,CUS00572,11,EMP0168,Fawry,Completed,2888.0,1480.0
ORD0005084,2023-09-18,20230918,CUS02181,1,EMP0007,Debit Card,Completed,246.5,140.0
ORD0007020,2023-09-19,20230919,CUS02041,2,EMP0049,  Credit Card  ,Completed,1170.0,600.0
ORD0009085,2023-09-19,20230919,CUS02540,1,EMP0009,Fawry,Completed,2512.5,1340.0
ORD0000741,2023-09-19,20230919,CUS00432,13,EMP0189,InstaPay,Completed,270.0,150.0
ORD0009056,2023-09-19,20230919,CUS01802,5,EMP0103,InstaPay,Completed,126.0,70.0
ORD0001713,2023-09-19,20230919,CUS00106,2,,  Debit Card  ,Completed,740.0,360.0
ORD0009358,2023-09-19,20230919,CUS02363,10,EMP0154,Fawry,Completed,347.0,170.0
ORD0006736,2023-09-19,20230919,CUS02463,6,EMP0122,Cash,Returned,1290.0,630.0
ORD0005693,2023-09-19,20230919,CUS01809,2,,  Credit Card  ,Completed,252.0,140.0
ORD0009516,2023-09-19,20230919,CUS02470,4,EMP0092,Credit Card,Returned,603.0,310.0
ORD0009306,2023-09-19,20230919,CUS02016,3,EMP0055,  Fawry  ,Completed,150.0,70.0
ORD0002707,2023-09-19,20230919,CUS02423,13,EMP0186,Debit Card,Completed,4002.0,3060.0
ORD0005811,2023-09-19,20230919,CUS01118,2,EMP0046,Cash,Completed,950.0,510.0
ORD0008961,2023-09-20,20230920,CUS01242,14,EMP0198,Fawry,Completed,330.0,160.0
ORD0002263,2023-09-20,20230920,CUS00218,6,EMP0124,Vodafone Cash,Completed,1246.0,630.0
ORD0002547,2023-09-20,20230920,CUS01268,1,EMP0025,  Debit Card  ,Completed,1155.0,580.0
ORD0007466,2023-09-20,20230920,CUS00695,3,EMP0062,Cash,Completed,320.0,160.0
ORD0002556,2023-09-20,20230920,CUS02296,8,EMP0139,Fawry,Completed,882.0,480.0
ORD0007911,2023-09-20,20230920,CUS00303,1,EMP0007,Credit Card,Cancelled,135.0,70.0
ORD0009301,2023-09-20,20230920,CUS02836,14,EMP0194,Debit Card,Completed,4782.0,2420.0
ORD0008625,2023-09-20,20230920,CUS00240,1,,Vodafone Cash,Completed,5793.0,2940.0
ORD0005449,2023-09-20,20230920,CUS02749,1,,Vodafone Cash,Completed,333.0,180.0
ORD0003073,2023-09-20,20230920,CUS01920,2,,Cash,Cancelled,918.0,510.0
ORD0003889,2023-09-21,20230921,CUS01999,2,EMP0029,  InstaPay  ,Completed,912.0,440.0
ORD0004273,2023-09-21,20230921,CUS00845,7,EMP0129,InstaPay,Completed,240.0,150.0
ORD0000434,2023-09-21,20230921,CUS00908,4,EMP0083,Fawry,Completed,910.5,520.0
ORD0000996,2023-09-21,20230921,CUS00795,4,EMP0085,Fawry,Completed,1338.0,700.0
ORD0005442,2023-09-21,20230921,CUS02685,2,EMP0031,Credit Card,Completed,1722.0,820.0
ORD0006398,2023-09-21,20230921,CUS01110,4,EMP0085,  InstaPay  ,Completed,637.5,360.0
ORD0006713,2023-09-21,20230921,CUS01529,2,EMP0051,InstaPay,Completed,228.0,120.0
ORD0004070,2023-09-21,20230921,CUS01272,2,EMP0047,Credit Card,Completed,532.0,270.0
ORD0010617,2023-09-21,20230921,CUS01217,1,EMP0010,  Vodafone Cash  ,Completed,216.0,110.0
ORD0006110,2023-09-21,20230921,CUS00647,9,EMP0151,Fawry,Completed,830.0,540.0
ORD0011975,2023-09-21,20230921,CUS01426,1,,InstaPay,Completed,1471.0,720.0
ORD0005857,2023-09-21,20230921,CUS00733,2,EMP0034,Cash,Completed,1349.0,700.0
ORD0001361,2023-09-21,20230921,CUS00789,1,EMP0007,Cash,Completed,5120.0,3240.0
ORD0005832,2023-09-21,20230921,CUS00954,4,EMP0080,Vodafone Cash,Completed,1740.0,870.0
ORD0002261,2023-09-21,20230921,CUS01750,2,EMP0038,Debit Card,Completed,535.5,300.0
ORD0003254,2023-09-22,20230922,CUS00054,1,EMP0005,Credit Card,Completed,216.0,120.0
ORD0003367,2023-09-22,20230922,CUS01248,3,EMP0058,  Cash  ,Completed,133.0,60.0
ORD0012000,2023-09-22,20230922,CUS02891,2,EMP0045,  Debit Card  ,Completed,1240.0,600.0
ORD0000196,2023-09-22,20230922,CUS01669,5,EMP0096,InstaPay,Completed,8972.0,8300.0
ORD0008056,2023-09-22,20230922,CUS00187,3,EMP0055,Cash,Completed,270.0,140.0
ORD0008576,2023-09-22,20230922,CUS00728,2,EMP0039,Fawry,Completed,189.0,100.0
ORD0006490,2023-09-22,20230922,CUS00199,3,EMP0060,Vodafone Cash,Completed,793.0,430.0
ORD0001537,2023-09-22,20230922,CUS02835,4,EMP0081,Credit Card,Completed,662.0,370.0
ORD0001289,2023-09-22,20230922,CUS00935,3,EMP0069,Cash,Completed,468.0,260.0
ORD0001983,2023-09-22,20230922,CUS02817,7,EMP0136,Debit Card,Completed,1224.5,680.0
ORD0007910,2023-09-22,20230922,CUS02330,2,EMP0031,Debit Card,Completed,1272.5,630.0
ORD0010523,2023-09-22,20230922,CUS00682,1,,Credit Card,Completed,1752.0,860.0
ORD0001798,2023-09-22,20230922,CUS02804,10,EMP0155,Debit Card,Completed,513.0,270.0
ORD0010356,2023-09-23,20230923,CUS02847,9,,Cash,Completed,745.0,370.0
ORD0000872,2023-09-23,20230923,CUS02393,2,EMP0044,Credit Card,Completed,720.0,340.0
ORD0000030,2023-09-23,20230923,CUS02706,7,EMP0129,InstaPay,Completed,2333.0,1210.0
ORD0010539,2023-09-23,20230923,CUS01105,11,EMP0171,Cash,Completed,3049.0,1630.0
ORD0011145,2023-09-23,20230923,CUS01149,5,EMP0098,Vodafone Cash,Completed,243.0,120.0
ORD0001233,2023-09-23,20230923,CUS00091,3,EMP0062,Fawry,Completed,2288.0,1150.0
ORD0002814,2023-09-23,20230923,CUS00208,3,EMP0058,Fawry,Completed,90.0,40.0
ORD0004710,2023-09-23,20230923,CUS02448,11,EMP0168,InstaPay,Completed,1458.0,780.0
ORD0010885,2023-09-23,20230923,CUS02237,2,EMP0051,Vodafone Cash,Completed,810.0,410.0
ORD0008850,2023-09-23,20230923,CUS02211,15,EMP0205,  InstaPay  ,Completed,1648.5,910.0
ORD0007588,2023-09-23,20230923,CUS00157,13,EMP0192,Cash,Completed,418.0,220.0
ORD0010417,2023-09-23,20230923,CUS00381,1,EMP0002,InstaPay,Completed,10719.0,9180.0
ORD0002512,2023-09-24,20230924,CUS00594,13,EMP0185,Credit Card,Completed,388.0,180.0
ORD0000411,2023-09-24,20230924,CUS02449,4,EMP0081,Fawry,Returned,1664.0,820.0
ORD0010433,2023-09-24,20230924,CUS02341,3,EMP0067,Cash,Completed,1501.0,850.0
ORD0005702,2023-09-24,20230924,CUS01457,11,EMP0167,Cash,Completed,600.0,280.0
ORD0004398,2023-09-24,20230924,CUS00140,13,EMP0188,Fawry,Completed,964.0,500.0
ORD0000035,2023-09-24,20230924,CUS02728,3,EMP0075,  Credit Card  ,Completed,12200.0,9800.0
ORD0009294,2023-09-24,20230924,CUS02828,4,EMP0086,Cash,Completed,9252.0,7340.0
ORD0001248,2023-09-24,20230924,CUS02993,1,EMP0012,Cash,Completed,360.0,180.0
ORD0003739,2023-09-24,20230924,CUS01349,2,EMP0049,Cash,Completed,430.0,210.0
ORD0010747,2023-09-25,20230925,CUS02301,15,EMP0209,Credit Card,Completed,1075.0,550.0
ORD0006933,2023-09-25,20230925,CUS02048,2,EMP0053,Credit Card,Completed,420.0,200.0
ORD0006198,2023-09-25,20230925,CUS02811,14,EMP0200,Vodafone Cash,Completed,3026.5,1690.0
ORD0009784,2023-09-25,20230925,CUS02993,2,EMP0040,Credit Card,Completed,2315.0,1810.0
ORD0003773,2023-09-25,20230925,CUS01893,7,EMP0127,Fawry,Completed,432.0,230.0
ORD0011965,2023-09-25,20230925,CUS00537,3,EMP0069,InstaPay,Completed,128.0,70.0
ORD0003787,2023-09-25,20230925,CUS00815,14,EMP0201,  Vodafone Cash  ,Completed,835.0,490.0
ORD0004212,2023-09-25,20230925,CUS02818,2,EMP0039,Cash,Completed,510.0,280.0
ORD0005994,2023-09-25,20230925,CUS00984,5,EMP0103,  Cash  ,Completed,384.0,230.0
ORD0002069,2023-09-26,20230926,CUS01009,13,EMP0193,Debit Card,Completed,792.0,440.0
ORD0003288,2023-09-26,20230926,CUS02769,4,EMP0083,Credit Card,Completed,678.0,360.0
ORD0009415,2023-09-26,20230926,CUS00089,2,EMP0045,Fawry,Completed,2344.0,1420.0
ORD0002465,2023-09-26,20230926,CUS01026,2,EMP0034,  Cash  ,Completed,9728.0,8620.0
ORD0006032,2023-09-26,20230926,CUS01560,8,EMP0142,  Cash  ,Completed,3492.5,2340.0
ORD0005573,2023-09-27,20230927,CUS01772,3,EMP0071,Fawry,Completed,1560.0,760.0
ORD0006587,2023-09-27,20230927,CUS02428,2,EMP0052,InstaPay,Completed,1444.0,1140.0
ORD0008428,2023-09-27,20230927,CUS00423,8,EMP0144,Vodafone Cash,Completed,6583.5,5540.0
ORD0000325,2023-09-27,20230927,CUS01576,10,EMP0153,Debit Card,Completed,510.0,290.0
ORD0004657,2023-09-27,20230927,CUS01505,9,EMP0149,Credit Card,Completed,1239.0,730.0
ORD0001945,2023-09-27,20230927,CUS00688,11,EMP0167,Cash,Completed,494.0,240.0
ORD0009341,2023-09-27,20230927,CUS00894,7,EMP0133,Fawry,Completed,972.0,510.0
ORD0000157,2023-09-27,20230927,CUS02669,14,EMP0196,Vodafone Cash,Completed,2407.0,1250.0
ORD0001084,2023-09-27,20230927,CUS00132,10,EMP0158,Debit Card,Completed,1094.5,570.0
ORD0007112,2023-09-27,20230927,CUS02595,1,EMP0023,Cash,Returned,1216.0,740.0
ORD0007897,2023-09-27,20230927,CUS01151,1,,Credit Card,Completed,2902.0,2240.0
ORD0006698,2023-09-27,20230927,CUS01328,10,EMP0161,Cash,Returned,1445.5,1000.0
ORD0006662,2023-09-28,20230928,CUS00496,2,EMP0048,Cash,Completed,2158.0,1240.0
ORD0008618,2023-09-28,20230928,CUS02046,1,EMP0007,  Debit Card  ,Completed,2275.5,1380.0
ORD0002584,2023-09-28,20230928,CUS02023,8,,Fawry,Completed,940.0,460.0
ORD0006278,2023-09-28,20230928,CUS02344,5,EMP0103,Credit Card,Completed,1487.0,770.0
ORD0010936,2023-09-28,20230928,CUS01903,2,EMP0051,InstaPay,Completed,553.0,280.0
ORD0010702,2023-09-28,20230928,CUS01686,8,EMP0143,InstaPay,Completed,54621.0,48110.0
ORD0001548,2023-09-28,20230928,CUS00712,7,EMP0136,Credit Card,Completed,4137.0,3610.0
ORD0007938,2023-09-28,20230928,CUS00720,2,EMP0045,Fawry,Completed,847.0,440.0
ORD0005991,2023-09-29,20230929,CUS00432,2,EMP0050,InstaPay,Completed,20148.0,15990.0
ORD0009651,2023-09-29,20230929,CUS01639,4,EMP0082,Cash,Completed,1660.0,810.0
ORD0009608,2023-09-29,20230929,CUS02537,13,EMP0186,Fawry,Completed,774.0,410.0
ORD0007421,2023-09-29,20230929,CUS00704,2,EMP0032,Credit Card,Completed,741.0,340.0
ORD0006268,2023-09-29,20230929,CUS00795,3,EMP0077,Cash,Cancelled,24617.0,18890.0
ORD0004022,2023-09-29,20230929,CUS02057,11,EMP0173,  Cash  ,Returned,470.0,250.0
ORD0000057,2023-09-29,20230929,CUS00920,6,EMP0120,  Fawry  ,Completed,243.0,120.0
ORD0001154,2023-09-29,20230929,CUS02840,3,EMP0073,Fawry,Completed,37788.0,42440.0
ORD0000808,2023-09-29,20230929,CUS00334,3,EMP0075,Credit Card,Completed,773.5,460.0
ORD0007280,2023-09-29,20230929,CUS00822,4,EMP0087,InstaPay,Completed,144.0,70.0
ORD0003990,2023-09-29,20230929,CUS00371,1,EMP0005,Debit Card,Completed,98.0,60.0
ORD0011969,2023-09-30,20230930,CUS00357,4,EMP0093,Vodafone Cash,Returned,234.0,120.0
ORD0007084,2023-09-30,20230930,CUS00047,5,EMP0099,  Credit Card  ,Completed,230.0,110.0
ORD0004437,2023-09-30,20230930,CUS02292,2,EMP0033,Credit Card,Completed,1200.0,600.0
ORD0008735,2023-09-30,20230930,CUS01846,4,EMP0089,Fawry,Completed,456.0,240.0
ORD0000631,2023-09-30,20230930,CUS02546,10,EMP0161,InstaPay,Completed,8066.5,7390.0
ORD0009345,2023-09-30,20230930,CUS00073,4,EMP0094,  Debit Card  ,Completed,225.0,110.0
ORD0004647,2023-09-30,20230930,CUS02107,5,EMP0098,Credit Card,Returned,536.0,280.0
ORD0010647,2023-09-30,20230930,CUS01102,9,EMP0145,InstaPay,Completed,1067.0,530.0
ORD0011180,2023-09-30,20230930,CUS01762,2,EMP0044,Credit Card,Completed,674.0,340.0
ORD0010010,2023-09-30,20230930,CUS02544,2,EMP0030,Cash,Completed,876.0,460.0
ORD0010099,2023-09-30,20230930,CUS01079,3,EMP0062,  InstaPay  ,Completed,672.0,400.0
ORD0007297,2023-09-30,20230930,CUS02010,12,EMP0184,Debit Card,Completed,5490.0,4900.0
ORD0005038,2023-09-30,20230930,CUS00816,12,EMP0177,InstaPay,Completed,216.0,120.0
ORD0010468,2023-09-30,20230930,CUS00006,12,EMP0178,Fawry,Completed,1324.5,690.0
ORD0009071,2023-09-30,20230930,CUS02148,4,EMP0086,InstaPay,Completed,840.0,420.0
ORD0002691,2023-10-01,20231001,CUS00048,2,EMP0046,InstaPay,Completed,957.5,480.0
ORD0000949,2023-10-01,20231001,CUS00218,2,EMP0054,InstaPay,Completed,19663.0,16830.0
ORD0005688,2023-10-01,20231001,CUS02451,1,EMP0004,Vodafone Cash,Returned,2080.0,1040.0
ORD0011232,2023-10-01,20231001,CUS01000,8,EMP0137,  InstaPay  ,Completed,1009.0,460.0
ORD0003002,2023-10-01,20231001,CUS00492,2,EMP0050,Cash,Completed,560.0,280.0
ORD0011364,2023-10-01,20231001,CUS01621,12,EMP0174,Credit Card,Completed,1590.0,790.0
ORD0006365,2023-10-01,20231001,CUS00010,3,EMP0061,Vodafone Cash,Completed,198.0,100.0
ORD0005866,2023-10-01,20231001,CUS02232,8,EMP0142,InstaPay,Completed,648.0,340.0
ORD0009666,2023-10-01,20231001,CUS01679,3,,Cash,Completed,510.0,250.0
ORD0001618,2023-10-01,20231001,CUS02137,12,EMP0176,Cash,Completed,285.0,150.0
ORD0007559,2023-10-01,20231001,CUS02908,3,EMP0056,Cash,Completed,923.0,500.0
ORD0010128,2023-10-01,20231001,CUS00424,6,EMP0118,Credit Card,Completed,1274.0,680.0
ORD0000446,2023-10-01,20231001,CUS01716,7,EMP0136,Vodafone Cash,Completed,160.0,70.0
ORD0006790,2023-10-01,20231001,CUS01961,1,EMP0013,Fawry,Completed,680.0,320.0
ORD0009106,2023-10-01,20231001,CUS00308,12,EMP0180,Vodafone Cash,Completed,1559.5,880.0
ORD0007270,2023-10-02,20231002,CUS02059,4,EMP0082,  Debit Card  ,Cancelled,3162.0,1830.0
ORD0007349,2023-10-02,20231002,CUS02879,5,EMP0109,  Cash  ,Returned,1441.0,720.0
ORD0001611,2023-10-02,20231002,CUS01089,3,EMP0064,  Debit Card  ,Completed,25080.0,21200.0
ORD0004859,2023-10-02,20231002,CUS00701,1,EMP0025,  Vodafone Cash  ,Completed,320.0,140.0
ORD0009140,2023-10-02,20231002,CUS02755,12,EMP0181,Credit Card,Completed,1246.5,650.0
ORD0002727,2023-10-02,20231002,CUS01711,2,EMP0038,InstaPay,Completed,314.0,160.0
ORD0006895,2023-10-02,20231002,CUS02127,9,,  Vodafone Cash  ,Completed,13395.5,10610.0
ORD0001020,2023-10-02,20231002,CUS00669,2,EMP0044,Fawry,Returned,243.0,130.0
ORD0002815,2023-10-02,20231002,CUS02944,1,EMP0015,InstaPay,Completed,2300.0,1220.0
ORD0003822,2023-10-02,20231002,CUS01379,5,EMP0106,  Debit Card  ,Completed,10412.0,8440.0
ORD0005774,2023-10-02,20231002,CUS00888,4,EMP0079,  Cash  ,Completed,1940.0,960.0
ORD0005236,2023-10-03,20231003,CUS02845,5,EMP0098,Vodafone Cash,Completed,513.0,270.0
ORD0006223,2023-10-03,20231003,CUS01642,5,EMP0104,  Vodafone Cash  ,Completed,13804.0,12140.0
ORD0002969,2023-10-03,20231003,CUS02463,14,EMP0199,Credit Card,Completed,770.0,350.0
ORD0001516,2023-10-03,20231003,CUS01331,4,EMP0092,InstaPay,Completed,1677.0,890.0
ORD0005334,2023-10-03,20231003,CUS01459,4,EMP0090,  Debit Card  ,Cancelled,510.0,290.0
ORD0010396,2023-10-03,20231003,CUS01972,2,EMP0033,Cash,Completed,633.0,380.0
ORD0010419,2023-10-03,20231003,CUS02572,12,EMP0175,  Cash  ,Completed,203.0,140.0
ORD0007275,2023-10-03,20231003,CUS01048,13,,Vodafone Cash,Completed,456.0,210.0
ORD0003746,2023-10-03,20231003,CUS02599,15,EMP0210,Cash,Completed,1690.0,820.0
ORD0008032,2023-10-03,20231003,CUS01864,1,EMP0023,Fawry,Completed,13760.0,10770.0
ORD0006834,2023-10-03,20231003,CUS01751,15,EMP0211,InstaPay,Completed,612.0,320.0
ORD0010883,2023-10-03,20231003,CUS02673,7,EMP0127,Credit Card,Cancelled,1647.0,900.0
ORD0001771,2023-10-03,20231003,CUS00831,1,EMP0004,Credit Card,Completed,729.0,380.0
ORD0000447,2023-10-04,20231004,CUS00145,11,EMP0165,Cash,Completed,600.0,300.0
ORD0010971,2023-10-04,20231004,CUS01371,2,,  Fawry  ,Completed,112.5,70.0
ORD0007008,2023-10-04,20231004,CUS00526,7,,InstaPay,Completed,171.0,90.0
ORD0007907,2023-10-04,20231004,CUS01779,4,EMP0084,Fawry,Returned,20105.5,15680.0
ORD0010546,2023-10-04,20231004,CUS00347,8,EMP0139,Debit Card,Cancelled,5532.0,3200.0
ORD0008862,2023-10-04,20231004,CUS02527,1,EMP0010,Vodafone Cash,Completed,1544.0,840.0
ORD0011458,2023-10-04,20231004,CUS00295,1,EMP0022,Debit Card,Completed,13857.0,12530.0
ORD0002029,2023-10-04,20231004,CUS01116,9,EMP0150,InstaPay,Cancelled,172.5,110.0
ORD0000999,2023-10-04,20231004,CUS00352,5,EMP0111,  InstaPay  ,Completed,112.0,70.0
ORD0000015,2023-10-04,20231004,CUS01409,6,,  Debit Card  ,Completed,76.5,40.0
ORD0004569,2023-10-04,20231004,CUS02310,11,EMP0167,Credit Card,Completed,590.0,290.0
ORD0001929,2023-10-05,20231005,CUS01697,10,EMP0152,Cash,Completed,1746.0,900.0
ORD0010398,2023-10-05,20231005,CUS02560,5,EMP0107,InstaPay,Completed,1413.0,710.0
ORD0002119,2023-10-05,20231005,CUS02245,10,EMP0155,Debit Card,Completed,57879.5,45630.0
ORD0004319,2023-10-05,20231005,CUS00511,4,EMP0090,Cash,Completed,160.0,70.0
ORD0006814,2023-10-05,20231005,CUS00258,10,EMP0154,  Cash  ,Completed,8327.0,6140.0
ORD0008243,2023-10-05,20231005,CUS01395,2,EMP0054,Vodafone Cash,Completed,5795.0,4900.0
ORD0001567,2023-10-05,20231005,CUS00135,2,EMP0038,InstaPay,Completed,240.0,110.0
ORD0000202,2023-10-05,20231005,CUS01334,5,EMP0107,Vodafone Cash,Completed,16450.0,13200.0
ORD0007879,2023-10-05,20231005,CUS01581,1,EMP0008,Fawry,Returned,3260.0,1580.0
ORD0008537,2023-10-06,20231006,CUS00571,13,EMP0185,Debit Card,Completed,800.0,390.0
ORD0010520,2023-10-06,20231006,CUS01265,3,EMP0072,Debit Card,Completed,1495.5,930.0
ORD0004574,2023-10-06,20231006,CUS02888,10,EMP0159,  Fawry  ,Cancelled,120.0,80.0
ORD0010252,2023-10-06,20231006,CUS00249,4,EMP0094,  Credit Card  ,Completed,5381.5,2720.0
ORD0011967,2023-10-06,20231006,CUS00997,4,EMP0082,Vodafone Cash,Completed,874.0,640.0
ORD0008362,2023-10-07,20231007,CUS02223,4,EMP0086,InstaPay,Completed,584.0,290.0
ORD0006285,2023-10-07,20231007,CUS00914,12,EMP0175,Debit Card,Completed,420.0,210.0
ORD0001477,2023-10-07,20231007,CUS00948,4,EMP0093,Credit Card,Completed,1919.0,1040.0
ORD0005640,2023-10-07,20231007,CUS00370,6,EMP0114,InstaPay,Completed,1287.0,720.0
ORD0009283,2023-10-07,20231007,CUS01935,2,EMP0032,Credit Card,Completed,1023.0,500.0
ORD0005276,2023-10-07,20231007,CUS00998,9,EMP0148,InstaPay,Completed,340.0,160.0
ORD0002124,2023-10-07,20231007,CUS00967,5,EMP0106,InstaPay,Returned,2055.0,1090.0
ORD0000925,2023-10-08,20231008,CUS02742,15,EMP0215,Fawry,Completed,2609.0,1400.0
ORD0001708,2023-10-08,20231008,CUS02750,2,EMP0036,Credit Card,Completed,60144.0,47940.0
ORD0002848,2023-10-08,20231008,CUS00341,9,,Vodafone Cash,Completed,8000.0,6400.0
ORD0000003,2023-10-08,20231008,CUS01275,2,EMP0049,Fawry,Completed,322.5,210.0
ORD0010103,2023-10-08,20231008,CUS00966,2,EMP0050,InstaPay,Completed,450.0,220.0
ORD0003431,2023-10-08,20231008,CUS02495,9,EMP0146,InstaPay,Returned,288.0,140.0
ORD0008508,2023-10-08,20231008,CUS00494,2,EMP0029,Cash,Completed,423.0,230.0
ORD0004049,2023-10-09,20231009,CUS01452,2,EMP0033,Debit Card,Completed,142.5,70.0
ORD0002812,2023-10-09,20231009,CUS01670,15,EMP0212,Debit Card,Completed,360.0,160.0
ORD0003387,2023-10-09,20231009,CUS01272,6,EMP0120,InstaPay,Completed,392.0,280.0
ORD0002532,2023-10-09,20231009,CUS02638,1,EMP0021,Debit Card,Completed,1152.0,590.0
ORD0008513,2023-10-09,20231009,CUS01305,12,EMP0184,  Credit Card  ,Returned,11463.5,9140.0
ORD0007722,2023-10-09,20231009,CUS00556,2,EMP0053,InstaPay,Completed,336.0,170.0
ORD0001412,2023-10-09,20231009,CUS00012,1,EMP0016,Debit Card,Completed,114.0,60.0
ORD0000633,2023-10-09,20231009,CUS01461,4,EMP0087,Credit Card,Completed,11447.0,9560.0
ORD0009558,2023-10-09,20231009,CUS01629,7,EMP0127,Credit Card,Completed,390.0,260.0
ORD0007550,2023-10-09,20231009,CUS02539,2,EMP0038,Fawry,Completed,300.0,140.0
ORD0008433,2023-10-09,20231009,CUS01562,15,EMP0212,Fawry,Completed,24522.0,27020.0
ORD0005765,2023-10-09,20231009,CUS02195,2,EMP0052,Debit Card,Completed,8729.0,9900.0
ORD0007393,2023-10-09,20231009,CUS01888,7,EMP0129,  Credit Card  ,Completed,230.0,110.0
ORD0010393,2023-10-10,20231010,CUS01619,2,,InstaPay,Completed,272.5,130.0
ORD0002850,2023-10-10,20231010,CUS02710,5,EMP0099,Debit Card,Completed,142.5,70.0
ORD0007449,2023-10-10,20231010,CUS00974,5,EMP0110,Cash,Completed,2154.0,1040.0
ORD0000632,2023-10-10,20231010,CUS01363,2,EMP0029,Fawry,Completed,468.0,250.0
ORD0002075,2023-10-10,20231010,CUS02422,15,EMP0214,Debit Card,Completed,171.0,90.0
ORD0009966,2023-10-10,20231010,CUS00394,2,EMP0045,Vodafone Cash,Completed,795.0,450.0
ORD0007118,2023-10-10,20231010,CUS01264,6,EMP0116,Fawry,Completed,984.0,490.0
ORD0004307,2023-10-10,20231010,CUS00766,11,EMP0170,Fawry,Completed,1565.5,790.0
ORD0004318,2023-10-10,20231010,CUS01184,7,EMP0130,Fawry,Completed,450.5,240.0
ORD0000390,2023-10-10,20231010,CUS02778,7,EMP0128,Debit Card,Completed,1064.0,560.0
ORD0002225,2023-10-10,20231010,CUS00807,4,EMP0085,  InstaPay  ,Completed,442.0,250.0
ORD0007439,2023-10-10,20231010,CUS01204,4,EMP0091,InstaPay,Completed,988.0,520.0
ORD0011914,2023-10-10,20231010,CUS00316,6,EMP0123,Debit Card,Completed,610.0,300.0
ORD0005915,2023-10-10,20231010,CUS01882,1,EMP0007,Cash,Completed,650.0,320.0
ORD0005920,2023-10-10,20231010,CUS00888,6,EMP0114,  Fawry  ,Completed,442.0,250.0
ORD0002962,2023-10-10,20231010,CUS00112,14,EMP0201,Fawry,Completed,247.5,120.0
ORD0010518,2023-10-11,20231011,CUS02008,13,EMP0192,Credit Card,Cancelled,8455.0,7100.0
ORD0002632,2023-10-11,20231011,CUS02425,6,EMP0121,Vodafone Cash,Completed,877.5,420.0
ORD0007322,2023-10-11,20231011,CUS01129,2,EMP0032,Vodafone Cash,Completed,160.0,90.0
ORD0002390,2023-10-11,20231011,CUS02732,12,EMP0180,  Vodafone Cash  ,Completed,3622.5,2660.0
ORD0009596,2023-10-11,20231011,CUS00593,1,EMP0022,  Fawry  ,Completed,382.5,240.0
ORD0007642,2023-10-11,20231011,CUS00303,13,EMP0192,InstaPay,Completed,498.0,270.0
ORD0011627,2023-10-11,20231011,CUS00568,3,EMP0073,Cash,Completed,6552.5,4880.0
ORD0011406,2023-10-11,20231011,CUS01413,1,EMP0006,  InstaPay  ,Returned,210.0,140.0
ORD0005455,2023-10-11,20231011,CUS02749,14,,Vodafone Cash,Completed,940.0,480.0
ORD0000588,2023-10-11,20231011,CUS00818,10,EMP0156,Cash,Completed,1160.0,580.0
ORD0002439,2023-10-11,20231011,CUS00305,1,,InstaPay,Completed,1800.0,1800.0
ORD0002622,2023-10-11,20231011,CUS02317,13,EMP0186,Cash,Completed,585.0,350.0
ORD0008024,2023-10-12,20231012,CUS00961,5,EMP0109,InstaPay,Completed,112.5,70.0
ORD0001814,2023-10-12,20231012,CUS02146,5,EMP0111,Credit Card,Completed,1754.0,940.0
ORD0004040,2023-10-12,20231012,CUS02423,7,EMP0127,  Cash  ,Completed,704.0,330.0
ORD0002134,2023-10-12,20231012,CUS00164,1,EMP0016,Vodafone Cash,Completed,2000.0,980.0
ORD0010549,2023-10-12,20231012,CUS01830,12,EMP0184,InstaPay,Completed,1477.5,720.0
ORD0008127,2023-10-12,20231012,CUS01710,11,EMP0173,Credit Card,Completed,1550.0,840.0
ORD0009338,2023-10-12,20231012,CUS02052,5,EMP0096,Fawry,Returned,10964.0,8130.0
ORD0011651,2023-10-12,20231012,CUS02814,2,EMP0046,Fawry,Completed,1742.0,870.0
ORD0011588,2023-10-12,20231012,CUS01027,2,EMP0043,InstaPay,Completed,484.5,250.0
ORD0009117,2023-10-12,20231012,CUS02229,4,EMP0080,Vodafone Cash,Completed,491.0,230.0
ORD0000245,2023-10-12,20231012,CUS02823,8,,  Vodafone Cash  ,Completed,260.0,120.0
ORD0009245,2023-10-12,20231012,CUS02540,1,EMP0027,Debit Card,Completed,266.0,140.0
ORD0007017,2023-10-12,20231012,CUS02170,1,EMP0006,Debit Card,Completed,2360.0,1160.0
ORD0008620,2023-10-13,20231013,CUS02153,2,EMP0049,InstaPay,Completed,448.0,320.0
ORD0002212,2023-10-13,20231013,CUS00208,2,EMP0029,Credit Card,Completed,330.0,160.0
ORD0010025,2023-10-13,20231013,CUS01338,5,EMP0098,Cash,Completed,288.0,140.0
ORD0009174,2023-10-14,20231014,CUS00552,15,EMP0208,Debit Card,Completed,387.0,220.0
ORD0000263,2023-10-14,20231014,CUS00291,4,EMP0082,Fawry,Returned,981.0,560.0
ORD0004715,2023-10-14,20231014,CUS01356,1,EMP0020,Cash,Returned,95870.0,76480.0
ORD0004233,2023-10-14,20231014,CUS02551,1,EMP0018,Fawry,Completed,2832.0,1410.0
ORD0002132,2023-10-14,20231014,CUS00279,5,EMP0101,InstaPay,Completed,1550.0,750.0
ORD0005782,2023-10-14,20231014,CUS00883,12,EMP0183,Vodafone Cash,Completed,1064.0,550.0
ORD0007650,2023-10-14,20231014,CUS01737,8,EMP0140,Cash,Completed,1330.0,650.0
ORD0000362,2023-10-14,20231014,CUS01130,3,EMP0060,Cash,Completed,1830.0,900.0
ORD0005760,2023-10-14,20231014,CUS02745,5,EMP0105,  Cash  ,Returned,160.0,70.0
ORD0002080,2023-10-14,20231014,CUS01303,4,EMP0091,  Cash  ,Completed,600.0,300.0
ORD0007941,2023-10-14,20231014,CUS02911,6,EMP0117,InstaPay,Completed,656.0,350.0
ORD0003069,2023-10-15,20231015,CUS00334,1,EMP0026,Debit Card,Completed,23140.5,17840.0
ORD0006359,2023-10-15,20231015,CUS02283,12,EMP0180,  Credit Card  ,Completed,83304.5,69990.0
ORD0001628,2023-10-15,20231015,CUS02895,5,EMP0097,  Fawry  ,Completed,4493.0,2430.0
ORD0007134,2023-10-15,20231015,CUS00421,4,EMP0080,Vodafone Cash,Completed,14231.0,11940.0
ORD0002926,2023-10-15,20231015,CUS02339,9,EMP0151,Credit Card,Completed,8422.0,8830.0
ORD0008530,2023-10-15,20231015,CUS02871,8,EMP0143,InstaPay,Completed,13117.0,9960.0
ORD0011026,2023-10-15,20231015,CUS01119,3,,InstaPay,Completed,1263.0,660.0
ORD0011825,2023-10-15,20231015,CUS01823,4,EMP0080,Vodafone Cash,Completed,12000.0,12000.0
ORD0000350,2023-10-15,20231015,CUS01705,2,EMP0041,InstaPay,Completed,81.0,40.0
ORD0002989,2023-10-15,20231015,CUS01407,7,EMP0130,InstaPay,Completed,123.5,60.0
ORD0009134,2023-10-15,20231015,CUS00758,1,EMP0014,Credit Card,Completed,1516.0,770.0
ORD0004686,2023-10-15,20231015,CUS00955,10,EMP0157,  Vodafone Cash  ,Completed,807.0,470.0
ORD0004936,2023-10-15,20231015,CUS00994,1,EMP0025,  Cash  ,Completed,1890.0,920.0
ORD0003268,2023-10-16,20231016,CUS00685,1,EMP0011,Cash,Completed,38286.0,31860.0
ORD0004424,2023-10-16,20231016,CUS00031,4,EMP0093,InstaPay,Completed,18686.0,15870.0
ORD0004465,2023-10-16,20231016,CUS00620,3,EMP0075,Fawry,Completed,1030.5,520.0
ORD0006434,2023-10-16,20231016,CUS00536,3,EMP0055,Cash,Completed,432.0,230.0
ORD0001817,2023-10-16,20231016,CUS01382,13,EMP0193,Vodafone Cash,Completed,11800.0,9400.0
ORD0006806,2023-10-16,20231016,CUS00252,10,EMP0162,  Credit Card  ,Completed,1611.0,830.0
ORD0004791,2023-10-16,20231016,CUS01622,5,EMP0110,Fawry,Completed,229.5,130.0
ORD0001371,2023-10-16,20231016,CUS00124,2,EMP0043,Fawry,Completed,1186.0,700.0
ORD0001016,2023-10-16,20231016,CUS02668,2,EMP0029,Debit Card,Completed,847.5,510.0
ORD0004109,2023-10-16,20231016,CUS01490,12,EMP0182,Debit Card,Completed,1939.5,1200.0
ORD0001753,2023-10-16,20231016,CUS00385,8,EMP0138,InstaPay,Completed,300.0,150.0
ORD0010506,2023-10-16,20231016,CUS00797,13,EMP0192,Cash,Completed,6178.5,4600.0
ORD0004101,2023-10-16,20231016,CUS00501,1,EMP0020,Vodafone Cash,Completed,600.0,290.0
ORD0007196,2023-10-17,20231017,CUS02995,13,EMP0190,Vodafone Cash,Completed,680.0,360.0
ORD0001577,2023-10-17,20231017,CUS00545,4,EMP0090,  Debit Card  ,Completed,864.0,460.0
ORD0001565,2023-10-17,20231017,CUS00292,2,,Fawry,Completed,3959.0,2140.0
ORD0005513,2023-10-17,20231017,CUS01069,8,EMP0142,Debit Card,Completed,541.0,300.0
ORD0000455,2023-10-17,20231017,CUS01737,14,EMP0199,Vodafone Cash,Completed,325.0,170.0
ORD0010402,2023-10-17,20231017,CUS02622,7,EMP0129,Cash,Completed,252.0,120.0
ORD0000222,2023-10-17,20231017,CUS01280,2,EMP0037,Cash,Completed,1200.0,580.0
ORD0005481,2023-10-18,20231018,CUS00760,1,EMP0006,Vodafone Cash,Completed,16352.0,16680.0
ORD0005667,2023-10-18,20231018,CUS01167,8,EMP0139,Fawry,Completed,333.0,180.0
ORD0003031,2023-10-18,20231018,CUS01997,6,EMP0124,Debit Card,Completed,1305.0,650.0
ORD0010859,2023-10-18,20231018,CUS00306,5,EMP0110,Debit Card,Completed,2296.0,1730.0
ORD0002718,2023-10-18,20231018,CUS00558,3,EMP0075,Vodafone Cash,Completed,22440.0,21200.0
ORD0011999,2023-10-18,20231018,CUS01728,8,EMP0142,Cash,Completed,26689.0,21140.0
ORD0000408,2023-10-18,20231018,CUS02498,15,EMP0213,Vodafone Cash,Completed,2134.5,1150.0
ORD0005327,2023-10-18,20231018,CUS01729,1,EMP0028,Fawry,Completed,669.0,350.0
ORD0003021,2023-10-18,20231018,CUS01578,4,EMP0083,Cash,Returned,1244.0,700.0
ORD0010853,2023-10-18,20231018,CUS00187,15,EMP0208,Fawry,Completed,1328.0,690.0
ORD0003146,2023-10-18,20231018,CUS00408,2,EMP0034,  InstaPay  ,Returned,990.0,490.0
ORD0000861,2023-10-18,20231018,CUS01006,11,EMP0171,Cash,Completed,6152.0,4820.0
ORD0008737,2023-10-18,20231018,CUS01374,6,EMP0113,Vodafone Cash,Completed,627.0,290.0
ORD0004442,2023-10-18,20231018,CUS00704,1,EMP0022,Cash,Completed,1323.0,720.0
ORD0003558,2023-10-18,20231018,CUS00056,1,EMP0023,InstaPay,Completed,1578.0,760.0
ORD0001764,2023-10-19,20231019,CUS01959,2,EMP0049,Debit Card,Completed,5088.0,4610.0
ORD0007808,2023-10-19,20231019,CUS02938,3,EMP0067,InstaPay,Completed,320.0,140.0
ORD0011840,2023-10-19,20231019,CUS00308,3,EMP0060,Vodafone Cash,Completed,792.0,430.0
ORD0009527,2023-10-19,20231019,CUS02646,1,EMP0017,  Debit Card  ,Completed,1208.0,920.0
ORD0002508,2023-10-19,20231019,CUS02646,3,EMP0077,Fawry,Completed,570.0,280.0
ORD0010415,2023-10-19,20231019,CUS00820,13,EMP0187,Cash,Completed,1240.5,620.0
ORD0008749,2023-10-19,20231019,CUS01765,2,EMP0051,Debit Card,Completed,128.0,70.0
ORD0011353,2023-10-19,20231019,CUS01217,3,EMP0075,  Fawry  ,Completed,1737.0,890.0
ORD0001712,2023-10-19,20231019,CUS02738,4,EMP0092,Fawry,Returned,10900.0,8700.0
ORD0010428,2023-10-19,20231019,CUS02790,10,EMP0152,Fawry,Completed,919.5,420.0
ORD0003741,2023-10-19,20231019,CUS00215,2,EMP0034,  Credit Card  ,Completed,1455.0,840.0
ORD0000530,2023-10-19,20231019,CUS00579,4,EMP0089,Credit Card,Completed,3505.0,1980.0
ORD0009496,2023-10-20,20231020,CUS01781,15,EMP0211,InstaPay,Completed,1046.0,530.0
ORD0010912,2023-10-20,20231020,CUS01247,2,EMP0037,Fawry,Completed,1593.0,830.0
ORD0001570,2023-10-20,20231020,CUS00136,12,EMP0183,Vodafone Cash,Completed,153.0,80.0
ORD0008147,2023-10-20,20231020,CUS00282,4,EMP0091,Cash,Completed,340.0,160.0
ORD0009624,2023-10-20,20231020,CUS02947,2,EMP0037,Cash,Completed,10100.0,8100.0
ORD0008230,2023-10-20,20231020,CUS00692,4,EMP0082,  Fawry  ,Returned,216.0,110.0
ORD0005275,2023-10-20,20231020,CUS00168,5,EMP0111,Credit Card,Completed,13326.0,11320.0
ORD0005534,2023-10-20,20231020,CUS00202,10,EMP0163,Credit Card,Completed,1080.0,1000.0
ORD0002607,2023-10-20,20231020,CUS01319,12,EMP0182,  Cash  ,Completed,1753.0,860.0
ORD0011329,2023-10-20,20231020,CUS01552,3,EMP0068,Credit Card,Completed,1042.0,600.0
ORD0010079,2023-10-20,20231020,CUS01612,11,EMP0164,Vodafone Cash,Returned,1400.0,640.0
ORD0010152,2023-10-20,20231020,CUS00163,1,EMP0003,Fawry,Completed,680.0,600.0
ORD0000467,2023-10-20,20231020,CUS02730,4,EMP0086,Fawry,Completed,1520.0,740.0
ORD0006625,2023-10-21,20231021,CUS00087,4,EMP0092,Debit Card,Completed,11938.0,9540.0
ORD0000214,2023-10-21,20231021,CUS02844,8,EMP0143,  Credit Card  ,Cancelled,279.0,150.0
ORD0011480,2023-10-21,20231021,CUS02714,2,EMP0046,Fawry,Returned,534.5,270.0
ORD0001920,2023-10-21,20231021,CUS02129,3,,Credit Card,Completed,14000.0,10880.0
ORD0011066,2023-10-21,20231021,CUS01200,12,EMP0179,Fawry,Completed,1420.0,760.0
ORD0010753,2023-10-21,20231021,CUS02097,2,EMP0033,Debit Card,Completed,252.0,130.0
ORD0003591,2023-10-21,20231021,CUS01290,4,EMP0094,  Cash  ,Completed,1190.0,630.0
ORD0004203,2023-10-21,20231021,CUS00829,5,EMP0100,Credit Card,Completed,636.0,320.0
ORD0004926,2023-10-21,20231021,CUS01087,2,EMP0045,Debit Card,Cancelled,144.5,80.0
ORD0000988,2023-10-21,20231021,CUS02787,4,EMP0090,Debit Card,Completed,1449.0,780.0
ORD0004025,2023-10-21,20231021,CUS02528,6,EMP0120,Credit Card,Completed,1473.0,740.0
ORD0010605,2023-10-21,20231021,CUS02108,1,EMP0004,Fawry,Completed,171.0,90.0
ORD0011554,2023-10-22,20231022,CUS01311,12,EMP0182,Vodafone Cash,Cancelled,15534.0,15300.0
ORD0002078,2023-10-22,20231022,CUS00833,2,EMP0053,Vodafone Cash,Completed,21330.0,16760.0
ORD0001644,2023-10-22,20231022,CUS02533,1,EMP0003,Credit Card,Completed,623.0,380.0
ORD0011253,2023-10-22,20231022,CUS00485,5,EMP0108,Fawry,Completed,14299.0,14710.0
ORD0008421,2023-10-22,20231022,CUS00069,8,EMP0142,InstaPay,Completed,1424.0,700.0
ORD0006330,2023-10-22,20231022,CUS01580,11,EMP0167,Vodafone Cash,Completed,2122.0,1110.0
ORD0008041,2023-10-22,20231022,CUS02111,6,EMP0121,Cash,Completed,384.0,210.0
ORD0000592,2023-10-22,20231022,CUS00398,2,,Fawry,Completed,290.0,140.0
ORD0001171,2023-10-22,20231022,CUS01749,2,EMP0037,InstaPay,Returned,450.5,260.0
ORD0003662,2023-10-22,20231022,CUS01641,4,EMP0094,Fawry,Completed,408.0,230.0
ORD0003581,2023-10-22,20231022,CUS02143,12,,InstaPay,Completed,21861.0,18490.0
ORD0009936,2023-10-22,20231022,CUS00667,9,EMP0149,Vodafone Cash,Completed,15560.0,13360.0
ORD0011643,2023-10-22,20231022,CUS01543,10,EMP0152,Debit Card,Completed,3406.0,1780.0
ORD0004409,2023-10-22,20231022,CUS01890,2,EMP0031,Debit Card,Returned,378.0,210.0
ORD0007294,2023-10-23,20231023,CUS02756,8,EMP0141,Debit Card,Completed,3080.0,1520.0
ORD0003108,2023-10-23,20231023,CUS02214,1,EMP0023,Fawry,Completed,1563.0,820.0
ORD0004909,2023-10-23,20231023,CUS01056,4,EMP0093,  Credit Card  ,Completed,144.0,70.0
ORD0011799,2023-10-23,20231023,CUS02533,4,EMP0084,Vodafone Cash,Completed,522.0,290.0
ORD0000697,2023-10-23,20231023,CUS00369,14,,  InstaPay  ,Cancelled,2500.0,2000.0
ORD0008713,2023-10-23,20231023,CUS00373,8,EMP0140,InstaPay,Completed,1272.0,680.0
ORD0001027,2023-10-23,20231023,CUS02769,4,EMP0085,Fawry,Cancelled,930.5,520.0
ORD0005860,2023-10-23,20231023,CUS02428,6,EMP0123,InstaPay,Completed,750.5,380.0
ORD0004419,2023-10-23,20231023,CUS02272,1,,Vodafone Cash,Completed,528.0,320.0
ORD0002492,2023-10-23,20231023,CUS03000,10,EMP0156,Cash,Completed,940.0,460.0
ORD0011231,2023-10-23,20231023,CUS02353,1,EMP0017,InstaPay,Returned,30000.0,24400.0
ORD0005160,2023-10-24,20231024,CUS02690,10,EMP0158,Debit Card,Completed,324.0,180.0
ORD0005235,2023-10-24,20231024,CUS00691,1,EMP0018,Fawry,Completed,537.5,260.0
ORD0008066,2023-10-24,20231024,CUS01604,1,EMP0019,InstaPay,Completed,1257.0,640.0
ORD0001890,2023-10-24,20231024,CUS00227,8,EMP0141,  Cash  ,Completed,823.0,400.0
ORD0010453,2023-10-24,20231024,CUS01828,13,EMP0193,Cash,Cancelled,315.0,170.0
ORD0002520,2023-10-24,20231024,CUS02275,7,EMP0132,Debit Card,Completed,1291.0,640.0
ORD0002296,2023-10-24,20231024,CUS01522,1,EMP0018,InstaPay,Completed,2010.0,970.0
ORD0005149,2023-10-25,20231025,CUS02639,3,EMP0057,Cash,Completed,914.5,520.0
ORD0008591,2023-10-25,20231025,CUS00116,4,EMP0084,  Debit Card  ,Completed,528.0,310.0
ORD0003464,2023-10-25,20231025,CUS02412,3,EMP0077,InstaPay,Completed,35461.0,30810.0
ORD0010177,2023-10-25,20231025,CUS02794,10,EMP0162,Cash,Completed,260.0,120.0
ORD0002213,2023-10-25,20231025,CUS01250,3,EMP0066,  Cash  ,Completed,1530.0,810.0
ORD0005372,2023-10-25,20231025,CUS00267,4,EMP0081,Debit Card,Completed,830.0,410.0
ORD0007075,2023-10-25,20231025,CUS02176,15,EMP0211,Debit Card,Completed,76.0,40.0
ORD0011607,2023-10-25,20231025,CUS01443,10,EMP0163,  Credit Card  ,Completed,13194.0,9730.0
ORD0001938,2023-10-25,20231025,CUS00199,6,EMP0113,Vodafone Cash,Completed,1296.0,700.0
ORD0001652,2023-10-25,20231025,CUS01060,9,EMP0151,Credit Card,Returned,370.0,170.0
ORD0010189,2023-10-26,20231026,CUS01997,14,EMP0200,Vodafone Cash,Completed,705.0,350.0
ORD0006696,2023-10-26,20231026,CUS01444,5,EMP0098,Credit Card,Returned,13989.0,10890.0
ORD0002451,2023-10-26,20231026,CUS01887,3,EMP0070,Debit Card,Completed,1191.5,650.0
ORD0009042,2023-10-26,20231026,CUS00844,3,EMP0064,Credit Card,Completed,708.0,370.0
ORD0003144,2023-10-26,20231026,CUS02528,12,EMP0181,  InstaPay  ,Completed,285.0,140.0
ORD0002043,2023-10-26,20231026,CUS01572,2,,InstaPay,Cancelled,387.5,190.0
ORD0011437,2023-10-26,20231026,CUS01193,9,EMP0147,Cash,Completed,135.0,70.0
ORD0005440,2023-10-26,20231026,CUS01442,4,EMP0093,  Debit Card  ,Completed,1137.5,690.0
ORD0007438,2023-10-26,20231026,CUS02095,5,EMP0105,Credit Card,Returned,1475.0,790.0
ORD0000836,2023-10-26,20231026,CUS00372,3,,InstaPay,Completed,13428.0,10780.0
ORD0007169,2023-10-26,20231026,CUS02601,5,,Vodafone Cash,Cancelled,396.0,220.0
ORD0006536,2023-10-26,20231026,CUS01262,4,EMP0084,InstaPay,Completed,459.0,260.0
ORD0002745,2023-10-26,20231026,CUS01931,2,EMP0046,InstaPay,Cancelled,1432.5,740.0
ORD0011251,2023-10-26,20231026,CUS01307,1,EMP0027,Credit Card,Completed,2008.0,1430.0
ORD0007839,2023-10-26,20231026,CUS01741,7,EMP0133,Cash,Completed,2755.0,1570.0
ORD0010277,2023-10-26,20231026,CUS00802,5,EMP0103,Cash,Completed,2075.0,1840.0
ORD0009523,2023-10-26,20231026,CUS01899,7,EMP0135,  Cash  ,Completed,1632.0,790.0
ORD0002279,2023-10-26,20231026,CUS01699,14,,  Cash  ,Completed,460.0,220.0
ORD0009502,2023-10-26,20231026,CUS00909,1,EMP0001,Debit Card,Completed,932.0,480.0
ORD0000018,2023-10-26,20231026,CUS00050,4,EMP0080,  Cash  ,Completed,630.0,340.0
ORD0001557,2023-10-27,20231027,CUS01933,7,EMP0132,Debit Card,Completed,400.0,200.0
ORD0008719,2023-10-27,20231027,CUS01042,2,EMP0042,InstaPay,Completed,432.0,260.0
ORD0010613,2023-10-27,20231027,CUS01819,3,EMP0056,Credit Card,Completed,731.5,350.0
ORD0000415,2023-10-27,20231027,CUS01225,10,EMP0160,  Fawry  ,Completed,240.0,120.0
ORD0005512,2023-10-27,20231027,CUS01840,7,EMP0133,Cash,Completed,340.0,160.0
ORD0000346,2023-10-27,20231027,CUS01363,9,,  Cash  ,Completed,665.0,340.0
ORD0000391,2023-10-27,20231027,CUS01651,3,EMP0061,Debit Card,Completed,2843.0,1410.0
ORD0003068,2023-10-27,20231027,CUS00737,3,EMP0061,Credit Card,Completed,1086.0,570.0
ORD0009440,2023-10-27,20231027,CUS02529,2,EMP0031,Debit Card,Completed,11450.0,10710.0
ORD0003906,2023-10-27,20231027,CUS00765,1,EMP0015,Vodafone Cash,Completed,830.0,430.0
ORD0002738,2023-10-27,20231027,CUS01439,2,EMP0051,Credit Card,Completed,456.0,230.0
ORD0011335,2023-10-27,20231027,CUS00386,3,EMP0066,Debit Card,Completed,972.0,520.0
ORD0006307,2023-10-27,20231027,CUS00104,2,EMP0042,Credit Card,Completed,320.0,200.0
ORD0009865,2023-10-27,20231027,CUS02435,5,EMP0095,Vodafone Cash,Completed,582.0,360.0
ORD0011272,2023-10-27,20231027,CUS00024,4,EMP0094,Credit Card,Completed,1060.5,500.0
ORD0008561,2023-10-27,20231027,CUS00118,4,EMP0082,  Debit Card  ,Cancelled,405.0,210.0
ORD0010042,2023-10-27,20231027,CUS02942,7,EMP0128,Credit Card,Completed,5795.0,4900.0
ORD0000867,2023-10-27,20231027,CUS02965,4,EMP0091,Cash,Completed,378.0,200.0
ORD0005333,2023-10-28,20231028,CUS00584,11,EMP0173,Credit Card,Completed,723.0,350.0
ORD0005527,2023-10-28,20231028,CUS00248,4,EMP0093,Credit Card,Completed,429.0,210.0
ORD0010359,2023-10-28,20231028,CUS01677,12,EMP0181,Credit Card,Completed,90.0,40.0
ORD0006733,2023-10-28,20231028,CUS01252,4,EMP0090,Debit Card,Completed,335.0,180.0
ORD0000403,2023-10-28,20231028,CUS00654,15,EMP0208,Cash,Completed,756.0,390.0
ORD0000699,2023-10-28,20231028,CUS00951,14,EMP0199,Debit Card,Completed,190.0,90.0
ORD0009545,2023-10-28,20231028,CUS01092,2,EMP0038,InstaPay,Completed,20400.0,16200.0
ORD0007787,2023-10-29,20231029,CUS00043,2,EMP0044,  Credit Card  ,Completed,29800.0,23800.0
ORD0008493,2023-10-29,20231029,CUS01547,4,EMP0093,Credit Card,Returned,1728.0,910.0
ORD0005859,2023-10-29,20231029,CUS00918,6,EMP0120,Vodafone Cash,Completed,2472.0,1200.0
ORD0004923,2023-10-29,20231029,CUS02786,2,EMP0048,InstaPay,Completed,1491.0,810.0
ORD0010274,2023-10-29,20231029,CUS01442,6,EMP0125,  Vodafone Cash  ,Completed,370.0,180.0
ORD0007443,2023-10-29,20231029,CUS00529,12,EMP0180,Vodafone Cash,Completed,2439.0,1250.0
ORD0005878,2023-10-30,20231030,CUS02675,3,,Debit Card,Completed,3044.0,2090.0
ORD0009187,2023-10-30,20231030,CUS02307,8,EMP0141,Debit Card,Completed,10427.0,8340.0
ORD0003702,2023-10-30,20231030,CUS01398,10,EMP0161,Vodafone Cash,Completed,646.5,340.0
ORD0008698,2023-10-30,20231030,CUS02376,13,,  InstaPay  ,Completed,2400.0,1650.0
ORD0007023,2023-10-30,20231030,CUS01334,13,EMP0186,Cash,Completed,547.0,300.0
ORD0003859,2023-10-30,20231030,CUS02845,13,EMP0185,  Vodafone Cash  ,Completed,1205.0,660.0
ORD0005033,2023-10-30,20231030,CUS01616,2,EMP0035,Cash,Completed,216.0,130.0
ORD0000863,2023-10-30,20231030,CUS02667,3,EMP0073,Fawry,Completed,187.0,110.0
ORD0003821,2023-10-30,20231030,CUS02252,5,EMP0096,Debit Card,Completed,480.0,230.0
ORD0008052,2023-10-30,20231030,CUS02325,1,EMP0003,Debit Card,Completed,1952.0,990.0
ORD0002094,2023-10-30,20231030,CUS01084,1,EMP0001,Credit Card,Completed,586.5,330.0
ORD0011540,2023-10-30,20231030,CUS02468,3,EMP0067,  Credit Card  ,Completed,20249.0,16240.0
ORD0005842,2023-10-30,20231030,CUS01032,12,EMP0182,Credit Card,Completed,1846.0,900.0
ORD0008118,2023-10-30,20231030,CUS01111,5,,Fawry,Completed,700.0,330.0
ORD0000067,2023-10-30,20231030,CUS02448,1,EMP0009,InstaPay,Completed,11890.0,9940.0
ORD0008503,2023-10-30,20231030,CUS02729,8,EMP0139,Cash,Completed,9590.0,8350.0
ORD0007668,2023-10-30,20231030,CUS01835,2,EMP0040,Fawry,Completed,680.0,390.0
ORD0006659,2023-10-30,20231030,CUS02305,7,EMP0133,Fawry,Completed,1801.0,1100.0
ORD0002898,2023-10-30,20231030,CUS00939,3,EMP0069,Debit Card,Completed,135.0,70.0
ORD0005467,2023-10-30,20231030,CUS00023,4,,Credit Card,Completed,16684.0,15160.0
ORD0008485,2023-10-30,20231030,CUS02186,2,EMP0043,InstaPay,Completed,14837.0,12240.0
ORD0001255,2023-10-30,20231030,CUS01371,2,EMP0032,Cash,Returned,6502.0,4780.0
ORD0003361,2023-10-31,20231031,CUS02808,1,EMP0002,Fawry,Completed,136.0,80.0
ORD0009881,2023-10-31,20231031,CUS01306,10,EMP0155,Debit Card,Completed,2520.0,1400.0
ORD0006159,2023-10-31,20231031,CUS02146,7,EMP0135,Vodafone Cash,Completed,9610.0,8300.0
ORD0000111,2023-10-31,20231031,CUS01530,7,EMP0127,InstaPay,Completed,1026.0,520.0
ORD0004970,2023-10-31,20231031,CUS00191,13,EMP0190,Cash,Completed,540.0,270.0
ORD0008010,2023-10-31,20231031,CUS00894,3,,Fawry,Completed,972.0,480.0
ORD0010413,2023-10-31,20231031,CUS02451,1,EMP0001,  Cash  ,Completed,14446.0,10630.0
ORD0000254,2023-10-31,20231031,CUS01575,1,EMP0024,Credit Card,Completed,674.5,350.0
ORD0011884,2023-10-31,20231031,CUS02287,4,EMP0081,InstaPay,Completed,306.0,160.0
ORD0007850,2023-10-31,20231031,CUS00891,1,EMP0022,InstaPay,Completed,979.5,540.0
ORD0008482,2023-10-31,20231031,CUS01434,4,,Credit Card,Completed,1080.0,520.0
ORD0005664,2023-10-31,20231031,CUS01211,5,EMP0107,  Vodafone Cash  ,Completed,912.0,430.0
ORD0004575,2023-10-31,20231031,CUS02874,1,EMP0008,Cash,Completed,160.0,70.0
ORD0006258,2023-10-31,20231031,CUS02935,2,EMP0050,Fawry,Completed,598.5,300.0
ORD0009493,2023-11-01,20231101,CUS02807,3,EMP0069,Credit Card,Completed,468.0,260.0
ORD0005268,2023-11-01,20231101,CUS01940,3,EMP0073,Cash,Returned,255.0,160.0
ORD0010505,2023-11-01,20231101,CUS02296,1,EMP0013,Vodafone Cash,Completed,12995.0,10240.0
ORD0008807,2023-11-01,20231101,CUS02294,9,EMP0146,Credit Card,Completed,1300.0,1000.0
ORD0000024,2023-11-01,20231101,CUS00929,3,EMP0070,Cash,Completed,431.5,220.0
ORD0009948,2023-11-01,20231101,CUS02696,2,EMP0042,Debit Card,Completed,400.0,200.0
ORD0011730,2023-11-01,20231101,CUS00453,14,EMP0198,  InstaPay  ,Completed,9930.0,10810.0
ORD0002319,2023-11-01,20231101,CUS00043,2,EMP0033,Credit Card,Completed,15091.0,12160.0
ORD0003507,2023-11-01,20231101,CUS00476,10,EMP0159,  Fawry  ,Completed,480.0,240.0
ORD0001793,2023-11-01,20231101,CUS01444,1,EMP0013,Debit Card,Completed,378.0,200.0
ORD0000436,2023-11-01,20231101,CUS00867,4,EMP0081,Vodafone Cash,Completed,280.0,140.0
ORD0008152,2023-11-02,20231102,CUS02043,6,EMP0116,Vodafone Cash,Completed,1016.0,550.0
ORD0004863,2023-11-02,20231102,CUS02751,1,EMP0012,  Fawry  ,Completed,324.0,170.0
ORD0007510,2023-11-02,20231102,CUS02634,3,EMP0067,Vodafone Cash,Completed,127.5,70.0
ORD0007842,2023-11-02,20231102,CUS01328,4,EMP0085,  Fawry  ,Completed,1080.0,560.0
ORD0004718,2023-11-02,20231102,CUS02683,13,EMP0191,Debit Card,Completed,627.0,340.0
ORD0002192,2023-11-02,20231102,CUS01577,8,EMP0141,Debit Card,Completed,427.5,210.0
ORD0003236,2023-11-03,20231103,CUS01236,12,EMP0180,Cash,Completed,477.0,260.0
ORD0006440,2023-11-03,20231103,CUS01678,9,EMP0150,Cash,Completed,6035.5,5060.0
ORD0006622,2023-11-03,20231103,CUS00432,1,EMP0018,  Vodafone Cash  ,Completed,357.0,250.0
ORD0005683,2023-11-03,20231103,CUS02646,2,EMP0052,Cash,Completed,540.0,240.0
ORD0004918,2023-11-03,20231103,CUS02701,1,EMP0015,Cash,Completed,24485.0,19960.0
ORD0009138,2023-11-03,20231103,CUS02020,6,EMP0126,Credit Card,Completed,2276.0,1330.0
ORD0002283,2023-11-03,20231103,CUS01261,2,EMP0040,InstaPay,Completed,306.0,170.0
ORD0011847,2023-11-03,20231103,CUS01117,3,EMP0064,InstaPay,Completed,190.0,90.0
ORD0010209,2023-11-03,20231103,CUS01058,2,EMP0051,Credit Card,Completed,1450.0,690.0
ORD0002761,2023-11-03,20231103,CUS02178,10,EMP0158,Fawry,Returned,360.0,240.0
ORD0007303,2023-11-03,20231103,CUS01462,1,EMP0017,Cash,Completed,396.0,210.0
ORD0010521,2023-11-03,20231103,CUS02016,4,,InstaPay,Completed,527.5,300.0
ORD0004965,2023-11-04,20231104,CUS00791,6,EMP0116,  InstaPay  ,Completed,990.0,470.0
ORD0000956,2023-11-04,20231104,CUS00745,12,EMP0177,Vodafone Cash,Cancelled,430.0,210.0
ORD0000948,2023-11-04,20231104,CUS01837,6,EMP0125,Cash,Completed,3709.0,2460.0
ORD0007829,2023-11-04,20231104,CUS00471,12,EMP0174,  InstaPay  ,Completed,900.0,450.0
ORD0005769,2023-11-04,20231104,CUS02647,4,EMP0087,Vodafone Cash,Completed,228.0,120.0
ORD0009573,2023-11-04,20231104,CUS02201,1,EMP0014,Vodafone Cash,Completed,766.0,410.0
ORD0010986,2023-11-04,20231104,CUS01496,3,EMP0072,InstaPay,Completed,1900.0,960.0
ORD0010552,2023-11-04,20231104,CUS01870,5,EMP0103,Debit Card,Completed,787.5,420.0
ORD0011939,2023-11-04,20231104,CUS00316,3,EMP0078,Fawry,Completed,37844.0,30170.0
ORD0008940,2023-11-04,20231104,CUS00768,5,EMP0098,  Debit Card  ,Completed,36552.0,33540.0
ORD0002764,2023-11-04,20231104,CUS02531,2,EMP0030,Vodafone Cash,Completed,1337.5,730.0
ORD0000562,2023-11-04,20231104,CUS02386,11,EMP0164,Debit Card,Completed,43730.0,36040.0
ORD0000827,2023-11-04,20231104,CUS01680,4,EMP0087,  Fawry  ,Completed,288.0,140.0
ORD0007273,2023-11-04,20231104,CUS01097,15,EMP0210,Credit Card,Completed,1895.5,970.0
ORD0000744,2023-11-05,20231105,CUS02236,1,EMP0011,Fawry,Completed,1067.0,560.0
ORD0006428,2023-11-05,20231105,CUS01453,12,EMP0179,InstaPay,Completed,5281.5,4070.0
ORD0011027,2023-11-05,20231105,CUS01803,7,,Cash,Returned,361.0,190.0
ORD0004095,2023-11-05,20231105,CUS02306,3,EMP0056,Fawry,Completed,2320.0,1120.0
ORD0008224,2023-11-05,20231105,CUS01066,13,EMP0187,Vodafone Cash,Cancelled,864.0,460.0
ORD0001666,2023-11-05,20231105,CUS02141,8,EMP0144,InstaPay,Completed,240.0,150.0
ORD0009375,2023-11-06,20231106,CUS01303,13,EMP0193,Credit Card,Returned,18488.5,14500.0
ORD0009693,2023-11-06,20231106,CUS01260,5,EMP0097,  Cash  ,Completed,535.0,270.0
ORD0011605,2023-11-06,20231106,CUS00033,10,EMP0160,InstaPay,Completed,530.0,260.0
ORD0008588,2023-11-06,20231106,CUS00114,1,EMP0005,InstaPay,Completed,700.0,380.0
ORD0011780,2023-11-06,20231106,CUS02062,12,EMP0174,Fawry,Completed,1254.0,680.0
ORD0011567,2023-11-06,20231106,CUS01212,15,EMP0207,Fawry,Completed,266.0,120.0
ORD0004353,2023-11-06,20231106,CUS01683,5,EMP0097,Vodafone Cash,Returned,1838.5,940.0
ORD0010877,2023-11-06,20231106,CUS00183,5,EMP0097,Debit Card,Returned,275.0,120.0
ORD0003479,2023-11-06,20231106,CUS02939,5,EMP0104,Debit Card,Completed,3433.0,2320.0
ORD0010632,2023-11-07,20231107,CUS00277,1,EMP0014,InstaPay,Completed,1446.0,720.0
ORD0003281,2023-11-07,20231107,CUS02938,11,EMP0164,Debit Card,Completed,441.0,240.0
ORD0006664,2023-11-07,20231107,CUS00420,1,EMP0023,InstaPay,Completed,23800.0,22400.0
ORD0010139,2023-11-07,20231107,CUS00635,12,EMP0182,Credit Card,Cancelled,5100.0,4000.0
ORD0005273,2023-11-07,20231107,CUS02573,1,EMP0007,  Credit Card  ,Completed,180.0,90.0
ORD0005682,2023-11-07,20231107,CUS01882,11,EMP0169,  InstaPay  ,Completed,1974.0,1080.0
ORD0001924,2023-11-07,20231107,CUS01053,12,EMP0179,  Debit Card  ,Completed,26460.0,23600.0
ORD0002665,2023-11-07,20231107,CUS02182,6,EMP0122,Cash,Completed,16740.0,14900.0
ORD0004540,2023-11-07,20231107,CUS00995,4,EMP0082,Cash,Completed,117.0,60.0
ORD0004292,2023-11-07,20231107,CUS01015,1,EMP0008,Vodafone Cash,Completed,15900.0,12700.0
ORD0006235,2023-11-07,20231107,CUS02505,9,EMP0146,Cash,Completed,252.0,140.0
ORD0004614,2023-11-07,20231107,CUS01370,4,EMP0079,Fawry,Completed,763.5,450.0
ORD0001550,2023-11-08,20231108,CUS00734,11,EMP0168,Cash,Completed,1719.0,920.0
ORD0011961,2023-11-08,20231108,CUS02121,5,EMP0106,Cash,Completed,484.5,250.0
ORD0009448,2023-11-08,20231108,CUS01042,15,EMP0210,Cash,Completed,342.0,170.0
ORD0005427,2023-11-08,20231108,CUS01703,1,EMP0019,Credit Card,Completed,216.0,120.0
ORD0004389,2023-11-08,20231108,CUS02373,3,EMP0060,Fawry,Completed,1101.0,600.0
ORD0011579,2023-11-08,20231108,CUS00614,2,,Debit Card,Completed,1785.0,1050.0
ORD0001989,2023-11-08,20231108,CUS02924,9,EMP0148,Credit Card,Completed,5387.0,2810.0
ORD0010779,2023-11-09,20231109,CUS00662,10,EMP0159,Cash,Completed,5010.0,4990.0
ORD0000630,2023-11-09,20231109,CUS02656,7,EMP0130,Debit Card,Cancelled,4000.0,3200.0
ORD0007871,2023-11-09,20231109,CUS01466,1,,InstaPay,Completed,946.0,560.0
ORD0000749,2023-11-09,20231109,CUS01719,4,EMP0091,Fawry,Completed,800.0,500.0
ORD0006760,2023-11-09,20231109,CUS00633,6,EMP0121,Debit Card,Completed,24912.5,21590.0
ORD0000088,2023-11-09,20231109,CUS01754,1,EMP0015,Vodafone Cash,Completed,240.0,120.0
ORD0010452,2023-11-09,20231109,CUS00802,6,EMP0119,Vodafone Cash,Completed,494.0,260.0
ORD0007663,2023-11-09,20231109,CUS00229,12,EMP0180,Fawry,Completed,2046.0,1010.0
ORD0005238,2023-11-09,20231109,CUS01611,11,EMP0167,Credit Card,Completed,1960.0,970.0
ORD0010431,2023-11-10,20231110,CUS02138,1,EMP0014,  Vodafone Cash  ,Completed,682.5,360.0
ORD0010330,2023-11-10,20231110,CUS02062,14,EMP0200,Debit Card,Completed,1752.5,910.0
ORD0001167,2023-11-10,20231110,CUS00990,2,EMP0030,Credit Card,Completed,963.0,470.0
ORD0004153,2023-11-10,20231110,CUS02782,14,EMP0197,Cash,Completed,360.0,220.0
ORD0002142,2023-11-10,20231110,CUS00259,1,EMP0011,Debit Card,Completed,702.0,390.0
ORD0004837,2023-11-10,20231110,CUS00639,6,EMP0124,  Vodafone Cash  ,Completed,647.5,350.0
ORD0009931,2023-11-10,20231110,CUS01197,4,EMP0090,Credit Card,Completed,1104.0,570.0
ORD0010651,2023-11-10,20231110,CUS01741,4,EMP0087,Vodafone Cash,Completed,2145.0,1090.0
ORD0003925,2023-11-10,20231110,CUS00898,6,EMP0126,Fawry,Completed,450.0,250.0
ORD0003337,2023-11-10,20231110,CUS02343,2,EMP0049,Fawry,Completed,1752.0,930.0
ORD0011549,2023-11-10,20231110,CUS00635,6,EMP0121,Vodafone Cash,Cancelled,4542.0,2470.0
ORD0010956,2023-11-10,20231110,CUS00794,8,EMP0138,  Credit Card  ,Completed,1900.0,1600.0
ORD0009484,2023-11-11,20231111,CUS01377,1,EMP0010,  Cash  ,Returned,420.0,210.0
ORD0008175,2023-11-11,20231111,CUS02968,14,EMP0199,InstaPay,Returned,497.5,280.0
ORD0008638,2023-11-11,20231111,CUS00252,6,EMP0114,Fawry,Cancelled,5090.0,2680.0
ORD0000071,2023-11-11,20231111,CUS02836,8,EMP0140,Vodafone Cash,Completed,750.0,370.0
ORD0003637,2023-11-11,20231111,CUS01724,13,EMP0191,Debit Card,Completed,1040.5,560.0
ORD0006404,2023-11-11,20231111,CUS02028,3,EMP0067,  Cash  ,Completed,340.0,160.0
ORD0000787,2023-11-11,20231111,CUS01411,6,EMP0116,Debit Card,Returned,1364.0,680.0
ORD0006715,2023-11-11,20231111,CUS01096,5,EMP0101,Debit Card,Completed,600.0,310.0
ORD0007237,2023-11-11,20231111,CUS01702,10,EMP0154,InstaPay,Completed,37754.5,33350.0
ORD0000853,2023-11-11,20231111,CUS00420,6,EMP0122,Credit Card,Completed,357.0,200.0
ORD0004549,2023-11-12,20231112,CUS01958,11,EMP0167,InstaPay,Completed,5996.0,4710.0
ORD0011769,2023-11-12,20231112,CUS00340,2,EMP0031,InstaPay,Completed,720.0,600.0
ORD0000366,2023-11-12,20231112,CUS02945,7,EMP0134,Vodafone Cash,Completed,224.0,140.0
ORD0005382,2023-11-12,20231112,CUS00079,2,EMP0049,  Debit Card  ,Completed,18615.0,19800.0
ORD0009420,2023-11-12,20231112,CUS01696,3,EMP0061,Fawry,Completed,1200.0,720.0
ORD0009983,2023-11-12,20231112,CUS02186,1,EMP0009,Cash,Completed,333.0,180.0
ORD0002564,2023-11-12,20231112,CUS02598,3,EMP0064,InstaPay,Completed,120.0,70.0
ORD0006538,2023-11-12,20231112,CUS00816,10,EMP0162,Fawry,Completed,20431.0,19100.0
ORD0009422,2023-11-12,20231112,CUS01730,4,EMP0083,Fawry,Completed,1496.0,880.0
ORD0002013,2023-11-12,20231112,CUS01913,5,EMP0102,Cash,Completed,2167.0,1160.0
ORD0007479,2023-11-12,20231112,CUS01193,5,EMP0107,InstaPay,Completed,200.0,100.0
ORD0011258,2023-11-12,20231112,CUS02990,14,EMP0197,Credit Card,Completed,1196.0,680.0
ORD0007648,2023-11-12,20231112,CUS00680,12,EMP0177,  Credit Card  ,Completed,275.0,150.0
ORD0009689,2023-11-13,20231113,CUS02619,8,,Debit Card,Completed,480.0,230.0
ORD0006304,2023-11-13,20231113,CUS02894,5,,Cash,Completed,1761.5,1290.0
ORD0010342,2023-11-13,20231113,CUS01478,1,EMP0017,Fawry,Returned,224.0,120.0
ORD0005496,2023-11-13,20231113,CUS01945,15,EMP0212,Vodafone Cash,Completed,689.0,370.0
ORD0002017,2023-11-13,20231113,CUS01274,1,EMP0003,Cash,Cancelled,780.0,360.0
ORD0009938,2023-11-14,20231114,CUS02820,1,EMP0028,  Vodafone Cash  ,Completed,372.0,180.0
ORD0001312,2023-11-14,20231114,CUS01348,14,EMP0195,Credit Card,Completed,320.0,140.0
ORD0005910,2023-11-14,20231114,CUS02164,15,,  Credit Card  ,Completed,8170.0,6500.0
ORD0001139,2023-11-14,20231114,CUS02195,7,EMP0128,Vodafone Cash,Completed,26850.0,23790.0
ORD0005125,2023-11-14,20231114,CUS00779,3,EMP0071,InstaPay,Completed,23760.0,21000.0
ORD0004403,2023-11-14,20231114,CUS02429,6,EMP0115,Credit Card,Completed,446.5,230.0
ORD0009211,2023-11-14,20231114,CUS00786,6,EMP0121,Cash,Completed,2198.0,1130.0
ORD0010589,2023-11-15,20231115,CUS00598,1,EMP0015,  Fawry  ,Completed,2700.0,1320.0
ORD0000432,2023-11-15,20231115,CUS02947,15,EMP0209,  Fawry  ,Completed,210.0,100.0
ORD0003851,2023-11-15,20231115,CUS01989,2,EMP0041,  Debit Card  ,Returned,153.0,80.0
ORD0003407,2023-11-15,20231115,CUS01135,3,EMP0075,Debit Card,Completed,340.0,160.0
ORD0000051,2023-11-15,20231115,CUS00223,2,EMP0050,Credit Card,Completed,294.5,150.0
ORD0004814,2023-11-15,20231115,CUS02941,4,EMP0093,Vodafone Cash,Completed,1035.0,530.0
ORD0000327,2023-11-15,20231115,CUS01948,11,EMP0166,  Credit Card  ,Cancelled,6860.0,5180.0
ORD0002585,2023-11-15,20231115,CUS02931,4,EMP0079,Debit Card,Completed,200.0,100.0
ORD0010968,2023-11-15,20231115,CUS00383,14,,Cash,Completed,939.0,520.0
ORD0008002,2023-11-15,20231115,CUS00444,1,EMP0020,Credit Card,Completed,616.5,300.0
ORD0004907,2023-11-15,20231115,CUS01049,1,EMP0012,Credit Card,Completed,1003.0,520.0
ORD0001811,2023-11-16,20231116,CUS02221,2,EMP0032,  Fawry  ,Completed,348.0,190.0
ORD0005918,2023-11-16,20231116,CUS01961,11,EMP0166,  Debit Card  ,Completed,1453.5,830.0
ORD0003018,2023-11-16,20231116,CUS00720,5,EMP0106,  Fawry  ,Completed,490.0,240.0
ORD0008005,2023-11-16,20231116,CUS00334,1,EMP0009,Credit Card,Completed,7905.0,5550.0
ORD0004116,2023-11-16,20231116,CUS01648,13,EMP0186,Fawry,Completed,4270.0,2120.0
ORD0000378,2023-11-16,20231116,CUS01309,2,EMP0052,Cash,Returned,972.0,480.0
ORD0000306,2023-11-16,20231116,CUS01755,3,EMP0076,Cash,Completed,1604.0,790.0
ORD0000531,2023-11-16,20231116,CUS02303,3,EMP0062,  Debit Card  ,Completed,420.0,280.0
ORD0008621,2023-11-16,20231116,CUS00840,5,EMP0095,Fawry,Completed,2152.0,1180.0
ORD0006253,2023-11-16,20231116,CUS01715,2,EMP0050,Debit Card,Completed,1270.0,1030.0
ORD0000908,2023-11-16,20231116,CUS02295,3,EMP0077,InstaPay,Completed,1200.0,750.0
ORD0008241,2023-11-16,20231116,CUS00557,2,EMP0040,Credit Card,Completed,234.0,130.0
ORD0006491,2023-11-16,20231116,CUS01591,5,EMP0102,Fawry,Completed,1600.0,1400.0
ORD0011787,2023-11-16,20231116,CUS00021,9,EMP0145,Cash,Completed,144.0,70.0
ORD0000517,2023-11-16,20231116,CUS00955,1,EMP0016,Fawry,Completed,1459.0,740.0
ORD0004483,2023-11-17,20231117,CUS00595,4,EMP0086,Fawry,Completed,934.0,490.0
ORD0004360,2023-11-17,20231117,CUS01196,12,EMP0183,Fawry,Returned,441.0,300.0
ORD0005412,2023-11-17,20231117,CUS01996,15,EMP0212,Cash,Cancelled,140.0,70.0
ORD0010297,2023-11-17,20231117,CUS00703,15,EMP0206,  InstaPay  ,Completed,270.0,120.0
ORD0009924,2023-11-17,20231117,CUS02636,14,EMP0194,Fawry,Completed,8802.0,8320.0
ORD0010004,2023-11-17,20231117,CUS01533,3,EMP0069,Fawry,Completed,978.0,520.0
ORD0002553,2023-11-17,20231117,CUS01609,14,EMP0198,  Debit Card  ,Completed,275.0,130.0
ORD0011072,2023-11-18,20231118,CUS01280,2,EMP0049,Cash,Cancelled,10000.0,8000.0
ORD0005892,2023-11-18,20231118,CUS01310,11,EMP0172,InstaPay,Completed,152.0,90.0
ORD0009270,2023-11-18,20231118,CUS01267,1,EMP0027,Vodafone Cash,Completed,54370.0,49380.0
ORD0003339,2023-11-18,20231118,CUS01339,4,EMP0091,Cash,Completed,1350.0,640.0
ORD0011877,2023-11-18,20231118,CUS01800,1,EMP0004,Vodafone Cash,Completed,1560.0,760.0
ORD0004460,2023-11-18,20231118,CUS00734,2,,Cash,Completed,390.0,240.0
ORD0000678,2023-11-18,20231118,CUS01882,3,EMP0073,Debit Card,Completed,15112.0,11460.0
ORD0007530,2023-11-18,20231118,CUS02955,1,EMP0007,Cash,Completed,204.0,110.0
ORD0004316,2023-11-18,20231118,CUS01367,15,EMP0209,Vodafone Cash,Completed,280.0,120.0
ORD0000464,2023-11-18,20231118,CUS00032,6,EMP0125,Cash,Completed,11173.5,8490.0
ORD0004914,2023-11-18,20231118,CUS01154,1,EMP0005,Debit Card,Completed,1207.5,600.0
ORD0008089,2023-11-18,20231118,CUS00476,4,EMP0086,Cash,Completed,2853.5,1470.0
ORD0001506,2023-11-19,20231119,CUS02780,3,EMP0056,Cash,Completed,1362.0,760.0
ORD0009248,2023-11-19,20231119,CUS02126,1,EMP0014,Fawry,Completed,1650.0,810.0
ORD0000980,2023-11-19,20231119,CUS01513,4,EMP0088,Fawry,Completed,6496.5,5200.0
ORD0011692,2023-11-19,20231119,CUS02671,2,EMP0031,Cash,Completed,296.0,180.0
ORD0007065,2023-11-19,20231119,CUS02476,2,EMP0046,InstaPay,Returned,1136.0,560.0
ORD0009177,2023-11-19,20231119,CUS01611,1,,Vodafone Cash,Completed,382.5,190.0
ORD0002977,2023-11-19,20231119,CUS02860,1,EMP0004,  Vodafone Cash  ,Completed,1348.0,710.0
ORD0003548,2023-11-19,20231119,CUS02212,5,EMP0106,Vodafone Cash,Completed,26400.0,21200.0
ORD0004866,2023-11-19,20231119,CUS02957,15,EMP0206,Debit Card,Completed,210.0,100.0
ORD0002004,2023-11-19,20231119,CUS01301,3,,Credit Card,Completed,66530.0,58480.0
ORD0010945,2023-11-19,20231119,CUS01672,2,EMP0050,Debit Card,Returned,240.0,120.0
ORD0010142,2023-11-20,20231120,CUS01893,3,EMP0063,  Cash  ,Completed,890.0,470.0
ORD0001880,2023-11-20,20231120,CUS02972,11,EMP0170,Credit Card,Completed,578.0,340.0
ORD0011368,2023-11-20,20231120,CUS02066,10,EMP0158,Fawry,Completed,828.0,440.0
ORD0003668,2023-11-20,20231120,CUS01959,10,EMP0162,  Fawry  ,Completed,942.0,680.0
ORD0009416,2023-11-20,20231120,CUS01782,1,EMP0024,Vodafone Cash,Completed,22400.0,22400.0
ORD0008868,2023-11-20,20231120,CUS01461,1,EMP0028,Fawry,Completed,3405.0,2880.0
ORD0008096,2023-11-20,20231120,CUS01527,3,EMP0071,Fawry,Completed,269.0,130.0
ORD0003649,2023-11-20,20231120,CUS03000,8,EMP0142,  Fawry  ,Completed,1370.0,640.0
ORD0000575,2023-11-20,20231120,CUS02781,12,EMP0176,Fawry,Completed,90.0,40.0
ORD0000903,2023-11-20,20231120,CUS00919,13,EMP0191,Cash,Returned,270.0,150.0
ORD0000556,2023-11-20,20231120,CUS00705,7,EMP0128,Fawry,Completed,503.5,260.0
ORD0007490,2023-11-21,20231121,CUS02828,3,EMP0065,Credit Card,Returned,3042.5,2740.0
ORD0006757,2023-11-21,20231121,CUS01173,2,EMP0050,Debit Card,Completed,5474.5,3870.0
ORD0010663,2023-11-21,20231121,CUS01265,6,,  Credit Card  ,Completed,16450.0,16300.0
ORD0006249,2023-11-21,20231121,CUS00359,2,,Fawry,Completed,999.0,540.0
ORD0009195,2023-11-21,20231121,CUS00148,3,EMP0061,InstaPay,Completed,864.0,470.0
ORD0002680,2023-11-21,20231121,CUS01251,2,EMP0033,Fawry,Completed,440.0,220.0
ORD0005277,2023-11-21,20231121,CUS01969,5,EMP0096,Debit Card,Completed,12128.0,10650.0
ORD0006718,2023-11-21,20231121,CUS00588,3,EMP0074,Cash,Completed,709.5,350.0
ORD0001964,2023-11-21,20231121,CUS01472,10,EMP0159,Credit Card,Completed,2430.0,1200.0
ORD0004388,2023-11-21,20231121,CUS02933,15,EMP0215,Vodafone Cash,Completed,9980.0,8780.0
ORD0007110,2023-11-21,20231121,CUS00441,2,EMP0038,Vodafone Cash,Completed,12943.0,11160.0
ORD0001519,2023-11-21,20231121,CUS01046,2,EMP0036,InstaPay,Completed,892.5,580.0
ORD0010062,2023-11-22,20231122,CUS01635,3,EMP0071,Vodafone Cash,Completed,576.0,300.0
ORD0008578,2023-11-22,20231122,CUS00410,13,EMP0187,  Fawry  ,Completed,6727.0,5540.0
ORD0005958,2023-11-22,20231122,CUS00171,12,,Vodafone Cash,Completed,602.0,290.0
ORD0000755,2023-11-22,20231122,CUS01890,3,EMP0057,Fawry,Completed,432.0,240.0
ORD0004086,2023-11-22,20231122,CUS01808,1,EMP0006,Vodafone Cash,Completed,3579.0,1790.0
ORD0006024,2023-11-22,20231122,CUS02990,3,EMP0074,Fawry,Completed,1859.0,940.0
ORD0005445,2023-11-22,20231122,CUS01389,2,EMP0050,Vodafone Cash,Completed,271.0,150.0
ORD0005147,2023-11-22,20231122,CUS02152,3,EMP0072,Fawry,Completed,160.0,90.0
ORD0003595,2023-11-22,20231122,CUS01481,10,EMP0157,Debit Card,Completed,210.0,100.0
ORD0002988,2023-11-22,20231122,CUS02206,14,EMP0203,Credit Card,Completed,660.0,440.0
ORD0005261,2023-11-22,20231122,CUS02083,1,EMP0021,Credit Card,Completed,370.0,180.0
ORD0004758,2023-11-22,20231122,CUS01888,12,EMP0184,Vodafone Cash,Completed,702.0,360.0
ORD0004532,2023-11-22,20231122,CUS00700,1,EMP0005,Fawry,Completed,520.0,240.0
ORD0009128,2023-11-22,20231122,CUS02716,15,EMP0204,  Vodafone Cash  ,Completed,342.0,180.0
ORD0011715,2023-11-22,20231122,CUS01950,5,,  Vodafone Cash  ,Completed,10596.0,8320.0
ORD0007789,2023-11-22,20231122,CUS00985,9,EMP0148,Vodafone Cash,Completed,1320.0,660.0
ORD0005176,2023-11-22,20231122,CUS00579,3,EMP0072,  Credit Card  ,Completed,3757.0,2920.0
ORD0008791,2023-11-23,20231123,CUS01313,11,EMP0168,Credit Card,Completed,888.0,480.0
ORD0006167,2023-11-23,20231123,CUS01727,12,EMP0178,Fawry,Returned,1120.0,1080.0
ORD0000597,2023-11-23,20231123,CUS00090,2,EMP0032,Credit Card,Completed,558.0,300.0
ORD0006737,2023-11-23,20231123,CUS00308,8,EMP0142,  Credit Card  ,Completed,4675.0,4340.0
ORD0003947,2023-11-23,20231123,CUS00876,1,EMP0016,  InstaPay  ,Returned,11360.0,8740.0
ORD0001707,2023-11-23,20231123,CUS02071,10,EMP0159,InstaPay,Completed,260.0,120.0
ORD0001635,2023-11-24,20231124,CUS02082,1,EMP0022,Fawry,Completed,105.0,70.0
ORD0011110,2023-11-24,20231124,CUS01606,1,EMP0005,Fawry,Completed,1410.0,690.0
ORD0002177,2023-11-24,20231124,CUS02642,12,EMP0176,Cash,Completed,1096.0,630.0
ORD0002229,2023-11-24,20231124,CUS01126,2,EMP0029,InstaPay,Cancelled,270.0,140.0
ORD0008400,2023-11-24,20231124,CUS01435,5,EMP0106,Debit Card,Completed,133.0,90.0
ORD0008704,2023-11-24,20231124,CUS00622,3,EMP0078,Credit Card,Completed,1260.0,680.0
ORD0004662,2023-11-25,20231125,CUS00038,6,EMP0122,Cash,Completed,264.0,160.0
ORD0007068,2023-11-25,20231125,CUS00735,10,EMP0154,Vodafone Cash,Completed,6768.0,5830.0
ORD0001404,2023-11-25,20231125,CUS01116,3,EMP0068,InstaPay,Completed,744.0,350.0
ORD0005617,2023-11-25,20231125,CUS00373,14,EMP0201,  Cash  ,Completed,414.0,250.0
ORD0006344,2023-11-25,20231125,CUS01797,10,EMP0154,Cash,Returned,142.5,70.0
ORD0005187,2023-11-25,20231125,CUS00496,2,EMP0048,InstaPay,Completed,6400.0,5100.0
ORD0003282,2023-11-25,20231125,CUS00048,6,EMP0116,Debit Card,Cancelled,770.0,380.0
ORD0002893,2023-11-25,20231125,CUS01110,5,EMP0101,Fawry,Completed,300.0,140.0
ORD0008732,2023-11-25,20231125,CUS02028,2,EMP0031,Vodafone Cash,Completed,5690.0,4290.0
ORD0002101,2023-11-25,20231125,CUS01251,4,EMP0092,  Fawry  ,Completed,515.0,260.0
ORD0009898,2023-11-25,20231125,CUS01213,12,EMP0181,Credit Card,Completed,18800.0,15020.0
ORD0001107,2023-11-26,20231126,CUS02388,14,EMP0200,Debit Card,Completed,2941.0,1590.0
ORD0007616,2023-11-26,20231126,CUS01226,5,EMP0098,InstaPay,Completed,81.0,40.0
ORD0000995,2023-11-26,20231126,CUS02141,5,EMP0102,Vodafone Cash,Completed,1308.0,790.0
ORD0010214,2023-11-26,20231126,CUS02041,13,EMP0190,  Credit Card  ,Completed,2170.0,1060.0
ORD0011849,2023-11-26,20231126,CUS01103,6,EMP0115,  Cash  ,Completed,2375.0,1270.0
ORD0009463,2023-11-26,20231126,CUS02705,15,EMP0204,  InstaPay  ,Completed,320.0,180.0
ORD0002565,2023-11-27,20231127,CUS02685,13,,Debit Card,Completed,1450.0,810.0
ORD0002286,2023-11-27,20231127,CUS01157,8,EMP0143,Debit Card,Completed,1688.5,910.0
ORD0005394,2023-11-27,20231127,CUS01575,9,EMP0151,  Vodafone Cash  ,Completed,399.0,210.0
ORD0003258,2023-11-27,20231127,CUS02807,7,EMP0132,Credit Card,Completed,133.0,70.0
ORD0004158,2023-11-27,20231127,CUS02319,4,EMP0086,  Debit Card  ,Completed,240.0,110.0
ORD0000719,2023-11-27,20231127,CUS02586,4,EMP0085,InstaPay,Completed,190.0,90.0
ORD0000888,2023-11-27,20231127,CUS01959,7,EMP0133,Debit Card,Completed,1379.0,760.0
ORD0004821,2023-11-27,20231127,CUS00177,3,EMP0063,  Credit Card  ,Completed,1824.0,950.0
ORD0009186,2023-11-27,20231127,CUS00185,9,EMP0145,Cash,Completed,268.0,140.0
ORD0011298,2023-11-27,20231127,CUS02741,1,EMP0020,Credit Card,Returned,28750.0,26090.0
ORD0010365,2023-11-27,20231127,CUS00383,3,EMP0066,Cash,Completed,350.0,170.0
ORD0006373,2023-11-27,20231127,CUS00414,1,EMP0027,Cash,Completed,41360.0,32670.0
ORD0005237,2023-11-27,20231127,CUS02949,8,EMP0143,Credit Card,Completed,612.0,320.0
ORD0010471,2023-11-28,20231128,CUS01555,2,,InstaPay,Completed,1452.0,790.0
ORD0010782,2023-11-28,20231128,CUS01762,1,EMP0017,Fawry,Completed,920.0,440.0
ORD0006233,2023-11-28,20231128,CUS00662,13,,Fawry,Completed,1324.0,690.0
ORD0005771,2023-11-28,20231128,CUS01598,2,EMP0046,Cash,Completed,420.0,210.0
ORD0007437,2023-11-28,20231128,CUS01494,3,EMP0062,  Fawry  ,Completed,590.0,290.0
ORD0000954,2023-11-28,20231128,CUS00246,1,EMP0026,Cash,Cancelled,540.0,260.0
ORD0008246,2023-11-28,20231128,CUS02640,10,EMP0157,InstaPay,Completed,630.0,310.0
ORD0006192,2023-11-28,20231128,CUS01777,1,EMP0025,Credit Card,Completed,1220.0,600.0
ORD0009231,2023-11-28,20231128,CUS02058,6,EMP0123,  Cash  ,Completed,510.0,240.0
ORD0009232,2023-11-28,20231128,CUS02479,15,EMP0213,Debit Card,Completed,3144.0,2520.0
ORD0006019,2023-11-28,20231128,CUS01831,1,EMP0028,InstaPay,Completed,2418.0,1620.0
ORD0002902,2023-11-28,20231128,CUS02196,5,EMP0103,Credit Card,Completed,480.0,300.0
ORD0007249,2023-11-28,20231128,CUS00393,15,,InstaPay,Completed,171.0,80.0
ORD0003983,2023-11-28,20231128,CUS01718,14,EMP0194,Fawry,Completed,2139.5,1120.0
ORD0003272,2023-11-28,20231128,CUS02914,13,EMP0192,Vodafone Cash,Completed,1731.5,960.0
ORD0000986,2023-11-28,20231128,CUS00642,13,EMP0192,Vodafone Cash,Completed,171.0,90.0
ORD0002109,2023-11-28,20231128,CUS00791,10,,Fawry,Completed,1250.5,660.0
ORD0008889,2023-11-28,20231128,CUS02670,6,EMP0119,Debit Card,Completed,822.5,390.0
ORD0007433,2023-11-28,20231128,CUS00475,7,EMP0134,Fawry,Completed,2340.0,1770.0
ORD0004678,2023-11-28,20231128,CUS00626,14,EMP0198,InstaPay,Completed,2988.0,1550.0
ORD0008285,2023-11-29,20231129,CUS01097,12,EMP0178,Fawry,Completed,2404.0,1210.0
ORD0010854,2023-11-29,20231129,CUS02427,1,EMP0002,Cash,Completed,1086.5,600.0
ORD0001883,2023-11-29,20231129,CUS00218,11,EMP0166,  Debit Card  ,Completed,696.0,390.0
ORD0007575,2023-11-29,20231129,CUS00429,13,EMP0186,Debit Card,Completed,162.0,80.0
ORD0009732,2023-11-29,20231129,CUS00375,3,EMP0056,Debit Card,Completed,140.0,70.0
ORD0009752,2023-11-29,20231129,CUS00715,1,EMP0022,Fawry,Completed,641.0,350.0
ORD0009378,2023-11-29,20231129,CUS02746,9,EMP0145,Debit Card,Completed,1690.0,1180.0
ORD0001135,2023-11-29,20231129,CUS00997,6,EMP0116,Fawry,Completed,3265.0,1820.0
ORD0011644,2023-11-29,20231129,CUS02975,6,EMP0123,InstaPay,Completed,212.0,110.0
ORD0005432,2023-11-30,20231130,CUS01178,6,EMP0120,Debit Card,Completed,1345.0,680.0
ORD0002071,2023-11-30,20231130,CUS02200,5,,  Credit Card  ,Completed,718.0,360.0
ORD0006665,2023-11-30,20231130,CUS01039,3,EMP0065,InstaPay,Completed,2087.5,1180.0
ORD0008023,2023-11-30,20231130,CUS00415,13,EMP0187,InstaPay,Cancelled,142.5,70.0
ORD0001850,2023-11-30,20231130,CUS02774,1,EMP0020,Vodafone Cash,Returned,1175.0,710.0
ORD0000583,2023-11-30,20231130,CUS01072,3,EMP0063,Credit Card,Completed,2377.5,2070.0
ORD0000127,2023-11-30,20231130,CUS01521,7,EMP0128,Vodafone Cash,Completed,510.0,240.0
ORD0006844,2023-11-30,20231130,CUS01946,8,EMP0142,  InstaPay  ,Completed,152.0,90.0
ORD0007301,2023-12-01,20231201,CUS01054,13,EMP0185,Cash,Completed,19238.0,15370.0
ORD0002588,2023-12-01,20231201,CUS00140,4,EMP0082,Fawry,Returned,361.0,180.0
ORD0005365,2023-12-01,20231201,CUS01075,5,EMP0108,  Debit Card  ,Completed,81.0,40.0
ORD0002254,2023-12-01,20231201,CUS01395,1,EMP0010,InstaPay,Completed,960.0,480.0
ORD0009847,2023-12-01,20231201,CUS01289,14,EMP0199,  Debit Card  ,Completed,2903.0,1620.0
ORD0010411,2023-12-01,20231201,CUS00240,1,EMP0010,Debit Card,Returned,130.0,60.0
ORD0003422,2023-12-01,20231201,CUS00393,4,EMP0088,  Vodafone Cash  ,Completed,800.0,700.0
ORD0004933,2023-12-01,20231201,CUS02951,6,EMP0115,InstaPay,Completed,14113.5,13000.0
ORD0005017,2023-12-01,20231201,CUS00026,4,EMP0080,Cash,Completed,1038.0,540.0
ORD0003118,2023-12-01,20231201,CUS00222,15,EMP0216,Fawry,Completed,34866.0,30560.0
ORD0003909,2023-12-02,20231202,CUS02304,12,EMP0184,Credit Card,Completed,2336.0,1250.0
ORD0007974,2023-12-02,20231202,CUS00610,7,EMP0127,Debit Card,Completed,90.0,40.0
ORD0004045,2023-12-02,20231202,CUS02141,14,EMP0195,Debit Card,Completed,216.0,110.0
ORD0010266,2023-12-02,20231202,CUS00963,14,EMP0198,Fawry,Completed,1185.0,640.0
ORD0001969,2023-12-02,20231202,CUS00503,14,EMP0201,Cash,Completed,879.5,440.0
ORD0010257,2023-12-02,20231202,CUS02411,1,EMP0006,InstaPay,Completed,720.0,700.0
ORD0004204,2023-12-02,20231202,CUS02972,1,EMP0001,Debit Card,Completed,1930.0,1010.0
ORD0003964,2023-12-02,20231202,CUS00414,7,EMP0131,Fawry,Returned,285.0,200.0
ORD0002896,2023-12-02,20231202,CUS00728,2,EMP0036,Fawry,Completed,932.0,480.0
ORD0008637,2023-12-02,20231202,CUS00138,6,EMP0123,Vodafone Cash,Completed,360.0,210.0
ORD0002048,2023-12-03,20231203,CUS01530,5,EMP0100,Fawry,Completed,504.0,270.0
ORD0006202,2023-12-03,20231203,CUS01833,4,,Vodafone Cash,Cancelled,11200.0,9000.0
ORD0006746,2023-12-03,20231203,CUS01176,8,EMP0142,Credit Card,Completed,690.0,330.0
ORD0004819,2023-12-03,20231203,CUS01295,13,EMP0191,Fawry,Completed,266.0,140.0
ORD0011950,2023-12-03,20231203,CUS02791,3,EMP0067,Cash,Completed,540.0,270.0
ORD0001153,2023-12-03,20231203,CUS01589,8,EMP0140,Cash,Completed,870.0,420.0
ORD0003937,2023-12-03,20231203,CUS01707,3,EMP0062,InstaPay,Completed,1283.5,640.0
ORD0008881,2023-12-03,20231203,CUS00192,5,EMP0096,Credit Card,Returned,1181.0,630.0
ORD0007474,2023-12-03,20231203,CUS02508,1,EMP0021,Fawry,Completed,227.5,110.0
ORD0009839,2023-12-03,20231203,CUS01135,2,EMP0044,Credit Card,Cancelled,900.0,440.0
ORD0009625,2023-12-03,20231203,CUS02422,3,EMP0055,Credit Card,Completed,942.0,510.0
ORD0007018,2023-12-04,20231204,CUS01028,2,EMP0054,  Debit Card  ,Cancelled,1156.5,560.0
ORD0002525,2023-12-04,20231204,CUS01424,5,EMP0103,  Vodafone Cash  ,Returned,128.0,70.0
ORD0010190,2023-12-04,20231204,CUS02249,14,EMP0194,Vodafone Cash,Completed,18909.0,16500.0
ORD0006156,2023-12-04,20231204,CUS02355,1,EMP0002,Cash,Returned,3422.5,1720.0
ORD0003182,2023-12-04,20231204,CUS02947,2,EMP0043,Debit Card,Completed,336.0,210.0
ORD0004262,2023-12-04,20231204,CUS02998,2,,InstaPay,Completed,637.5,420.0
ORD0006042,2023-12-04,20231204,CUS02936,3,EMP0055,Fawry,Completed,24180.0,21390.0
ORD0010108,2023-12-04,20231204,CUS01137,13,EMP0187,Vodafone Cash,Completed,2500.0,2000.0
ORD0009863,2023-12-04,20231204,CUS01469,5,EMP0096,Cash,Completed,300.0,140.0
ORD0006213,2023-12-04,20231204,CUS00955,1,EMP0015,Debit Card,Completed,171.0,80.0
ORD0009111,2023-12-04,20231204,CUS00159,1,EMP0014,  InstaPay  ,Completed,180.0,110.0
ORD0009923,2023-12-04,20231204,CUS01054,4,EMP0091,Cash,Completed,2151.5,1150.0
ORD0002262,2023-12-04,20231204,CUS01994,11,EMP0169,Vodafone Cash,Completed,380.0,220.0
ORD0009537,2023-12-04,20231204,CUS01407,7,EMP0131,Credit Card,Completed,17797.5,14050.0
ORD0006513,2023-12-05,20231205,CUS01795,1,EMP0002,InstaPay,Completed,81.0,40.0
ORD0011878,2023-12-05,20231205,CUS01357,14,EMP0196,Fawry,Completed,600.0,260.0
ORD0005011,2023-12-05,20231205,CUS02557,11,EMP0169,Debit Card,Completed,564.0,300.0
ORD0001223,2023-12-05,20231205,CUS00771,13,EMP0192,Debit Card,Completed,2698.5,1410.0
ORD0010534,2023-12-05,20231205,CUS02597,3,EMP0070,Debit Card,Completed,330.0,160.0
ORD0004172,2023-12-05,20231205,CUS01819,12,EMP0183,Credit Card,Completed,520.0,290.0
ORD0010426,2023-12-05,20231205,CUS02595,11,EMP0172,Vodafone Cash,Cancelled,180.0,80.0
ORD0003120,2023-12-05,20231205,CUS02334,7,EMP0128,Vodafone Cash,Completed,1491.5,850.0
ORD0001729,2023-12-05,20231205,CUS02062,9,EMP0145,  Cash  ,Returned,966.0,500.0
ORD0000865,2023-12-05,20231205,CUS00797,1,EMP0003,Vodafone Cash,Completed,400.0,250.0
ORD0004132,2023-12-05,20231205,CUS01046,4,EMP0080,Credit Card,Completed,2327.5,1270.0
ORD0005166,2023-12-05,20231205,CUS02363,3,EMP0067,Debit Card,Returned,180.0,120.0
ORD0004609,2023-12-06,20231206,CUS01626,3,EMP0078,  Cash  ,Returned,21390.0,17760.0
ORD0008572,2023-12-06,20231206,CUS00210,4,EMP0081,Credit Card,Completed,135.0,70.0
ORD0000758,2023-12-06,20231206,CUS00007,3,EMP0062,Fawry,Returned,540.0,280.0
ORD0000739,2023-12-06,20231206,CUS01948,10,EMP0155,Credit Card,Returned,240.0,120.0
ORD0005873,2023-12-06,20231206,CUS02907,7,EMP0128,  Vodafone Cash  ,Completed,5028.0,2630.0
ORD0005401,2023-12-06,20231206,CUS02805,5,EMP0107,Vodafone Cash,Completed,24400.0,19600.0
ORD0005252,2023-12-06,20231206,CUS02965,15,EMP0215,Fawry,Completed,247.0,130.0
ORD0002079,2023-12-06,20231206,CUS01059,5,EMP0103,InstaPay,Completed,1290.0,590.0
ORD0009909,2023-12-06,20231206,CUS00707,10,EMP0162,  Vodafone Cash  ,Completed,840.0,420.0
ORD0003847,2023-12-06,20231206,CUS00537,4,EMP0079,Fawry,Cancelled,288.0,170.0
ORD0010681,2023-12-06,20231206,CUS00558,14,EMP0203,  InstaPay  ,Cancelled,5885.0,5380.0
ORD0006076,2023-12-06,20231206,CUS02229,9,EMP0145,Debit Card,Completed,700.0,340.0
ORD0003463,2023-12-06,20231206,CUS00573,14,EMP0202,Debit Card,Completed,1139.5,630.0
ORD0004294,2023-12-06,20231206,CUS01889,5,EMP0105,Cash,Completed,460.0,230.0
ORD0006423,2023-12-06,20231206,CUS00147,6,EMP0124,Credit Card,Completed,2696.0,1340.0
ORD0010607,2023-12-06,20231206,CUS00036,3,EMP0059,Cash,Completed,540.0,260.0
ORD0002364,2023-12-06,20231206,CUS01718,8,EMP0142,Credit Card,Completed,420.0,240.0
ORD0003826,2023-12-07,20231207,CUS01984,11,EMP0169,Vodafone Cash,Completed,592.0,310.0
ORD0011067,2023-12-07,20231207,CUS01590,14,EMP0197,  Cash  ,Completed,3315.0,1700.0
ORD0011369,2023-12-07,20231207,CUS00291,14,EMP0198,Vodafone Cash,Completed,3309.5,1650.0
ORD0002577,2023-12-07,20231207,CUS01725,7,EMP0131,Cash,Completed,2126.0,1100.0
ORD0009942,2023-12-07,20231207,CUS02034,8,,Vodafone Cash,Cancelled,17489.0,16370.0
ORD0008951,2023-12-07,20231207,CUS00630,15,EMP0207,Fawry,Completed,4864.5,4780.0
ORD0006400,2023-12-07,20231207,CUS01990,1,EMP0009,  Cash  ,Completed,36020.5,28030.0
ORD0006332,2023-12-08,20231208,CUS00087,10,EMP0155,  Credit Card  ,Completed,13677.0,12780.0
ORD0011751,2023-12-08,20231208,CUS00387,2,EMP0047,Fawry,Completed,2554.0,1270.0
ORD0000016,2023-12-08,20231208,CUS02436,3,EMP0066,Debit Card,Completed,418.0,220.0
ORD0003341,2023-12-08,20231208,CUS02282,2,EMP0044,Credit Card,Completed,2181.5,1140.0
ORD0003404,2023-12-08,20231208,CUS02687,12,EMP0179,Credit Card,Completed,721.0,360.0
ORD0004503,2023-12-08,20231208,CUS02628,1,EMP0008,Debit Card,Returned,21450.0,17710.0
ORD0009492,2023-12-08,20231208,CUS02524,2,EMP0051,InstaPay,Completed,133.0,70.0
ORD0005279,2023-12-08,20231208,CUS00616,4,EMP0087,  Credit Card  ,Returned,920.0,770.0
ORD0011425,2023-12-08,20231208,CUS00264,3,,Cash,Completed,5320.0,4500.0
ORD0005585,2023-12-08,20231208,CUS00978,4,EMP0094,Fawry,Returned,760.0,430.0
ORD0009710,2023-12-08,20231208,CUS00261,3,EMP0072,Vodafone Cash,Completed,646.0,380.0
ORD0003539,2023-12-08,20231208,CUS00830,4,EMP0089,  Credit Card  ,Completed,31610.0,25500.0
ORD0005278,2023-12-09,20231209,CUS02894,4,EMP0090,Credit Card,Completed,306.0,160.0
ORD0004660,2023-12-09,20231209,CUS02088,7,EMP0135,Credit Card,Completed,416.0,260.0
ORD0007151,2023-12-09,20231209,CUS01052,12,EMP0176,  Fawry  ,Completed,880.0,440.0
ORD0011537,2023-12-09,20231209,CUS00139,6,EMP0125,  Debit Card  ,Completed,2457.5,1480.0
ORD0000768,2023-12-09,20231209,CUS00558,4,EMP0083,InstaPay,Completed,514.5,250.0
ORD0001913,2023-12-09,20231209,CUS00640,5,EMP0110,Credit Card,Completed,2399.0,1220.0
ORD0000602,2023-12-09,20231209,CUS00836,6,EMP0114,Vodafone Cash,Returned,584.0,300.0
ORD0010692,2023-12-09,20231209,CUS02258,1,EMP0015,Vodafone Cash,Completed,300.0,140.0
ORD0003504,2023-12-09,20231209,CUS00609,1,EMP0005,Fawry,Completed,975.0,490.0
ORD0009145,2023-12-09,20231209,CUS02019,4,EMP0090,Debit Card,Cancelled,3288.0,2000.0
ORD0006144,2023-12-10,20231210,CUS02991,5,EMP0097,  Fawry  ,Completed,5410.0,4680.0
ORD0005605,2023-12-10,20231210,CUS00075,4,EMP0087,Credit Card,Completed,468.0,260.0
ORD0005093,2023-12-10,20231210,CUS00278,6,EMP0122,Debit Card,Returned,716.0,350.0
ORD0004501,2023-12-10,20231210,CUS02909,5,EMP0097,  Credit Card  ,Completed,331.5,180.0
ORD0006692,2023-12-10,20231210,CUS02133,4,EMP0089,  Cash  ,Completed,19898.0,17480.0
ORD0004725,2023-12-10,20231210,CUS02043,13,EMP0191,InstaPay,Completed,2040.0,990.0
ORD0001115,2023-12-10,20231210,CUS00052,6,EMP0119,Credit Card,Completed,1452.0,800.0
ORD0008083,2023-12-10,20231210,CUS00701,3,,Cash,Completed,1485.0,770.0
ORD0006590,2023-12-10,20231210,CUS00367,10,EMP0156,Vodafone Cash,Completed,150.0,70.0
ORD0004475,2023-12-10,20231210,CUS01283,4,EMP0082,Vodafone Cash,Completed,540.0,250.0
ORD0000002,2023-12-10,20231210,CUS01109,11,EMP0168,  Cash  ,Completed,2020.0,1020.0
ORD0010052,2023-12-10,20231210,CUS00062,4,EMP0088,Credit Card,Completed,6148.5,4860.0
ORD0004752,2023-12-11,20231211,CUS01567,8,EMP0140,Credit Card,Completed,168.0,100.0
ORD0000283,2023-12-11,20231211,CUS01950,12,EMP0180,Vodafone Cash,Completed,2646.0,2240.0
ORD0005649,2023-12-11,20231211,CUS00010,9,EMP0145,Debit Card,Completed,324.0,170.0
ORD0001480,2023-12-11,20231211,CUS02798,6,EMP0118,Debit Card,Completed,10418.0,8450.0
ORD0008519,2023-12-11,20231211,CUS00926,8,EMP0144,Credit Card,Completed,1622.0,870.0
ORD0007282,2023-12-11,20231211,CUS02206,3,EMP0056,Credit Card,Completed,513.0,270.0
ORD0004851,2023-12-11,20231211,CUS01745,3,EMP0055,Debit Card,Completed,3814.0,2970.0
ORD0006396,2023-12-11,20231211,CUS01706,1,EMP0009,InstaPay,Completed,1770.0,1030.0
ORD0004376,2023-12-11,20231211,CUS00103,1,EMP0002,  Fawry  ,Completed,5534.0,4840.0
ORD0010920,2023-12-11,20231211,CUS01942,4,EMP0094,Debit Card,Completed,320.0,200.0
ORD0002424,2023-12-11,20231211,CUS02033,4,EMP0092,Vodafone Cash,Completed,136.0,80.0
ORD0007577,2023-12-12,20231212,CUS00710,15,EMP0215,Debit Card,Completed,1368.0,710.0
ORD0010196,2023-12-12,20231212,CUS02907,12,EMP0180,Vodafone Cash,Completed,598.5,300.0
ORD0010843,2023-12-12,20231212,CUS02199,3,EMP0055,InstaPay,Completed,3509.5,1740.0
ORD0005388,2023-12-12,20231212,CUS02038,3,EMP0058,InstaPay,Completed,10632.0,9690.0
ORD0008814,2023-12-12,20231212,CUS01229,2,EMP0047,  Debit Card  ,Completed,1787.0,960.0
ORD0005966,2023-12-12,20231212,CUS01573,7,EMP0127,Cash,Completed,34683.0,27270.0
ORD0009007,2023-12-12,20231212,CUS01632,4,EMP0082,Credit Card,Completed,276.0,170.0
ORD0004889,2023-12-12,20231212,CUS00080,3,EMP0060,Vodafone Cash,Completed,370.0,180.0
ORD0003008,2023-12-12,20231212,CUS02876,1,EMP0008,Fawry,Completed,10400.0,8430.0
ORD0007569,2023-12-12,20231212,CUS01892,13,EMP0191,Credit Card,Completed,374.0,200.0
ORD0001030,2023-12-12,20231212,CUS00778,3,EMP0068,  Fawry  ,Completed,432.0,230.0
ORD0004444,2023-12-12,20231212,CUS02070,7,EMP0128,InstaPay,Completed,90.0,40.0
ORD0004728,2023-12-12,20231212,CUS00090,4,EMP0088,Credit Card,Completed,3280.0,1600.0
ORD0008272,2023-12-12,20231212,CUS02317,1,EMP0028,Vodafone Cash,Completed,2077.5,1170.0
ORD0009891,2023-12-13,20231213,CUS00176,7,EMP0129,Vodafone Cash,Completed,1290.0,620.0
ORD0007739,2023-12-13,20231213,CUS00857,2,EMP0049,Fawry,Returned,2890.0,1490.0
ORD0000809,2023-12-13,20231213,CUS00076,1,EMP0021,Cash,Completed,360.0,180.0
ORD0004741,2023-12-13,20231213,CUS00512,6,EMP0116,Credit Card,Returned,5872.0,5110.0
ORD0005483,2023-12-13,20231213,CUS01659,13,EMP0185,Debit Card,Completed,247.0,120.0
ORD0002430,2023-12-13,20231213,CUS02721,9,EMP0151,Cash,Returned,549.0,260.0
ORD0007832,2023-12-13,20231213,CUS01173,1,EMP0026,Cash,Completed,1660.0,1120.0
ORD0002749,2023-12-14,20231214,CUS01048,15,EMP0207,Debit Card,Completed,500.0,280.0
ORD0011360,2023-12-14,20231214,CUS00370,12,EMP0174,Credit Card,Completed,460.0,220.0
ORD0009528,2023-12-14,20231214,CUS02486,1,EMP0028,Cash,Completed,629.0,360.0
ORD0009525,2023-12-14,20231214,CUS01432,1,EMP0002,Debit Card,Completed,240.0,110.0
ORD0002393,2023-12-14,20231214,CUS00067,12,EMP0178,Vodafone Cash,Completed,5100.0,4000.0
ORD0009623,2023-12-14,20231214,CUS00790,14,EMP0202,Cash,Completed,712.0,330.0
ORD0008169,2023-12-14,20231214,CUS02666,5,EMP0098,  InstaPay  ,Returned,792.5,390.0
ORD0007472,2023-12-14,20231214,CUS01678,12,EMP0182,  Debit Card  ,Completed,2542.5,1400.0
ORD0002377,2023-12-14,20231214,CUS01175,6,EMP0120,  Cash  ,Completed,189.0,100.0
ORD0005205,2023-12-14,20231214,CUS02411,7,EMP0136,Vodafone Cash,Completed,320.5,160.0
ORD0011476,2023-12-14,20231214,CUS00684,5,EMP0099,  Debit Card  ,Completed,252.0,140.0
ORD0008085,2023-12-15,20231215,CUS02959,9,EMP0150,Credit Card,Completed,280.5,160.0
ORD0007268,2023-12-15,20231215,CUS02873,4,EMP0086,Fawry,Completed,1065.0,620.0
ORD0007124,2023-12-15,20231215,CUS02995,9,EMP0146,InstaPay,Completed,690.0,340.0
ORD0007604,2023-12-15,20231215,CUS02740,13,EMP0188,Fawry,Completed,140.0,70.0
ORD0002171,2023-12-15,20231215,CUS02619,4,EMP0084,  Fawry  ,Completed,702.0,360.0
ORD0011139,2023-12-15,20231215,CUS00678,8,EMP0143,Cash,Completed,1506.0,830.0
ORD0003890,2023-12-15,20231215,CUS02108,5,EMP0108,Credit Card,Returned,9333.0,8220.0
ORD0009129,2023-12-15,20231215,CUS02493,7,EMP0133,Vodafone Cash,Completed,432.0,210.0
ORD0010000,2023-12-15,20231215,CUS00404,1,EMP0009,  Cash  ,Completed,476.0,230.0
ORD0003899,2023-12-15,20231215,CUS00214,3,EMP0070,Cash,Completed,520.0,240.0
ORD0009388,2023-12-15,20231215,CUS00235,4,EMP0085,InstaPay,Completed,153.0,80.0
ORD0005692,2023-12-16,20231216,CUS01080,7,EMP0128,  Vodafone Cash  ,Completed,3632.0,2120.0
ORD0005820,2023-12-16,20231216,CUS00465,3,EMP0056,Fawry,Completed,2592.5,1420.0
ORD0007816,2023-12-16,20231216,CUS00924,6,EMP0123,Credit Card,Completed,2112.0,1200.0
ORD0006783,2023-12-16,20231216,CUS02903,8,EMP0143,Credit Card,Completed,210.0,100.0
ORD0001356,2023-12-16,20231216,CUS01350,6,EMP0118,InstaPay,Returned,504.0,300.0
ORD0008307,2023-12-16,20231216,CUS00659,14,EMP0202,  Vodafone Cash  ,Completed,470.0,230.0
ORD0003832,2023-12-17,20231217,CUS02204,1,EMP0011,InstaPay,Completed,20976.0,16140.0
ORD0006366,2023-12-17,20231217,CUS00447,5,EMP0112,  Debit Card  ,Cancelled,768.5,400.0
ORD0000145,2023-12-17,20231217,CUS02915,3,EMP0062,Credit Card,Completed,16840.0,13620.0
ORD0010553,2023-12-17,20231217,CUS01213,11,EMP0168,Fawry,Completed,1605.5,830.0
ORD0007119,2023-12-17,20231217,CUS00883,1,EMP0003,Fawry,Completed,13821.0,10810.0
ORD0008411,2023-12-17,20231217,CUS00745,1,EMP0012,  Vodafone Cash  ,Completed,813.0,470.0
ORD0004088,2023-12-17,20231217,CUS02198,6,EMP0120,Vodafone Cash,Completed,11800.0,9400.0
ORD0004919,2023-12-17,20231217,CUS02989,1,EMP0025,Credit Card,Cancelled,1466.0,830.0
ORD0006918,2023-12-17,20231217,CUS01479,2,EMP0039,Fawry,Completed,2107.0,1030.0
ORD0002470,2023-12-17,20231217,CUS02105,3,EMP0065,Credit Card,Completed,270.0,120.0
ORD0009346,2023-12-17,20231217,CUS00120,11,EMP0164,Cash,Completed,870.0,530.0
ORD0009932,2023-12-17,20231217,CUS02445,11,,Vodafone Cash,Completed,2784.0,1610.0
ORD0011043,2023-12-18,20231218,CUS00162,7,EMP0135,Vodafone Cash,Completed,1348.5,720.0
ORD0000217,2023-12-18,20231218,CUS02782,2,EMP0051,Fawry,Completed,20580.0,17840.0
ORD0000194,2023-12-18,20231218,CUS01850,3,EMP0070,  Fawry  ,Completed,747.0,410.0
ORD0005984,2023-12-18,20231218,CUS02516,5,EMP0112,  InstaPay  ,Completed,42529.0,33560.0
ORD0006626,2023-12-18,20231218,CUS02548,3,EMP0058,Fawry,Completed,896.0,460.0
ORD0000798,2023-12-18,20231218,CUS01722,1,EMP0005,Debit Card,Cancelled,180.0,100.0
ORD0004763,2023-12-18,20231218,CUS00285,4,EMP0094,Credit Card,Completed,2325.0,1140.0
ORD0006719,2023-12-19,20231219,CUS00415,2,EMP0054,InstaPay,Completed,180.0,80.0
ORD0004320,2023-12-19,20231219,CUS02748,14,EMP0199,Credit Card,Completed,1098.0,540.0
ORD0003728,2023-12-19,20231219,CUS02037,1,EMP0017,Credit Card,Completed,304.0,160.0
ORD0011500,2023-12-19,20231219,CUS00403,4,EMP0083,Cash,Completed,350.0,170.0
ORD0004973,2023-12-19,20231219,CUS01798,2,EMP0041,InstaPay,Completed,1112.0,600.0
ORD0009113,2023-12-19,20231219,CUS00229,3,EMP0077,Fawry,Completed,199.5,100.0
ORD0001292,2023-12-19,20231219,CUS02648,1,EMP0019,Vodafone Cash,Completed,260.0,130.0
ORD0009478,2023-12-19,20231219,CUS02418,3,EMP0073,  InstaPay  ,Completed,1439.0,730.0
ORD0003808,2023-12-19,20231219,CUS01098,4,,InstaPay,Completed,540.0,280.0
ORD0004241,2023-12-19,20231219,CUS00599,11,EMP0168,Fawry,Completed,1110.0,540.0
ORD0000887,2023-12-19,20231219,CUS02139,13,EMP0192,Cash,Completed,360.0,160.0
ORD0002260,2023-12-20,20231220,CUS00458,12,EMP0178,Cash,Completed,10479.0,8540.0
ORD0009683,2023-12-20,20231220,CUS01479,4,EMP0082,Debit Card,Completed,378.0,200.0
ORD0009331,2023-12-20,20231220,CUS00386,6,EMP0115,Debit Card,Completed,519.5,270.0
ORD0011862,2023-12-20,20231220,CUS00627,6,EMP0114,Credit Card,Completed,890.0,440.0
ORD0011844,2023-12-20,20231220,CUS00353,6,EMP0119,  InstaPay  ,Completed,1159.5,610.0
ORD0004089,2023-12-20,20231220,CUS02756,3,EMP0077,Debit Card,Completed,1016.0,500.0
ORD0008391,2023-12-20,20231220,CUS00929,1,EMP0018,Fawry,Completed,3728.0,2070.0
ORD0003011,2023-12-20,20231220,CUS01757,11,EMP0171,InstaPay,Completed,136.0,70.0
ORD0002852,2023-12-20,20231220,CUS00779,14,EMP0202,Fawry,Completed,1196.0,630.0
ORD0001492,2023-12-20,20231220,CUS02328,8,EMP0141,Credit Card,Cancelled,601.5,300.0
ORD0009665,2023-12-20,20231220,CUS01981,4,EMP0081,Fawry,Completed,1510.0,720.0
ORD0009639,2023-12-20,20231220,CUS00571,4,EMP0091,  Fawry  ,Completed,288.0,140.0
ORD0006459,2023-12-20,20231220,CUS02396,7,EMP0130,InstaPay,Completed,1161.0,630.0
ORD0006505,2023-12-21,20231221,CUS01921,3,EMP0077,Fawry,Completed,600.0,290.0
ORD0001199,2023-12-21,20231221,CUS00289,4,EMP0085,InstaPay,Cancelled,1780.0,880.0
ORD0008227,2023-12-21,20231221,CUS02084,8,EMP0141,Cash,Completed,1836.0,960.0
ORD0002233,2023-12-21,20231221,CUS01722,8,EMP0137,InstaPay,Completed,920.0,440.0
ORD0006909,2023-12-21,20231221,CUS00616,2,EMP0053,  Fawry  ,Completed,726.0,350.0
ORD0001485,2023-12-21,20231221,CUS01682,2,EMP0040,Cash,Completed,152.0,70.0
ORD0008653,2023-12-21,20231221,CUS02451,1,EMP0001,Debit Card,Completed,477.0,260.0
ORD0000651,2023-12-21,20231221,CUS01656,10,,Fawry,Completed,216.0,130.0
ORD0005732,2023-12-21,20231221,CUS02948,10,EMP0162,Debit Card,Completed,152.0,70.0
ORD0004983,2023-12-21,20231221,CUS01235,8,EMP0139,Cash,Completed,414.0,220.0
ORD0006165,2023-12-21,20231221,CUS00231,14,EMP0194,  Fawry  ,Completed,432.0,220.0
ORD0008117,2023-12-21,20231221,CUS01772,13,EMP0185,InstaPay,Completed,3052.5,1680.0
ORD0006535,2023-12-21,20231221,CUS02550,4,EMP0090,  Credit Card  ,Completed,320.0,170.0
ORD0001540,2023-12-22,20231222,CUS01625,1,EMP0013,Cash,Completed,1212.0,660.0
ORD0009622,2023-12-22,20231222,CUS01259,12,EMP0181,  Cash  ,Completed,1331.0,680.0
ORD0005552,2023-12-22,20231222,CUS02945,1,,Vodafone Cash,Returned,405.0,260.0
ORD0006567,2023-12-22,20231222,CUS02157,6,EMP0119,InstaPay,Completed,282.0,140.0
ORD0000110,2023-12-22,20231222,CUS00121,6,EMP0120,Debit Card,Completed,918.0,540.0
ORD0002635,2023-12-22,20231222,CUS00147,2,EMP0049,Credit Card,Cancelled,270.0,140.0
ORD0010946,2023-12-22,20231222,CUS02540,13,EMP0192,Vodafone Cash,Cancelled,210.0,100.0
ORD0010179,2023-12-22,20231222,CUS02775,3,EMP0055,InstaPay,Cancelled,2367.0,1220.0
ORD0011107,2023-12-22,20231222,CUS00021,6,EMP0120,Cash,Completed,160.0,70.0
ORD0008836,2023-12-23,20231223,CUS02188,1,EMP0012,  Debit Card  ,Completed,130.0,60.0
ORD0007220,2023-12-23,20231223,CUS01926,1,EMP0013,Debit Card,Completed,3445.0,1800.0
ORD0004842,2023-12-23,20231223,CUS00882,4,EMP0083,  Fawry  ,Completed,260.0,130.0
ORD0008771,2023-12-23,20231223,CUS00733,1,EMP0010,Fawry,Completed,439.0,230.0
ORD0005391,2023-12-23,20231223,CUS02751,6,EMP0113,InstaPay,Completed,720.0,380.0
ORD0001819,2023-12-24,20231224,CUS00373,12,EMP0181,InstaPay,Completed,240.0,120.0
ORD0004467,2023-12-24,20231224,CUS00831,11,EMP0169,Cash,Completed,860.0,410.0
ORD0009695,2023-12-24,20231224,CUS00651,9,EMP0151,InstaPay,Completed,450.0,210.0
ORD0005045,2023-12-24,20231224,CUS00733,4,EMP0082,Debit Card,Completed,1269.0,690.0
ORD0007391,2023-12-24,20231224,CUS01879,12,EMP0176,Credit Card,Completed,2010.5,1100.0
ORD0002809,2023-12-24,20231224,CUS02131,7,EMP0128,Credit Card,Completed,3045.0,2190.0
ORD0008087,2023-12-24,20231224,CUS00327,13,EMP0187,Cash,Completed,592.0,300.0
ORD0004327,2023-12-24,20231224,CUS01952,2,EMP0034,InstaPay,Returned,627.0,330.0
ORD0004285,2023-12-25,20231225,CUS02459,2,EMP0049,  Credit Card  ,Completed,486.0,240.0
ORD0011941,2023-12-25,20231225,CUS02351,5,EMP0101,Vodafone Cash,Completed,720.0,400.0
ORD0005868,2023-12-25,20231225,CUS00240,6,,Credit Card,Completed,34592.5,30420.0
ORD0003914,2023-12-25,20231225,CUS01067,2,EMP0041,Vodafone Cash,Completed,204.0,120.0
ORD0006483,2023-12-25,20231225,CUS00322,6,EMP0125,Credit Card,Completed,399.0,200.0
ORD0000786,2023-12-25,20231225,CUS02173,1,EMP0019,  Cash  ,Completed,433.0,210.0
ORD0005623,2023-12-25,20231225,CUS01900,5,EMP0111,Fawry,Completed,569.5,310.0
ORD0000548,2023-12-25,20231225,CUS00182,5,EMP0098,  Vodafone Cash  ,Completed,885.5,590.0
ORD0001003,2023-12-25,20231225,CUS00441,10,EMP0160,  Fawry  ,Completed,594.0,320.0
ORD0010454,2023-12-25,20231225,CUS01094,2,EMP0030,Credit Card,Completed,280.0,140.0
ORD0006646,2023-12-25,20231225,CUS00854,7,EMP0135,  Credit Card  ,Completed,6900.0,5600.0
ORD0011243,2023-12-25,20231225,CUS02322,12,EMP0174,Credit Card,Completed,350.0,170.0
ORD0007239,2023-12-25,20231225,CUS00938,11,,Cash,Completed,675.0,370.0
ORD0007096,2023-12-25,20231225,CUS02351,3,EMP0073,Debit Card,Completed,791.0,410.0
ORD0001377,2023-12-26,20231226,CUS00002,3,EMP0056,Cash,Completed,803.0,400.0
ORD0001575,2023-12-26,20231226,CUS00450,10,EMP0161,Credit Card,Completed,2127.5,1110.0
ORD0008353,2023-12-26,20231226,CUS02929,3,EMP0075,Debit Card,Completed,90.0,40.0
ORD0008276,2023-12-26,20231226,CUS02516,3,EMP0066,Fawry,Returned,960.0,460.0
ORD0009766,2023-12-26,20231226,CUS02996,5,EMP0102,Vodafone Cash,Completed,5747.5,4770.0
ORD0010006,2023-12-26,20231226,CUS00510,8,EMP0143,Fawry,Returned,3476.0,1800.0
ORD0003512,2023-12-26,20231226,CUS00771,10,EMP0163,Debit Card,Completed,1035.0,540.0
ORD0011482,2023-12-26,20231226,CUS02439,6,EMP0118,Debit Card,Completed,31330.0,24640.0
ORD0006605,2023-12-26,20231226,CUS02084,7,EMP0127,InstaPay,Completed,840.0,410.0
ORD0001092,2023-12-26,20231226,CUS01871,3,EMP0076,Debit Card,Completed,306.0,170.0
ORD0004989,2023-12-26,20231226,CUS01168,11,EMP0170,Vodafone Cash,Returned,700.0,410.0
ORD0003691,2023-12-26,20231226,CUS01815,10,,Vodafone Cash,Completed,1539.0,860.0
ORD0003733,2023-12-26,20231226,CUS01919,14,EMP0202,  Vodafone Cash  ,Completed,493.0,280.0
ORD0011596,2023-12-27,20231227,CUS02296,11,EMP0167,Credit Card,Completed,621.5,310.0
ORD0005947,2023-12-27,20231227,CUS01690,10,EMP0154,Cash,Completed,1214.0,690.0
ORD0007188,2023-12-27,20231227,CUS00681,12,EMP0181,Vodafone Cash,Completed,1653.0,810.0
ORD0001612,2023-12-27,20231227,CUS01798,1,EMP0018,Fawry,Returned,530.0,260.0
ORD0011946,2023-12-27,20231227,CUS01625,15,EMP0205,Fawry,Returned,1089.0,560.0
ORD0005070,2023-12-28,20231228,CUS02448,6,EMP0124,Cash,Completed,2262.0,1160.0
ORD0000628,2023-12-28,20231228,CUS00765,12,EMP0181,Vodafone Cash,Completed,553.5,310.0
ORD0009392,2023-12-28,20231228,CUS01056,14,,Debit Card,Completed,202.5,120.0
ORD0011761,2023-12-28,20231228,CUS01882,6,EMP0124,Fawry,Completed,608.0,280.0
ORD0007812,2023-12-28,20231228,CUS02827,10,EMP0163,InstaPay,Completed,836.0,440.0
ORD0003228,2023-12-28,20231228,CUS00372,15,EMP0213,  InstaPay  ,Completed,1214.0,770.0
ORD0001302,2023-12-28,20231228,CUS00488,14,EMP0197,Debit Card,Completed,3525.0,1850.0
ORD0011534,2023-12-28,20231228,CUS02474,5,EMP0109,Vodafone Cash,Completed,11800.0,9400.0
ORD0006864,2023-12-28,20231228,CUS02125,11,EMP0169,Cash,Completed,750.0,800.0
ORD0004466,2023-12-28,20231228,CUS02996,3,EMP0056,Credit Card,Completed,8252.0,6230.0
ORD0009964,2023-12-28,20231228,CUS01264,2,EMP0031,Debit Card,Returned,2044.0,1110.0
ORD0002810,2023-12-28,20231228,CUS01616,4,EMP0088,Vodafone Cash,Completed,405.0,220.0
ORD0001772,2023-12-28,20231228,CUS01137,4,EMP0083,  Credit Card  ,Completed,460.0,220.0
ORD0004527,2023-12-28,20231228,CUS00642,6,EMP0119,  InstaPay  ,Completed,340.0,160.0
ORD0002546,2023-12-28,20231228,CUS02621,1,EMP0024,  Cash  ,Completed,55650.0,48430.0
ORD0011848,2023-12-28,20231228,CUS00044,15,EMP0214,  Debit Card  ,Returned,1551.0,790.0
ORD0004254,2023-12-28,20231228,CUS02515,13,EMP0187,Cash,Cancelled,612.0,320.0
ORD0011619,2023-12-28,20231228,CUS02011,10,EMP0158,Fawry,Completed,32866.5,26260.0
ORD0005976,2023-12-28,20231228,CUS00050,5,EMP0103,Vodafone Cash,Completed,1135.0,640.0
ORD0010921,2023-12-29,20231229,CUS00974,2,EMP0038,  Vodafone Cash  ,Completed,3509.0,2210.0
ORD0007503,2023-12-29,20231229,CUS01069,9,EMP0146,Vodafone Cash,Completed,3291.0,2110.0
ORD0002061,2023-12-29,20231229,CUS01809,14,EMP0198,InstaPay,Completed,243.0,130.0
ORD0010872,2023-12-29,20231229,CUS02306,3,EMP0057,Cash,Completed,4496.5,2220.0
ORD0005116,2023-12-29,20231229,CUS00464,3,EMP0057,  InstaPay  ,Completed,182.0,130.0
ORD0006524,2023-12-29,20231229,CUS00963,7,EMP0128,  Vodafone Cash  ,Completed,1911.5,1150.0
ORD0001956,2023-12-29,20231229,CUS00219,10,EMP0153,Vodafone Cash,Returned,142.5,70.0
ORD0006387,2023-12-29,20231229,CUS02938,13,EMP0186,Debit Card,Completed,19040.0,17800.0
ORD0008747,2023-12-29,20231229,CUS02794,1,,InstaPay,Completed,280.0,140.0
ORD0006385,2023-12-29,20231229,CUS01618,5,EMP0102,Cash,Completed,3435.0,2360.0
ORD0005882,2023-12-29,20231229,CUS02251,4,EMP0090,Credit Card,Completed,5265.0,4280.0
ORD0000817,2023-12-29,20231229,CUS02151,3,EMP0065,  Debit Card  ,Completed,1724.0,920.0
ORD0001961,2023-12-29,20231229,CUS01585,5,EMP0095,Debit Card,Completed,72.0,40.0
ORD0004171,2023-12-29,20231229,CUS00438,5,EMP0101,Debit Card,Completed,1080.0,520.0
ORD0009673,2023-12-30,20231230,CUS00467,6,EMP0123,Vodafone Cash,Completed,2040.0,1170.0
ORD0002020,2023-12-30,20231230,CUS02044,12,EMP0179,InstaPay,Completed,12780.0,12350.0
ORD0002459,2023-12-30,20231230,CUS01276,15,EMP0216,InstaPay,Completed,1050.0,500.0
ORD0007716,2023-12-30,20231230,CUS00694,1,EMP0002,Vodafone Cash,Completed,19933.5,17540.0
ORD0000402,2023-12-30,20231230,CUS02305,1,EMP0022,Fawry,Completed,5600.0,4500.0
ORD0011239,2023-12-30,20231230,CUS02676,5,EMP0098,Vodafone Cash,Completed,39500.0,31600.0
ORD0010412,2023-12-30,20231230,CUS02158,2,EMP0032,  InstaPay  ,Completed,2510.0,1580.0
ORD0010679,2023-12-30,20231230,CUS02981,4,EMP0093,  Fawry  ,Completed,1726.0,890.0
ORD0003518,2023-12-30,20231230,CUS02948,9,EMP0150,Debit Card,Completed,376.0,230.0
ORD0001637,2023-12-31,20231231,CUS01592,3,EMP0057,InstaPay,Completed,10980.0,9800.0
ORD0000470,2023-12-31,20231231,CUS02800,2,EMP0050,  Vodafone Cash  ,Completed,1656.0,1030.0
ORD0003325,2023-12-31,20231231,CUS00926,1,EMP0011,Vodafone Cash,Completed,140.0,60.0
ORD0003304,2023-12-31,20231231,CUS01999,10,EMP0161,InstaPay,Completed,1378.5,920.0
ORD0007888,2023-12-31,20231231,CUS00627,3,EMP0064,  Vodafone Cash  ,Completed,1210.0,610.0
ORD0004642,2023-12-31,20231231,CUS00947,3,EMP0061,Credit Card,Completed,784.0,430.0
ORD0009476,2023-12-31,20231231,CUS02508,3,EMP0069,Fawry,Completed,962.0,490.0
ORD0002361,2023-12-31,20231231,CUS02963,6,EMP0126,  Vodafone Cash  ,Completed,117.0,60.0
ORD0009680,2023-12-31,20231231,CUS00903,2,EMP0051,Credit Card,Completed,2800.0,1360.0
ORD0011868,2023-12-31,20231231,CUS01514,4,EMP0082,Cash,Completed,16247.0,15050.0
ORD0006795,2023-12-31,20231231,CUS00357,5,EMP0095,Debit Card,Completed,110.5,60.0
ORD0011504,2023-12-31,20231231,CUS01122,5,EMP0108,Credit Card,Returned,1987.5,970.0
ORD0006421,2023-12-31,20231231,CUS02517,13,EMP0193,Cash,Completed,1181.0,590.0
ORD0009543,2023-12-31,20231231,CUS01879,14,EMP0202,Debit Card,Completed,11520.0,10300.0
