order_id,order_date,date_id,customer_id,store_id,employee_id,payment_method,order_status,total_revenue,total_cost
ORD0002861,2024-01-01,20240101,CUS00888,4,EMP0079,Credit Card,Returned,5302.0,4310.0
ORD0006046,2024-01-01,20240101,CUS02416,1,EMP0009,InstaPay,Completed,740.0,360.0
ORD0002658,2024-01-01,20240101,CUS02527,12,EMP0175,Cash,Completed,1771.0,880.0
ORD0008080,2024-01-01,20240101,CUS00340,11,EMP0171,Cash,Completed,3485.0,2010.0
ORD0009278,2024-01-01,20240101,CUS00906,6,EMP0116,Debit Card,Completed,233.0,120.0
ORD0002226,2024-01-01,20240101,CUS00413,1,EMP0003,InstaPay,Completed,700.0,420.0
ORD0004221,2024-01-01,20240101,CUS01601,14,EMP0200,  Fawry  ,Completed,1401.0,740.0
ORD0010575,2024-01-01,20240101,CUS01815,5,EMP0112,InstaPay,Completed,81.0,40.0
ORD0007342,2024-01-01,20240101,CUS00211,6,EMP0116,InstaPay,Completed,6100.0,4900.0
ORD0005282,2024-01-01,20240101,CUS02410,15,EMP0215,Debit Card,Completed,1600.0,820.0
ORD0010236,2024-01-01,20240101,CUS02662,14,EMP0195,Vodafone Cash,Completed,270.0,120.0
ORD0006390,2024-01-01,20240101,CUS02651,5,EMP0108,Debit Card,Returned,980.0,530.0
ORD0002709,2024-01-01,20240101,CUS00542,7,EMP0136,InstaPay,Completed,38857.0,32220.0
ORD0000761,2024-01-02,20240102,CUS01226,1,EMP0006,Cash,Completed,1550.5,790.0
ORD0003933,2024-01-02,20240102,CUS01202,4,EMP0093,Cash,Completed,153.0,90.0
ORD0009895,2024-01-02,20240102,CUS01703,3,EMP0067,Debit Card,Returned,270.0,150.0
ORD0009548,2024-01-02,20240102,CUS00750,8,EMP0143,  Vodafone Cash  ,Completed,4712.0,2450.0
ORD0000288,2024-01-02,20240102,CUS00456,11,EMP0173,  Credit Card  ,Completed,90.0,40.0
ORD0005340,2024-01-02,20240102,CUS02563,10,EMP0152,Fawry,Completed,190.0,90.0
ORD0004108,2024-01-02,20240102,CUS02130,2,EMP0030,Vodafone Cash,Completed,629.0,360.0
ORD0009313,2024-01-02,20240102,CUS02353,3,EMP0070,Credit Card,Completed,2322.0,1340.0
ORD0001844,2024-01-02,20240102,CUS02609,1,EMP0012,  Cash  ,Completed,749.0,350.0
ORD0010525,2024-01-02,20240102,CUS01199,6,EMP0117,InstaPay,Completed,476.0,280.0
ORD0004372,2024-01-02,20240102,CUS00626,7,EMP0134,  InstaPay  ,Completed,20824.0,16420.0
ORD0006276,2024-01-02,20240102,CUS00282,3,EMP0059,  Credit Card  ,Completed,1000.0,500.0
ORD0010740,2024-01-02,20240102,CUS00709,12,,Debit Card,Completed,320.0,140.0
ORD0005052,2024-01-02,20240102,CUS00386,2,EMP0039,Debit Card,Completed,1863.0,1020.0
ORD0000328,2024-01-03,20240103,CUS01904,5,EMP0112,Vodafone Cash,Completed,2220.0,1100.0
ORD0009612,2024-01-03,20240103,CUS01961,1,EMP0014,Credit Card,Completed,616.0,320.0
ORD0000617,2024-01-03,20240103,CUS02928,6,EMP0115,InstaPay,Completed,1159.0,600.0
ORD0000059,2024-01-03,20240103,CUS02318,1,EMP0022,Vodafone Cash,Completed,411.0,210.0
ORD0006297,2024-01-03,20240103,CUS02038,12,EMP0184,Cash,Completed,1923.0,1030.0
ORD0003648,2024-01-03,20240103,CUS00941,13,EMP0187,Debit Card,Completed,630.0,310.0
ORD0004612,2024-01-03,20240103,CUS00678,2,EMP0029,Vodafone Cash,Completed,472.0,290.0
ORD0003961,2024-01-03,20240103,CUS00735,5,EMP0108,Debit Card,Completed,3094.0,1510.0
ORD0005003,2024-01-03,20240103,CUS02920,1,EMP0004,Debit Card,Returned,513.0,260.0
ORD0006981,2024-01-03,20240103,CUS02592,3,EMP0069,Vodafone Cash,Completed,270.0,170.0
ORD0004797,2024-01-03,20240103,CUS01716,14,EMP0198,Debit Card,Completed,1056.0,660.0
ORD0007556,2024-01-03,20240103,CUS02521,5,EMP0105,Cash,Cancelled,1894.0,1110.0
ORD0006034,2024-01-03,20240103,CUS02094,11,EMP0171,Cash,Completed,1340.0,650.0
ORD0008310,2024-01-03,20240103,CUS02713,1,EMP0009,Cash,Completed,982.0,490.0
ORD0005784,2024-01-03,20240103,CUS02758,7,EMP0130,Credit Card,Completed,2203.5,1200.0
ORD0002825,2024-01-04,20240104,CUS00564,2,EMP0047,Vodafone Cash,Completed,16266.0,15080.0
ORD0007388,2024-01-04,20240104,CUS01530,15,EMP0216,Fawry,Completed,17170.0,13610.0
ORD0009398,2024-01-04,20240104,CUS01777,2,EMP0032,Credit Card,Completed,683.5,360.0
ORD0008993,2024-01-04,20240104,CUS02012,14,EMP0202,Fawry,Returned,9938.0,8780.0
ORD0001497,2024-01-04,20240104,CUS01082,5,EMP0106,Vodafone Cash,Completed,893.0,570.0
ORD0002519,2024-01-04,20240104,CUS00367,1,EMP0013,Debit Card,Completed,357.0,210.0
ORD0010249,2024-01-04,20240104,CUS02121,6,EMP0126,Vodafone Cash,Completed,1220.0,590.0
ORD0010714,2024-01-04,20240104,CUS01735,1,EMP0003,Credit Card,Completed,960.0,440.0
ORD0005909,2024-01-04,20240104,CUS00754,5,EMP0098,InstaPay,Completed,432.0,210.0
ORD0006608,2024-01-04,20240104,CUS00079,5,EMP0111,Fawry,Completed,27030.0,25400.0
ORD0006901,2024-01-04,20240104,CUS01962,1,EMP0013,InstaPay,Completed,1261.5,670.0
ORD0003720,2024-01-04,20240104,CUS02981,3,EMP0063,Cash,Completed,90.0,40.0
ORD0001797,2024-01-04,20240104,CUS00831,2,EMP0052,  InstaPay  ,Completed,756.0,400.0
ORD0005244,2024-01-04,20240104,CUS00807,4,EMP0090,Vodafone Cash,Completed,434.5,250.0
ORD0008171,2024-01-05,20240105,CUS02684,12,EMP0174,InstaPay,Completed,13784.5,10800.0
ORD0001219,2024-01-05,20240105,CUS01689,8,EMP0143,Cash,Returned,627.0,320.0
ORD0006433,2024-01-05,20240105,CUS02972,8,EMP0138,Fawry,Returned,306.0,160.0
ORD0008401,2024-01-05,20240105,CUS01426,2,EMP0037,Cash,Completed,160.0,80.0
ORD0010559,2024-01-05,20240105,CUS00992,1,EMP0021,Cash,Completed,664.5,340.0
ORD0007955,2024-01-05,20240105,CUS02570,12,EMP0184,Vodafone Cash,Completed,127.5,70.0
ORD0003169,2024-01-05,20240105,CUS02904,1,EMP0011,Vodafone Cash,Completed,209.0,100.0
ORD0008847,2024-01-05,20240105,CUS02664,13,EMP0185,Vodafone Cash,Completed,730.0,360.0
ORD0010373,2024-01-06,20240106,CUS02885,1,EMP0024,  Fawry  ,Completed,3320.0,1640.0
ORD0010586,2024-01-06,20240106,CUS01200,1,EMP0017,InstaPay,Completed,1231.0,620.0
ORD0008394,2024-01-06,20240106,CUS00843,6,EMP0126,  Debit Card  ,Returned,2281.0,1140.0
ORD0008844,2024-01-06,20240106,CUS02725,7,EMP0132,Vodafone Cash,Completed,72.0,40.0
ORD0010980,2024-01-06,20240106,CUS00835,2,EMP0047,Vodafone Cash,Completed,2090.0,1020.0
ORD0010684,2024-01-06,20240106,CUS00052,5,EMP0099,Credit Card,Returned,669.0,330.0
ORD0006508,2024-01-06,20240106,CUS01037,6,EMP0113,Credit Card,Completed,1928.0,1370.0
ORD0003517,2024-01-06,20240106,CUS00415,12,EMP0178,Fawry,Completed,5363.0,5050.0
ORD0010303,2024-01-06,20240106,CUS00163,5,EMP0103,Debit Card,Completed,1320.0,810.0
ORD0008132,2024-01-06,20240106,CUS00324,3,EMP0060,Fawry,Completed,852.5,480.0
ORD0008750,2024-01-06,20240106,CUS02035,1,EMP0001,Vodafone Cash,Completed,666.0,330.0
ORD0008348,2024-01-06,20240106,CUS00488,2,EMP0035,Fawry,Returned,171.0,90.0
ORD0001329,2024-01-06,20240106,CUS02135,1,EMP0011,Cash,Completed,7150.0,5670.0
ORD0010145,2024-01-06,20240106,CUS01703,1,EMP0022,  Vodafone Cash  ,Completed,1201.0,600.0
ORD0008351,2024-01-06,20240106,CUS01916,4,EMP0079,Vodafone Cash,Completed,80.0,40.0
ORD0008402,2024-01-07,20240107,CUS02493,4,EMP0088,Debit Card,Returned,749.0,350.0
ORD0008443,2024-01-07,20240107,CUS02434,2,EMP0045,Credit Card,Completed,4880.0,4900.0
ORD0005625,2024-01-07,20240107,CUS01160,1,EMP0028,  Fawry  ,Completed,360.0,200.0
ORD0005899,2024-01-07,20240107,CUS00081,1,EMP0016,  InstaPay  ,Completed,300.0,140.0
ORD0007062,2024-01-07,20240107,CUS02642,1,EMP0023,Debit Card,Completed,1234.0,610.0
ORD0009236,2024-01-07,20240107,CUS01095,14,EMP0195,  Vodafone Cash  ,Completed,152.0,80.0
ORD0006074,2024-01-07,20240107,CUS00070,5,EMP0095,Vodafone Cash,Completed,3912.0,2020.0
ORD0008099,2024-01-07,20240107,CUS00574,9,EMP0146,Credit Card,Returned,963.0,520.0
ORD0000213,2024-01-07,20240107,CUS02850,2,EMP0032,Cash,Completed,3162.0,1590.0
ORD0007870,2024-01-07,20240107,CUS01576,3,EMP0062,Debit Card,Completed,432.0,220.0
ORD0000710,2024-01-07,20240107,CUS00182,14,EMP0202,InstaPay,Completed,800.0,400.0
ORD0006788,2024-01-08,20240108,CUS02021,2,EMP0046,InstaPay,Completed,760.0,390.0
ORD0000008,2024-01-08,20240108,CUS00599,1,EMP0020,  Vodafone Cash  ,Completed,1710.0,910.0
ORD0010508,2024-01-08,20240108,CUS00571,11,EMP0168,Vodafone Cash,Returned,1025.0,650.0
ORD0008974,2024-01-08,20240108,CUS02940,6,EMP0119,Fawry,Completed,289.0,160.0
ORD0003951,2024-01-08,20240108,CUS00846,10,,Debit Card,Completed,878.5,490.0
ORD0009662,2024-01-08,20240108,CUS01378,6,EMP0124,Vodafone Cash,Completed,1701.0,910.0
ORD0001546,2024-01-08,20240108,CUS01653,11,EMP0171,Fawry,Returned,578.0,310.0
ORD0005172,2024-01-08,20240108,CUS00677,11,EMP0167,Fawry,Completed,10608.5,8210.0
ORD0002929,2024-01-09,20240109,CUS01155,6,EMP0118,  Debit Card  ,Completed,600.0,280.0
ORD0005759,2024-01-09,20240109,CUS00138,2,EMP0046,Credit Card,Completed,1080.0,540.0
ORD0009366,2024-01-09,20240109,CUS02643,2,EMP0034,Debit Card,Completed,872.0,480.0
ORD0008140,2024-01-09,20240109,CUS00331,15,EMP0205,InstaPay,Returned,2310.0,1210.0
ORD0010272,2024-01-09,20240109,CUS02772,3,EMP0077,Credit Card,Completed,1131.0,600.0
ORD0004806,2024-01-09,20240109,CUS00634,1,EMP0011,Cash,Returned,437.0,220.0
ORD0003986,2024-01-09,20240109,CUS01621,3,EMP0064,Cash,Completed,776.0,390.0
ORD0008427,2024-01-09,20240109,CUS02908,1,EMP0008,Cash,Completed,30777.5,24540.0
ORD0001177,2024-01-09,20240109,CUS01745,6,EMP0125,Credit Card,Completed,238.0,140.0
ORD0008199,2024-01-09,20240109,CUS02514,5,EMP0112,Fawry,Completed,320.0,150.0
ORD0005852,2024-01-09,20240109,CUS01449,4,EMP0084,InstaPay,Completed,10347.5,8260.0
ORD0010482,2024-01-09,20240109,CUS01609,1,EMP0010,Cash,Completed,496.0,270.0
ORD0010768,2024-01-09,20240109,CUS01663,6,EMP0114,Debit Card,Completed,1791.0,1060.0
ORD0004901,2024-01-09,20240109,CUS00013,6,EMP0118,Cash,Completed,324.0,180.0
ORD0007428,2024-01-09,20240109,CUS00054,11,EMP0173,Vodafone Cash,Completed,210.0,140.0
ORD0003719,2024-01-10,20240110,CUS02836,2,EMP0040,Vodafone Cash,Completed,456.0,220.0
ORD0011830,2024-01-10,20240110,CUS02452,11,EMP0170,InstaPay,Returned,1962.0,1000.0
ORD0010332,2024-01-10,20240110,CUS02475,3,EMP0063,Debit Card,Completed,540.0,300.0
ORD0008185,2024-01-10,20240110,CUS00002,7,EMP0132,Cash,Completed,190.0,90.0
ORD0004222,2024-01-10,20240110,CUS02120,2,EMP0031,Cash,Completed,180.5,90.0
ORD0003545,2024-01-10,20240110,CUS01428,5,EMP0098,Fawry,Completed,817.0,460.0
ORD0001813,2024-01-10,20240110,CUS00631,1,EMP0020,  Debit Card  ,Cancelled,54087.0,42690.0
ORD0007749,2024-01-10,20240110,CUS00936,4,EMP0080,Debit Card,Completed,152.0,70.0
ORD0004058,2024-01-10,20240110,CUS02194,2,,Vodafone Cash,Cancelled,1056.0,500.0
ORD0007631,2024-01-10,20240110,CUS01059,6,EMP0121,InstaPay,Completed,12849.0,13160.0
ORD0000595,2024-01-11,20240111,CUS02946,5,EMP0098,Credit Card,Returned,816.0,500.0
ORD0001754,2024-01-11,20240111,CUS02697,5,EMP0098,  InstaPay  ,Completed,270.0,120.0
ORD0007578,2024-01-11,20240111,CUS02561,13,EMP0190,Fawry,Completed,370.5,180.0
ORD0001310,2024-01-11,20240111,CUS01366,10,EMP0155,Debit Card,Completed,2110.0,1060.0
ORD0011624,2024-01-11,20240111,CUS00549,12,EMP0174,  Credit Card  ,Completed,1062.0,580.0
ORD0007742,2024-01-11,20240111,CUS00048,10,EMP0157,Fawry,Completed,1168.5,700.0
ORD0011665,2024-01-11,20240111,CUS00588,1,EMP0007,  Vodafone Cash  ,Completed,160.0,70.0
ORD0008395,2024-01-11,20240111,CUS00988,10,EMP0161,  Vodafone Cash  ,Completed,580.0,280.0
ORD0007430,2024-01-11,20240111,CUS01221,11,EMP0165,Cash,Completed,690.0,320.0
ORD0002293,2024-01-11,20240111,CUS00398,1,EMP0001,Vodafone Cash,Completed,23940.0,21280.0
ORD0011102,2024-01-12,20240112,CUS02086,9,EMP0149,Cash,Completed,2675.0,1280.0
ORD0011210,2024-01-12,20240112,CUS01060,1,EMP0004,  Fawry  ,Completed,162.0,80.0
ORD0006642,2024-01-12,20240112,CUS02150,5,EMP0097,Cash,Completed,537.0,310.0
ORD0002753,2024-01-12,20240112,CUS00240,1,EMP0012,Cash,Completed,36320.0,31820.0
ORD0001554,2024-01-12,20240112,CUS00567,12,EMP0177,Debit Card,Completed,1140.0,560.0
ORD0009258,2024-01-12,20240112,CUS00284,6,EMP0119,Cash,Completed,468.0,260.0
ORD0007309,2024-01-12,20240112,CUS00006,13,EMP0189,Credit Card,Completed,360.0,240.0
ORD0006448,2024-01-13,20240113,CUS02869,9,EMP0146,Fawry,Completed,2762.0,1380.0
ORD0009162,2024-01-13,20240113,CUS00030,7,EMP0135,Vodafone Cash,Completed,718.0,380.0
ORD0001383,2024-01-13,20240113,CUS02544,6,EMP0125,Cash,Completed,719.0,440.0
ORD0001739,2024-01-13,20240113,CUS02886,3,EMP0072,Vodafone Cash,Completed,522.0,280.0
ORD0011752,2024-01-13,20240113,CUS00953,2,EMP0047,Cash,Completed,960.0,500.0
ORD0000793,2024-01-13,20240113,CUS02267,6,EMP0122,InstaPay,Completed,280.0,140.0
ORD0006291,2024-01-13,20240113,CUS02071,5,EMP0099,Debit Card,Completed,1352.0,730.0
ORD0002740,2024-01-13,20240113,CUS00538,4,EMP0083,Debit Card,Completed,500.0,250.0
ORD0007279,2024-01-13,20240113,CUS02185,3,EMP0069,  Credit Card  ,Cancelled,377.5,220.0
ORD0009772,2024-01-13,20240113,CUS01994,6,EMP0115,Credit Card,Completed,707.0,350.0
ORD0001286,2024-01-14,20240114,CUS02823,6,EMP0120,Cash,Completed,940.5,480.0
ORD0006798,2024-01-14,20240114,CUS02446,7,EMP0135,Debit Card,Completed,1560.0,830.0
ORD0005639,2024-01-14,20240114,CUS02187,6,EMP0126,Vodafone Cash,Completed,2112.0,1080.0
ORD0006060,2024-01-14,20240114,CUS01977,2,EMP0036,InstaPay,Completed,2000.0,1050.0
ORD0007202,2024-01-14,20240114,CUS00166,2,EMP0054,Vodafone Cash,Returned,1043.0,530.0
ORD0010124,2024-01-14,20240114,CUS00796,5,EMP0105,Vodafone Cash,Completed,230.0,110.0
ORD0010608,2024-01-14,20240114,CUS00874,8,EMP0142,  Fawry  ,Completed,1056.0,490.0
ORD0000141,2024-01-14,20240114,CUS01474,3,EMP0066,Vodafone Cash,Completed,2147.0,1620.0
ORD0003263,2024-01-14,20240114,CUS01842,2,EMP0054,Debit Card,Cancelled,350.0,170.0
ORD0008312,2024-01-14,20240114,CUS01831,5,EMP0106,Cash,Completed,815.5,430.0
ORD0003461,2024-01-14,20240114,CUS02190,2,EMP0033,  Cash  ,Completed,6980.0,5280.0
ORD0010661,2024-01-14,20240114,CUS02024,10,EMP0156,Vodafone Cash,Completed,49313.0,48620.0
ORD0008141,2024-01-14,20240114,CUS00019,10,EMP0159,Vodafone Cash,Cancelled,1963.0,940.0
ORD0005451,2024-01-14,20240114,CUS00183,8,EMP0143,Fawry,Completed,1968.0,1080.0
ORD0002913,2024-01-14,20240114,CUS02274,8,EMP0138,Debit Card,Completed,171.0,90.0
ORD0009849,2024-01-15,20240115,CUS02634,1,EMP0008,Vodafone Cash,Completed,11880.0,10500.0
ORD0007833,2024-01-15,20240115,CUS00615,3,EMP0059,Credit Card,Completed,6136.0,4560.0
ORD0003955,2024-01-15,20240115,CUS02842,11,EMP0171,Cash,Completed,16390.0,12370.0
ORD0002082,2024-01-15,20240115,CUS00692,1,EMP0003,Credit Card,Completed,234.0,130.0
ORD0006514,2024-01-15,20240115,CUS00112,8,EMP0142,  Vodafone Cash  ,Completed,14064.0,11010.0
ORD0001420,2024-01-15,20240115,CUS01353,2,EMP0032,Debit Card,Completed,9440.0,9400.0
ORD0000075,2024-01-15,20240115,CUS00806,6,EMP0126,InstaPay,Completed,140.0,70.0
ORD0008813,2024-01-15,20240115,CUS02049,2,EMP0040,  Cash  ,Completed,135.0,70.0
ORD0007357,2024-01-15,20240115,CUS02322,10,EMP0161,  InstaPay  ,Completed,171.0,80.0
ORD0005231,2024-01-15,20240115,CUS01805,2,EMP0030,Debit Card,Completed,1840.0,1280.0
ORD0009181,2024-01-15,20240115,CUS02579,3,EMP0068,  Vodafone Cash  ,Cancelled,1962.0,1250.0
ORD0011141,2024-01-15,20240115,CUS02742,3,EMP0070,InstaPay,Completed,484.5,240.0
ORD0002407,2024-01-15,20240115,CUS00937,14,EMP0194,Vodafone Cash,Completed,1216.0,600.0
ORD0005797,2024-01-15,20240115,CUS02238,1,EMP0007,Fawry,Completed,17519.5,13640.0
ORD0011831,2024-01-15,20240115,CUS02339,4,EMP0081,Debit Card,Completed,100.0,40.0
ORD0001829,2024-01-15,20240115,CUS02888,3,EMP0059,Vodafone Cash,Completed,2158.0,1100.0
ORD0009747,2024-01-16,20240116,CUS02179,1,EMP0006,Vodafone Cash,Completed,450.0,300.0
ORD0008338,2024-01-16,20240116,CUS01651,2,EMP0034,Cash,Completed,1140.0,600.0
ORD0010188,2024-01-16,20240116,CUS00093,14,EMP0197,  Cash  ,Completed,4239.0,3560.0
ORD0001510,2024-01-16,20240116,CUS02347,14,EMP0201,Fawry,Completed,1698.0,1110.0
ORD0007836,2024-01-16,20240116,CUS01098,14,EMP0202,Debit Card,Completed,991.5,520.0
ORD0004979,2024-01-16,20240116,CUS02468,9,EMP0151,Vodafone Cash,Completed,230.0,110.0
ORD0001006,2024-01-16,20240116,CUS00502,3,EMP0067,Credit Card,Completed,450.0,210.0
ORD0007312,2024-01-16,20240116,CUS00565,3,EMP0072,  Debit Card  ,Completed,807.0,430.0
ORD0000957,2024-01-16,20240116,CUS01105,13,EMP0186,  Cash  ,Returned,432.0,210.0
ORD0000943,2024-01-16,20240116,CUS02799,1,EMP0025,Debit Card,Completed,332.5,160.0
ORD0005223,2024-01-16,20240116,CUS00287,1,EMP0012,  Vodafone Cash  ,Returned,592.0,360.0
ORD0008198,2024-01-17,20240117,CUS01940,3,EMP0067,InstaPay,Completed,843.0,410.0
ORD0002248,2024-01-17,20240117,CUS02878,12,EMP0174,  Cash  ,Completed,537.5,270.0
ORD0008723,2024-01-17,20240117,CUS02392,5,EMP0099,Cash,Completed,425.0,240.0
ORD0004194,2024-01-17,20240117,CUS01510,2,EMP0048,Cash,Returned,21288.0,21750.0
ORD0011402,2024-01-17,20240117,CUS01629,4,EMP0090,Debit Card,Completed,10100.0,8100.0
ORD0003486,2024-01-17,20240117,CUS00710,5,EMP0112,Debit Card,Completed,1400.0,640.0
ORD0010919,2024-01-17,20240117,CUS02544,13,EMP0185,  Credit Card  ,Completed,1007.0,530.0
ORD0002496,2024-01-17,20240117,CUS01693,3,EMP0060,Fawry,Completed,41980.0,39450.0
ORD0003393,2024-01-17,20240117,CUS01567,10,,  InstaPay  ,Completed,1885.0,1050.0
ORD0002500,2024-01-17,20240117,CUS02075,7,EMP0133,Credit Card,Completed,12200.0,9800.0
ORD0000364,2024-01-17,20240117,CUS02981,2,EMP0035,InstaPay,Completed,655.0,350.0
ORD0011872,2024-01-17,20240117,CUS00171,4,EMP0092,  InstaPay  ,Cancelled,430.0,210.0
ORD0008233,2024-01-17,20240117,CUS00423,1,EMP0005,Cash,Completed,207.0,110.0
ORD0004902,2024-01-17,20240117,CUS02063,2,EMP0033,  Cash  ,Completed,210.0,100.0
ORD0004118,2024-01-17,20240117,CUS00370,1,EMP0024,  Credit Card  ,Completed,1037.0,520.0
ORD0000934,2024-01-17,20240117,CUS02784,2,EMP0044,Fawry,Completed,27900.0,29800.0
ORD0004458,2024-01-18,20240118,CUS02638,4,EMP0092,Credit Card,Completed,931.0,480.0
ORD0009818,2024-01-18,20240118,CUS00603,14,EMP0202,Debit Card,Completed,799.0,470.0
ORD0005855,2024-01-18,20240118,CUS02181,5,EMP0107,Cash,Completed,22368.0,18440.0
ORD0006496,2024-01-18,20240118,CUS00683,4,EMP0084,Credit Card,Completed,297.0,160.0
ORD0002888,2024-01-18,20240118,CUS01021,13,EMP0188,Credit Card,Completed,10640.0,9000.0
ORD0009901,2024-01-18,20240118,CUS00371,12,EMP0184,Cash,Completed,772.0,370.0
ORD0005127,2024-01-18,20240118,CUS00526,1,EMP0006,Debit Card,Completed,3070.0,1580.0
ORD0007444,2024-01-18,20240118,CUS00487,15,EMP0205,  Debit Card  ,Completed,714.0,400.0
ORD0010450,2024-01-18,20240118,CUS02987,2,EMP0045,  Fawry  ,Completed,980.0,500.0
ORD0008655,2024-01-18,20240118,CUS01155,12,EMP0182,Fawry,Completed,27010.0,26520.0
ORD0003042,2024-01-19,20240119,CUS02772,1,EMP0019,Fawry,Completed,607.5,390.0
ORD0002832,2024-01-19,20240119,CUS00370,4,EMP0084,InstaPay,Returned,1581.0,900.0
ORD0011700,2024-01-19,20240119,CUS00004,7,EMP0133,InstaPay,Completed,15832.5,12820.0
ORD0002784,2024-01-19,20240119,CUS01152,1,EMP0025,Debit Card,Returned,140.0,70.0
ORD0009592,2024-01-19,20240119,CUS02666,7,EMP0129,  Credit Card  ,Returned,2131.0,1170.0
ORD0002176,2024-01-19,20240119,CUS02914,11,EMP0172,Fawry,Completed,3409.5,1970.0
ORD0011255,2024-01-19,20240119,CUS00238,11,EMP0168,InstaPay,Completed,456.0,240.0
ORD0002775,2024-01-19,20240119,CUS01589,1,EMP0018,Vodafone Cash,Completed,854.0,440.0
ORD0004239,2024-01-19,20240119,CUS01018,7,EMP0128,  Vodafone Cash  ,Completed,297.5,170.0
ORD0010693,2024-01-19,20240119,CUS00139,10,,  Credit Card  ,Returned,368.5,200.0
ORD0006896,2024-01-19,20240119,CUS01277,1,EMP0018,Cash,Cancelled,13200.0,10500.0
ORD0007190,2024-01-19,20240119,CUS02717,1,EMP0027,Debit Card,Completed,855.0,440.0
ORD0011399,2024-01-19,20240119,CUS00729,10,EMP0152,Vodafone Cash,Completed,1890.0,910.0
ORD0008808,2024-01-19,20240119,CUS02977,1,EMP0001,Fawry,Completed,225.0,100.0
ORD0002245,2024-01-19,20240119,CUS01246,9,EMP0147,Credit Card,Returned,1876.0,1030.0
ORD0006273,2024-01-20,20240120,CUS02925,7,EMP0135,InstaPay,Completed,970.5,490.0
ORD0006869,2024-01-20,20240120,CUS02719,13,EMP0188,Credit Card,Completed,220.0,110.0
ORD0008071,2024-01-20,20240120,CUS02309,3,EMP0078,Vodafone Cash,Completed,425.0,240.0
ORD0005788,2024-01-20,20240120,CUS00789,9,EMP0149,Fawry,Completed,450.0,240.0
ORD0004871,2024-01-21,20240121,CUS02558,11,EMP0169,Credit Card,Cancelled,171.0,90.0
ORD0011254,2024-01-21,20240121,CUS01662,11,EMP0166,InstaPay,Completed,184.0,110.0
ORD0000440,2024-01-21,20240121,CUS01598,13,EMP0189,Debit Card,Completed,351.5,180.0
ORD0005775,2024-01-21,20240121,CUS01523,14,EMP0198,Cash,Completed,29214.0,25040.0
ORD0009077,2024-01-21,20240121,CUS01853,2,EMP0035,InstaPay,Completed,14024.5,11070.0
ORD0005310,2024-01-21,20240121,CUS00679,5,EMP0106,Vodafone Cash,Completed,540.0,270.0
ORD0007676,2024-01-21,20240121,CUS02448,10,EMP0158,Fawry,Completed,511.5,260.0
ORD0002931,2024-01-21,20240121,CUS00499,1,EMP0019,  Vodafone Cash  ,Returned,1180.0,590.0
ORD0010581,2024-01-21,20240121,CUS02924,2,EMP0044,  Credit Card  ,Completed,480.0,240.0
ORD0009353,2024-01-21,20240121,CUS00493,2,EMP0042,Cash,Completed,1098.0,600.0
ORD0007435,2024-01-21,20240121,CUS00666,13,EMP0188,Fawry,Completed,16175.0,14770.0
ORD0001730,2024-01-21,20240121,CUS01798,2,,Fawry,Completed,573.0,300.0
ORD0006118,2024-01-21,20240121,CUS01093,15,EMP0209,Debit Card,Completed,3528.5,1900.0
ORD0009589,2024-01-22,20240122,CUS00090,14,EMP0203,InstaPay,Completed,765.0,420.0
ORD0001508,2024-01-22,20240122,CUS01216,1,,Fawry,Completed,1748.5,950.0
ORD0004827,2024-01-22,20240122,CUS02221,14,EMP0200,InstaPay,Completed,13515.0,12700.0
ORD0001160,2024-01-22,20240122,CUS01680,6,EMP0124,Cash,Cancelled,864.0,480.0
ORD0007009,2024-01-22,20240122,CUS01714,10,EMP0162,Vodafone Cash,Returned,1004.0,510.0
ORD0005348,2024-01-22,20240122,CUS02587,1,EMP0009,  Vodafone Cash  ,Completed,240.0,110.0
ORD0007173,2024-01-22,20240122,CUS02526,5,EMP0106,Debit Card,Completed,640.0,280.0
ORD0005662,2024-01-22,20240122,CUS01667,4,EMP0084,Debit Card,Completed,1461.0,720.0
ORD0006776,2024-01-22,20240122,CUS00705,4,EMP0087,InstaPay,Completed,2221.5,1200.0
ORD0004486,2024-01-23,20240123,CUS00440,8,EMP0144,Debit Card,Completed,3000.0,1540.0
ORD0005945,2024-01-23,20240123,CUS02104,3,EMP0063,Cash,Completed,1936.5,1030.0
ORD0005881,2024-01-23,20240123,CUS01308,6,EMP0124,InstaPay,Completed,863.0,430.0
ORD0008015,2024-01-23,20240123,CUS00014,12,EMP0181,Vodafone Cash,Completed,1569.0,830.0
ORD0004491,2024-01-23,20240123,CUS00594,1,EMP0004,Vodafone Cash,Completed,127.5,70.0
ORD0003754,2024-01-23,20240123,CUS02302,1,EMP0024,Credit Card,Completed,199.5,100.0
ORD0009075,2024-01-23,20240123,CUS01836,4,EMP0091,Debit Card,Completed,261.0,140.0
ORD0000233,2024-01-24,20240124,CUS00085,2,EMP0029,Fawry,Returned,616.0,400.0
ORD0001303,2024-01-24,20240124,CUS01979,10,EMP0162,  Credit Card  ,Completed,1857.0,1030.0
ORD0009867,2024-01-24,20240124,CUS01918,3,EMP0059,Debit Card,Completed,538.0,270.0
ORD0001662,2024-01-24,20240124,CUS02428,6,,Vodafone Cash,Completed,701.5,350.0
ORD0009108,2024-01-24,20240124,CUS01590,3,,InstaPay,Completed,832.0,420.0
ORD0001507,2024-01-24,20240124,CUS00586,9,EMP0148,Debit Card,Completed,592.5,280.0
ORD0009723,2024-01-24,20240124,CUS01598,13,EMP0191,Debit Card,Completed,13344.0,10620.0
ORD0001313,2024-01-24,20240124,CUS01936,1,EMP0015,Cash,Completed,1150.0,550.0
ORD0002930,2024-01-24,20240124,CUS00375,13,EMP0187,Debit Card,Completed,957.0,560.0
ORD0005570,2024-01-24,20240124,CUS02811,3,EMP0076,Credit Card,Completed,15144.0,12070.0
ORD0004115,2024-01-24,20240124,CUS01438,5,EMP0108,Credit Card,Completed,622.0,320.0
ORD0008336,2024-01-24,20240124,CUS02675,6,EMP0126,  Fawry  ,Completed,1995.5,1020.0
ORD0003781,2024-01-24,20240124,CUS00918,3,EMP0071,Cash,Completed,230.0,110.0
ORD0006478,2024-01-25,20240125,CUS01724,12,EMP0179,Cash,Completed,180.0,100.0
ORD0004031,2024-01-25,20240125,CUS01815,7,EMP0129,InstaPay,Completed,652.5,360.0
ORD0001044,2024-01-26,20240126,CUS00646,6,EMP0121,  Vodafone Cash  ,Completed,859.0,450.0
ORD0002579,2024-01-26,20240126,CUS01548,13,EMP0189,Debit Card,Completed,30162.0,31770.0
ORD0011904,2024-01-26,20240126,CUS00452,2,EMP0032,Cash,Completed,2545.0,1810.0
ORD0011427,2024-01-26,20240126,CUS00588,8,EMP0144,  Vodafone Cash  ,Completed,1223.5,640.0
ORD0005249,2024-01-26,20240126,CUS02392,13,EMP0189,Fawry,Completed,1872.0,1000.0
ORD0010243,2024-01-26,20240126,CUS01054,2,EMP0046,InstaPay,Returned,126.0,70.0
ORD0008781,2024-01-26,20240126,CUS02339,3,EMP0072,InstaPay,Completed,1777.0,970.0
ORD0011720,2024-01-26,20240126,CUS02394,3,EMP0064,Cash,Completed,540.0,260.0
ORD0003211,2024-01-26,20240126,CUS01302,5,EMP0103,Cash,Completed,648.0,360.0
ORD0007902,2024-01-27,20240127,CUS01869,6,EMP0119,Credit Card,Returned,55146.0,43260.0
ORD0010361,2024-01-27,20240127,CUS02797,2,,Vodafone Cash,Completed,440.0,200.0
ORD0005122,2024-01-27,20240127,CUS01823,7,,Vodafone Cash,Returned,546.0,310.0
ORD0003967,2024-01-27,20240127,CUS00644,12,EMP0178,Cash,Returned,2654.5,1420.0
ORD0001867,2024-01-27,20240127,CUS00769,3,EMP0056,Cash,Completed,7002.0,5630.0
ORD0001375,2024-01-27,20240127,CUS02683,5,EMP0112,  Vodafone Cash  ,Completed,704.0,370.0
ORD0003606,2024-01-27,20240127,CUS00557,1,EMP0017,Fawry,Completed,780.0,370.0
ORD0011013,2024-01-28,20240128,CUS01844,2,EMP0037,Cash,Returned,40440.0,42430.0
ORD0011001,2024-01-28,20240128,CUS00161,1,EMP0028,Vodafone Cash,Completed,15300.0,12000.0
ORD0007456,2024-01-28,20240128,CUS01718,4,EMP0082,Debit Card,Completed,240.0,140.0
ORD0008751,2024-01-28,20240128,CUS02301,5,EMP0104,Debit Card,Completed,240.0,120.0
ORD0010382,2024-01-28,20240128,CUS00017,2,EMP0036,Cash,Completed,1179.0,560.0
ORD0000138,2024-01-28,20240128,CUS02336,9,EMP0147,InstaPay,Completed,361.0,180.0
ORD0002766,2024-01-28,20240128,CUS01425,9,EMP0150,InstaPay,Completed,243.0,120.0
ORD0004716,2024-01-28,20240128,CUS02636,14,EMP0197,Cash,Completed,140.0,70.0
ORD0010117,2024-01-28,20240128,CUS02632,3,EMP0066,Cash,Completed,285.0,140.0
ORD0001442,2024-01-28,20240128,CUS01657,11,EMP0168,  InstaPay  ,Completed,14310.0,12310.0
ORD0011083,2024-01-28,20240128,CUS00456,15,EMP0215,InstaPay,Completed,1373.0,710.0
ORD0008278,2024-01-29,20240129,CUS02717,6,EMP0122,Cash,Completed,180.0,80.0
ORD0006927,2024-01-29,20240129,CUS01006,4,EMP0087,Cash,Completed,280.0,140.0
ORD0005969,2024-01-29,20240129,CUS00027,6,EMP0120,Credit Card,Completed,324.0,180.0
ORD0010817,2024-01-29,20240129,CUS02655,2,EMP0054,Credit Card,Completed,1054.5,540.0
ORD0007417,2024-01-29,20240129,CUS00922,8,EMP0143,Credit Card,Completed,38110.0,33140.0
ORD0001094,2024-01-29,20240129,CUS00105,13,EMP0193,  Credit Card  ,Completed,880.0,440.0
ORD0002059,2024-01-29,20240129,CUS02007,6,EMP0115,InstaPay,Completed,1943.0,1050.0
ORD0007658,2024-01-29,20240129,CUS02329,5,EMP0106,Debit Card,Completed,1392.0,870.0
ORD0005109,2024-01-29,20240129,CUS01803,9,EMP0151,Fawry,Completed,1134.0,620.0
ORD0002698,2024-01-29,20240129,CUS00442,4,EMP0083,Fawry,Completed,13380.0,11800.0
ORD0011507,2024-01-29,20240129,CUS02531,12,EMP0176,InstaPay,Completed,120.0,70.0
ORD0006968,2024-01-30,20240130,CUS00650,1,EMP0003,Fawry,Completed,815.0,430.0
ORD0002581,2024-01-30,20240130,CUS02918,1,EMP0011,InstaPay,Completed,4390.0,3680.0
ORD0010793,2024-01-30,20240130,CUS01018,7,EMP0136,Debit Card,Completed,830.0,390.0
ORD0009410,2024-01-30,20240130,CUS01552,15,EMP0206,Fawry,Returned,3693.0,1990.0
ORD0003280,2024-01-30,20240130,CUS00134,2,EMP0037,Cash,Completed,1614.0,800.0
ORD0003863,2024-01-30,20240130,CUS02855,14,EMP0196,Debit Card,Completed,750.0,370.0
ORD0009610,2024-01-30,20240130,CUS02473,12,EMP0180,Fawry,Completed,15399.0,14800.0
ORD0001839,2024-01-30,20240130,CUS00548,1,EMP0006,Debit Card,Completed,540.0,300.0
ORD0002242,2024-01-30,20240130,CUS00406,4,EMP0083,Vodafone Cash,Completed,1160.0,550.0
ORD0003524,2024-01-30,20240130,CUS02500,2,EMP0037,  Cash  ,Completed,90.0,40.0
ORD0011063,2024-01-30,20240130,CUS00330,5,EMP0099,Fawry,Returned,783.0,420.0
ORD0001239,2024-01-30,20240130,CUS02576,8,EMP0138,Cash,Completed,957.0,490.0
ORD0011459,2024-01-30,20240130,CUS02474,9,EMP0147,Debit Card,Completed,29374.0,24340.0
ORD0009263,2024-01-30,20240130,CUS02677,10,EMP0152,  Fawry  ,Completed,1058.0,640.0
ORD0010105,2024-01-31,20240131,CUS01411,8,EMP0138,Cash,Completed,1173.0,680.0
ORD0000345,2024-01-31,20240131,CUS01264,4,EMP0094,Cash,Completed,603.5,320.0
ORD0003923,2024-01-31,20240131,CUS00855,2,EMP0034,Vodafone Cash,Completed,19760.0,18160.0
ORD0011810,2024-01-31,20240131,CUS00720,15,EMP0215,Cash,Completed,130.0,60.0
ORD0011814,2024-01-31,20240131,CUS02523,2,EMP0036,Cash,Completed,11590.0,9800.0
ORD0011011,2024-01-31,20240131,CUS01683,11,EMP0169,Cash,Completed,342.0,180.0
ORD0005032,2024-01-31,20240131,CUS02531,7,EMP0131,Credit Card,Completed,29550.0,23670.0
ORD0007740,2024-01-31,20240131,CUS01293,2,EMP0040,Cash,Completed,119.0,70.0
ORD0010479,2024-01-31,20240131,CUS00750,4,EMP0092,  InstaPay  ,Completed,864.0,540.0
ORD0011334,2024-01-31,20240131,CUS00123,2,EMP0030,Fawry,Completed,3541.0,2290.0
ORD0001671,2024-01-31,20240131,CUS01991,3,EMP0076,Vodafone Cash,Completed,280.0,140.0
ORD0003003,2024-01-31,20240131,CUS01790,12,EMP0177,  Fawry  ,Completed,420.0,260.0
ORD0005686,2024-01-31,20240131,CUS00313,6,EMP0123,Fawry,Completed,2120.0,1060.0
ORD0008683,2024-01-31,20240131,CUS00782,5,EMP0106,Debit Card,Completed,4482.0,2330.0
ORD0008883,2024-01-31,20240131,CUS01292,2,EMP0054,Credit Card,Completed,313.5,160.0
ORD0005243,2024-01-31,20240131,CUS01477,1,EMP0028,Fawry,Completed,128.0,80.0
ORD0001100,2024-02-01,20240201,CUS02738,1,,Credit Card,Completed,500.0,230.0
ORD0001282,2024-02-01,20240201,CUS00364,9,EMP0150,Cash,Completed,243.0,120.0
ORD0008223,2024-02-01,20240201,CUS02639,10,EMP0162,Debit Card,Completed,690.0,420.0
ORD0002426,2024-02-01,20240201,CUS02587,6,EMP0115,InstaPay,Completed,920.0,760.0
ORD0006485,2024-02-01,20240201,CUS02648,13,EMP0186,Debit Card,Completed,1164.0,660.0
ORD0008795,2024-02-01,20240201,CUS02637,4,EMP0094,Fawry,Completed,180.0,80.0
ORD0002454,2024-02-02,20240202,CUS01226,4,EMP0089,Credit Card,Completed,608.0,300.0
ORD0004711,2024-02-02,20240202,CUS01523,1,EMP0026,Cash,Completed,360.0,180.0
ORD0002306,2024-02-02,20240202,CUS02883,5,EMP0108,Cash,Completed,387.0,200.0
ORD0011286,2024-02-02,20240202,CUS00224,8,EMP0139,Fawry,Completed,229.5,120.0
ORD0004078,2024-02-02,20240202,CUS01048,7,EMP0129,InstaPay,Completed,675.0,360.0
ORD0004504,2024-02-02,20240202,CUS01005,1,EMP0001,Cash,Completed,144.0,70.0
ORD0010299,2024-02-02,20240202,CUS00633,3,EMP0076,InstaPay,Returned,220.0,100.0
ORD0006395,2024-02-02,20240202,CUS02260,3,EMP0072,Fawry,Completed,11836.0,9050.0
ORD0006518,2024-02-02,20240202,CUS01451,9,EMP0147,Fawry,Completed,1044.0,580.0
ORD0000379,2024-02-02,20240202,CUS00097,1,EMP0012,Credit Card,Completed,11743.0,8760.0
ORD0007310,2024-02-03,20240203,CUS01375,3,EMP0067,InstaPay,Completed,6954.0,5680.0
ORD0008037,2024-02-03,20240203,CUS00772,6,EMP0124,Fawry,Completed,1240.0,600.0
ORD0001000,2024-02-03,20240203,CUS02016,2,EMP0031,Fawry,Completed,300.0,150.0
ORD0011299,2024-02-03,20240203,CUS01232,5,EMP0097,InstaPay,Completed,2435.5,1500.0
ORD0007029,2024-02-03,20240203,CUS01227,7,EMP0129,Credit Card,Cancelled,3803.0,1920.0
ORD0011069,2024-02-03,20240203,CUS00979,11,EMP0171,Cash,Completed,792.0,440.0
ORD0002273,2024-02-03,20240203,CUS00420,3,EMP0077,Cash,Completed,11420.0,10640.0
ORD0001175,2024-02-03,20240203,CUS00989,12,EMP0175,Fawry,Completed,40500.0,36000.0
ORD0007016,2024-02-03,20240203,CUS01781,1,EMP0025,Fawry,Completed,1135.0,600.0
ORD0006300,2024-02-03,20240203,CUS00681,1,EMP0013,Cash,Completed,1199.0,800.0
ORD0007260,2024-02-03,20240203,CUS02477,1,EMP0028,Fawry,Completed,1024.0,500.0
ORD0006610,2024-02-03,20240203,CUS00617,9,EMP0149,Debit Card,Completed,9175.0,8860.0
ORD0006266,2024-02-04,20240204,CUS01351,1,EMP0025,Vodafone Cash,Completed,600.0,500.0
ORD0000081,2024-02-04,20240204,CUS02663,9,EMP0149,InstaPay,Cancelled,1113.0,680.0
ORD0010584,2024-02-04,20240204,CUS02446,10,EMP0156,Credit Card,Completed,747.0,410.0
ORD0011431,2024-02-04,20240204,CUS01584,15,EMP0207,Vodafone Cash,Completed,190.0,90.0
ORD0010003,2024-02-04,20240204,CUS02236,14,EMP0200,InstaPay,Completed,1323.0,720.0
ORD0011867,2024-02-04,20240204,CUS00574,8,EMP0143,  Cash  ,Completed,2360.5,1250.0
ORD0011398,2024-02-04,20240204,CUS02627,1,EMP0006,Vodafone Cash,Completed,20025.0,21300.0
ORD0006618,2024-02-04,20240204,CUS01866,14,EMP0201,Debit Card,Completed,23232.0,24280.0
ORD0008843,2024-02-04,20240204,CUS00120,12,,Vodafone Cash,Completed,451.0,220.0
ORD0007377,2024-02-04,20240204,CUS00449,2,EMP0032,Fawry,Completed,1194.0,600.0
ORD0004274,2024-02-04,20240204,CUS00235,1,EMP0028,Vodafone Cash,Completed,117.0,60.0
ORD0000605,2024-02-05,20240205,CUS01201,2,EMP0033,Fawry,Completed,2798.0,2000.0
ORD0000439,2024-02-05,20240205,CUS01260,13,EMP0189,  Credit Card  ,Completed,332.5,170.0
ORD0003994,2024-02-05,20240205,CUS02060,1,EMP0003,Cash,Returned,270.0,140.0
ORD0011257,2024-02-05,20240205,CUS01398,3,EMP0059,Fawry,Completed,1196.5,680.0
ORD0000147,2024-02-05,20240205,CUS02391,13,EMP0186,Fawry,Completed,171.0,90.0
ORD0005103,2024-02-05,20240205,CUS02341,4,,  Cash  ,Cancelled,286.0,150.0
ORD0004451,2024-02-05,20240205,CUS01658,5,EMP0102,InstaPay,Completed,57133.0,48070.0
ORD0006777,2024-02-05,20240205,CUS00622,5,EMP0100,Fawry,Completed,15548.0,12220.0
ORD0000910,2024-02-06,20240206,CUS01225,3,EMP0070,Debit Card,Completed,576.0,280.0
ORD0009840,2024-02-06,20240206,CUS02617,3,EMP0057,Debit Card,Completed,738.0,380.0
ORD0003783,2024-02-06,20240206,CUS00159,5,EMP0098,Fawry,Completed,470.0,230.0
ORD0011891,2024-02-06,20240206,CUS01708,8,EMP0142,Cash,Cancelled,11590.0,9800.0
ORD0002616,2024-02-06,20240206,CUS00125,11,EMP0166,Cash,Completed,133.0,70.0
ORD0006635,2024-02-06,20240206,CUS01514,3,,Debit Card,Completed,646.0,340.0
ORD0008515,2024-02-06,20240206,CUS00505,9,EMP0146,  Vodafone Cash  ,Cancelled,787.0,390.0
ORD0002640,2024-02-06,20240206,CUS00752,1,EMP0026,InstaPay,Completed,5000.0,4000.0
ORD0001782,2024-02-07,20240207,CUS00272,2,EMP0049,  Vodafone Cash  ,Completed,514.5,270.0
ORD0005580,2024-02-07,20240207,CUS00620,1,,Cash,Completed,120.0,70.0
ORD0003582,2024-02-07,20240207,CUS03000,14,,Vodafone Cash,Completed,14130.0,12220.0
ORD0005022,2024-02-07,20240207,CUS00047,12,EMP0175,Fawry,Cancelled,3824.5,1880.0
ORD0005607,2024-02-07,20240207,CUS01355,8,EMP0140,Debit Card,Completed,11567.0,9610.0
ORD0009638,2024-02-07,20240207,CUS00624,11,EMP0168,InstaPay,Completed,2250.0,1190.0
ORD0008773,2024-02-07,20240207,CUS00896,2,EMP0038,Credit Card,Returned,680.0,420.0
ORD0003167,2024-02-07,20240207,CUS02462,4,EMP0081,Credit Card,Completed,160.0,70.0
ORD0004693,2024-02-07,20240207,CUS02689,2,EMP0040,Debit Card,Completed,1025.0,560.0
ORD0006573,2024-02-07,20240207,CUS00002,1,EMP0022,Fawry,Completed,105.0,70.0
ORD0004452,2024-02-07,20240207,CUS02045,4,EMP0082,Vodafone Cash,Completed,460.0,220.0
ORD0009308,2024-02-08,20240208,CUS01532,14,,InstaPay,Returned,541.5,270.0
ORD0008978,2024-02-08,20240208,CUS01755,13,EMP0191,Cash,Returned,540.0,260.0
ORD0002033,2024-02-08,20240208,CUS02123,6,EMP0117,  Debit Card  ,Completed,942.0,470.0
ORD0004097,2024-02-08,20240208,CUS00276,11,EMP0167,Fawry,Completed,23760.0,21000.0
ORD0009519,2024-02-08,20240208,CUS00431,4,EMP0083,Debit Card,Completed,1914.0,1200.0
ORD0003322,2024-02-08,20240208,CUS02974,5,EMP0095,Fawry,Returned,1520.0,1400.0
ORD0002486,2024-02-08,20240208,CUS01095,15,EMP0216,InstaPay,Completed,1257.0,680.0
ORD0009271,2024-02-08,20240208,CUS00543,13,EMP0191,Debit Card,Completed,52410.0,51500.0
ORD0000586,2024-02-08,20240208,CUS02029,3,EMP0077,Credit Card,Completed,189.0,100.0
ORD0007723,2024-02-08,20240208,CUS02058,5,EMP0110,Debit Card,Completed,10530.5,8500.0
ORD0008315,2024-02-09,20240209,CUS00451,14,EMP0195,Credit Card,Completed,280.0,130.0
ORD0000689,2024-02-09,20240209,CUS00976,1,EMP0011,InstaPay,Completed,256.0,140.0
ORD0004354,2024-02-09,20240209,CUS00446,5,EMP0095,Cash,Completed,441.0,240.0
ORD0009827,2024-02-09,20240209,CUS00656,10,EMP0153,  InstaPay  ,Completed,119.0,70.0
ORD0000799,2024-02-09,20240209,CUS01098,2,EMP0050,Debit Card,Completed,472.5,260.0
ORD0007693,2024-02-09,20240209,CUS01862,14,EMP0199,Cash,Completed,50220.0,44700.0
ORD0010021,2024-02-10,20240210,CUS01655,6,EMP0116,Debit Card,Completed,2089.5,1060.0
ORD0008721,2024-02-10,20240210,CUS02614,1,EMP0022,Debit Card,Completed,171.0,90.0
ORD0005985,2024-02-10,20240210,CUS02960,1,EMP0023,Vodafone Cash,Completed,352.0,220.0
ORD0008354,2024-02-10,20240210,CUS01720,6,EMP0121,Cash,Completed,2429.5,1220.0
ORD0009675,2024-02-10,20240210,CUS00794,3,EMP0077,Fawry,Completed,796.0,440.0
ORD0011264,2024-02-11,20240211,CUS02395,11,EMP0168,Vodafone Cash,Completed,1176.0,660.0
ORD0004410,2024-02-11,20240211,CUS02282,6,EMP0116,  Fawry  ,Completed,960.0,450.0
ORD0007036,2024-02-11,20240211,CUS02418,3,EMP0055,Debit Card,Completed,1506.0,760.0
ORD0010349,2024-02-11,20240211,CUS01524,4,EMP0080,Credit Card,Completed,190.0,90.0
ORD0007143,2024-02-11,20240211,CUS02961,13,EMP0186,  InstaPay  ,Completed,2576.5,1380.0
ORD0002446,2024-02-11,20240211,CUS01410,2,EMP0053,Cash,Completed,1350.0,640.0
ORD0007619,2024-02-11,20240211,CUS01265,1,EMP0008,  Vodafone Cash  ,Completed,90.0,40.0
ORD0005118,2024-02-11,20240211,CUS01116,2,EMP0042,Credit Card,Completed,891.0,480.0
ORD0001592,2024-02-11,20240211,CUS01713,2,EMP0035,Cash,Completed,509.0,280.0
ORD0005810,2024-02-11,20240211,CUS00569,1,EMP0001,  Vodafone Cash  ,Completed,324.0,180.0
ORD0002237,2024-02-11,20240211,CUS01554,8,EMP0142,Vodafone Cash,Returned,288.0,160.0
ORD0008192,2024-02-11,20240211,CUS01007,2,EMP0037,Vodafone Cash,Completed,480.0,230.0
ORD0009893,2024-02-11,20240211,CUS01560,2,EMP0053,Vodafone Cash,Completed,350.0,170.0
ORD0007405,2024-02-11,20240211,CUS02903,15,EMP0208,Cash,Completed,33603.5,29710.0
ORD0000020,2024-02-12,20240212,CUS02007,10,EMP0152,Cash,Completed,576.0,340.0
ORD0003547,2024-02-12,20240212,CUS02398,6,EMP0126,Credit Card,Completed,612.0,320.0
ORD0002449,2024-02-12,20240212,CUS01610,5,EMP0095,InstaPay,Completed,770.0,380.0
ORD0009799,2024-02-12,20240212,CUS02384,8,EMP0140,  InstaPay  ,Completed,119.0,70.0
ORD0010427,2024-02-12,20240212,CUS02676,3,EMP0077,Vodafone Cash,Completed,930.0,440.0
ORD0008752,2024-02-12,20240212,CUS01889,12,EMP0178,Credit Card,Completed,1491.0,750.0
ORD0001159,2024-02-12,20240212,CUS00913,14,EMP0194,Cash,Completed,447.5,240.0
ORD0009970,2024-02-12,20240212,CUS02966,2,EMP0039,Vodafone Cash,Completed,1655.0,880.0
ORD0002305,2024-02-12,20240212,CUS01679,4,EMP0091,Vodafone Cash,Completed,6374.0,7180.0
ORD0011933,2024-02-12,20240212,CUS01831,6,EMP0118,Fawry,Completed,800.0,380.0
ORD0004934,2024-02-12,20240212,CUS01626,3,EMP0059,Vodafone Cash,Completed,2253.0,1130.0
ORD0011438,2024-02-12,20240212,CUS02848,4,EMP0079,Fawry,Completed,252.0,140.0
ORD0004271,2024-02-12,20240212,CUS02086,3,EMP0077,InstaPay,Completed,1737.0,870.0
ORD0008367,2024-02-12,20240212,CUS00247,4,EMP0080,Vodafone Cash,Completed,1950.0,930.0
ORD0009630,2024-02-12,20240212,CUS02707,9,EMP0145,Credit Card,Completed,1110.0,550.0
ORD0001274,2024-02-13,20240213,CUS02120,5,EMP0097,Cash,Completed,801.5,450.0
ORD0005553,2024-02-13,20240213,CUS01181,7,EMP0128,Vodafone Cash,Cancelled,1323.0,680.0
ORD0000886,2024-02-13,20240213,CUS02004,14,EMP0198,Debit Card,Completed,405.0,260.0
ORD0010858,2024-02-14,20240214,CUS01109,12,,Fawry,Completed,1732.0,990.0
ORD0008247,2024-02-14,20240214,CUS01243,4,EMP0082,Vodafone Cash,Completed,12200.0,9800.0
ORD0004435,2024-02-14,20240214,CUS01044,1,EMP0020,Vodafone Cash,Completed,1759.0,920.0
ORD0001354,2024-02-14,20240214,CUS02937,14,EMP0195,InstaPay,Completed,740.0,360.0
ORD0003727,2024-02-14,20240214,CUS01954,3,EMP0078,Cash,Completed,1079.5,600.0
ORD0008783,2024-02-14,20240214,CUS00863,9,EMP0146,  Vodafone Cash  ,Completed,210.0,110.0
ORD0008830,2024-02-14,20240214,CUS00038,1,EMP0009,Vodafone Cash,Completed,1251.0,670.0
ORD0000654,2024-02-15,20240215,CUS02651,2,EMP0034,Cash,Completed,378.0,270.0
ORD0006796,2024-02-15,20240215,CUS01056,6,EMP0118,Vodafone Cash,Completed,627.0,320.0
ORD0002905,2024-02-15,20240215,CUS01013,1,EMP0015,Credit Card,Completed,15542.0,12360.0
ORD0009845,2024-02-15,20240215,CUS00508,4,EMP0092,InstaPay,Returned,976.0,520.0
ORD0006738,2024-02-15,20240215,CUS00113,1,EMP0001,InstaPay,Completed,2941.0,1780.0
ORD0001091,2024-02-15,20240215,CUS01815,9,EMP0150,Fawry,Completed,300.0,200.0
ORD0005153,2024-02-15,20240215,CUS01664,1,EMP0005,InstaPay,Completed,1136.0,580.0
ORD0011248,2024-02-15,20240215,CUS00423,10,EMP0154,Vodafone Cash,Completed,1653.0,870.0
ORD0002942,2024-02-15,20240215,CUS00160,2,EMP0050,Debit Card,Completed,5600.0,4500.0
ORD0002621,2024-02-15,20240215,CUS02705,1,EMP0027,  InstaPay  ,Completed,1900.0,1600.0
ORD0008599,2024-02-15,20240215,CUS01275,2,EMP0032,Debit Card,Completed,869.0,440.0
ORD0000782,2024-02-15,20240215,CUS01528,3,EMP0067,InstaPay,Completed,1041.0,570.0
ORD0002276,2024-02-15,20240215,CUS02151,2,EMP0054,Fawry,Returned,2415.5,1190.0
ORD0010306,2024-02-15,20240215,CUS02960,7,EMP0133,Fawry,Completed,900.0,490.0
ORD0001413,2024-02-15,20240215,CUS02209,7,EMP0128,  InstaPay  ,Completed,12600.0,11200.0
ORD0005380,2024-02-15,20240215,CUS01394,4,EMP0080,Fawry,Completed,2657.0,1360.0
ORD0009698,2024-02-16,20240216,CUS01358,11,EMP0168,Debit Card,Completed,98.0,70.0
ORD0000102,2024-02-16,20240216,CUS00807,10,EMP0155,InstaPay,Completed,2090.0,1020.0
ORD0007809,2024-02-16,20240216,CUS01009,10,EMP0155,Vodafone Cash,Completed,3322.0,1720.0
ORD0010577,2024-02-16,20240216,CUS02215,3,EMP0059,Fawry,Returned,405.0,240.0
ORD0003797,2024-02-16,20240216,CUS00767,14,EMP0198,  Fawry  ,Completed,240.0,140.0
ORD0003222,2024-02-16,20240216,CUS01447,8,,Credit Card,Completed,1026.0,560.0
ORD0009919,2024-02-16,20240216,CUS02290,1,EMP0012,Debit Card,Completed,256.5,120.0
ORD0009949,2024-02-16,20240216,CUS01465,12,EMP0180,Debit Card,Completed,430.0,210.0
ORD0001723,2024-02-16,20240216,CUS01079,2,EMP0044,Cash,Completed,16065.0,12410.0
ORD0003970,2024-02-16,20240216,CUS01954,4,EMP0091,  Cash  ,Returned,510.0,250.0
ORD0002674,2024-02-17,20240217,CUS00354,3,EMP0067,Vodafone Cash,Completed,180.0,80.0
ORD0003886,2024-02-17,20240217,CUS02858,14,EMP0197,Credit Card,Completed,225.0,120.0
ORD0002241,2024-02-17,20240217,CUS00356,15,EMP0211,  Cash  ,Completed,990.0,610.0
ORD0004925,2024-02-17,20240217,CUS01738,14,EMP0202,Vodafone Cash,Completed,144.0,70.0
ORD0005105,2024-02-17,20240217,CUS02470,11,EMP0165,Credit Card,Cancelled,339.5,190.0
ORD0003202,2024-02-17,20240217,CUS00594,4,EMP0080,Cash,Completed,2194.0,1200.0
ORD0000073,2024-02-17,20240217,CUS02065,3,EMP0055,InstaPay,Completed,8990.0,6910.0
ORD0011380,2024-02-17,20240217,CUS01269,1,EMP0018,Credit Card,Cancelled,1605.5,870.0
ORD0000594,2024-02-17,20240217,CUS01810,6,EMP0115,InstaPay,Completed,484.5,250.0
ORD0000729,2024-02-17,20240217,CUS01800,2,EMP0041,Cash,Completed,840.0,410.0
ORD0007121,2024-02-17,20240217,CUS01780,1,EMP0015,Cash,Returned,936.5,550.0
ORD0004114,2024-02-17,20240217,CUS01804,2,EMP0036,Fawry,Completed,360.0,240.0
ORD0004805,2024-02-17,20240217,CUS01119,1,EMP0025,Credit Card,Completed,1120.0,560.0
ORD0011159,2024-02-18,20240218,CUS01126,12,EMP0182,Fawry,Completed,1728.0,940.0
ORD0002030,2024-02-18,20240218,CUS01085,1,EMP0014,Cash,Completed,2254.0,1120.0
ORD0007988,2024-02-18,20240218,CUS02379,1,EMP0028,InstaPay,Completed,1162.0,600.0
ORD0000984,2024-02-18,20240218,CUS00424,2,EMP0037,Cash,Completed,1541.0,860.0
ORD0002466,2024-02-18,20240218,CUS02789,5,EMP0102,Fawry,Completed,1081.5,560.0
ORD0010171,2024-02-18,20240218,CUS02085,5,EMP0106,Vodafone Cash,Completed,123.5,60.0
ORD0006730,2024-02-18,20240218,CUS02695,1,EMP0007,Cash,Completed,1148.0,620.0
ORD0010232,2024-02-18,20240218,CUS02928,4,EMP0092,Vodafone Cash,Completed,3495.0,1800.0
ORD0001827,2024-02-18,20240218,CUS01941,8,EMP0141,Debit Card,Completed,6050.0,4510.0
ORD0003807,2024-02-18,20240218,CUS00121,9,,Cash,Completed,351.5,180.0
ORD0005364,2024-02-19,20240219,CUS02329,4,EMP0089,Debit Card,Completed,589.0,300.0
ORD0008786,2024-02-19,20240219,CUS01621,12,EMP0181,InstaPay,Returned,520.0,260.0
ORD0010031,2024-02-19,20240219,CUS02523,3,EMP0072,Credit Card,Completed,1082.5,640.0
ORD0004226,2024-02-19,20240219,CUS00719,15,EMP0208,InstaPay,Completed,515.0,280.0
ORD0004625,2024-02-19,20240219,CUS01737,5,EMP0099,InstaPay,Completed,1436.0,700.0
ORD0001432,2024-02-19,20240219,CUS01996,5,EMP0105,Credit Card,Cancelled,130.0,60.0
ORD0009912,2024-02-19,20240219,CUS00092,14,EMP0198,  Credit Card  ,Completed,81.0,40.0
ORD0002589,2024-02-19,20240219,CUS00317,13,EMP0188,Vodafone Cash,Completed,2269.0,1210.0
ORD0011526,2024-02-19,20240219,CUS02756,3,,InstaPay,Completed,580.0,280.0
ORD0002021,2024-02-19,20240219,CUS02387,7,EMP0128,Debit Card,Completed,20000.0,16000.0
ORD0002420,2024-02-19,20240219,CUS02854,3,EMP0073,Credit Card,Completed,9000.0,8000.0
ORD0001256,2024-02-19,20240219,CUS00727,7,EMP0135,  Fawry  ,Completed,11520.0,10660.0
ORD0006454,2024-02-20,20240220,CUS00566,2,EMP0046,Debit Card,Completed,2797.0,1460.0
ORD0009540,2024-02-20,20240220,CUS02109,1,EMP0027,Cash,Completed,1449.5,770.0
ORD0000658,2024-02-20,20240220,CUS01612,5,EMP0103,InstaPay,Completed,2334.0,1250.0
ORD0011513,2024-02-20,20240220,CUS00258,1,EMP0025,  Vodafone Cash  ,Completed,80.0,40.0
ORD0001631,2024-02-20,20240220,CUS00816,1,EMP0002,Debit Card,Completed,357.0,200.0
ORD0004796,2024-02-20,20240220,CUS02087,1,EMP0027,Cash,Completed,675.0,440.0
ORD0002597,2024-02-20,20240220,CUS01136,3,EMP0076,Debit Card,Completed,590.0,280.0
ORD0007044,2024-02-20,20240220,CUS00122,6,EMP0125,Credit Card,Completed,2388.0,1740.0
ORD0001479,2024-02-20,20240220,CUS00623,6,EMP0123,  Debit Card  ,Completed,1044.0,520.0
ORD0008636,2024-02-21,20240221,CUS00583,3,EMP0065,  Cash  ,Completed,304.0,140.0
ORD0004744,2024-02-21,20240221,CUS00800,3,EMP0065,  Fawry  ,Completed,130.0,60.0
ORD0006171,2024-02-21,20240221,CUS01483,3,,Fawry,Completed,430.0,210.0
ORD0011896,2024-02-21,20240221,CUS01913,1,EMP0006,Fawry,Completed,1413.0,770.0
ORD0005879,2024-02-21,20240221,CUS00798,3,EMP0067,  Fawry  ,Returned,756.0,390.0
ORD0003033,2024-02-21,20240221,CUS02537,10,EMP0152,  Debit Card  ,Completed,11004.5,9750.0
ORD0002928,2024-02-21,20240221,CUS00158,8,EMP0142,Fawry,Completed,1288.0,670.0
ORD0001660,2024-02-21,20240221,CUS00624,9,EMP0148,Debit Card,Cancelled,819.0,400.0
ORD0011738,2024-02-21,20240221,CUS00787,12,EMP0183,InstaPay,Completed,61535.0,60460.0
ORD0005107,2024-02-21,20240221,CUS01806,2,,Fawry,Completed,1178.0,590.0
ORD0008902,2024-02-21,20240221,CUS00447,15,EMP0205,Credit Card,Completed,218.5,110.0
ORD0010281,2024-02-21,20240221,CUS01545,10,EMP0159,Debit Card,Completed,882.0,480.0
ORD0003482,2024-02-22,20240222,CUS02151,5,EMP0104,Fawry,Completed,980.0,480.0
ORD0002701,2024-02-22,20240222,CUS02611,3,EMP0070,Vodafone Cash,Completed,4741.0,2390.0
ORD0003981,2024-02-22,20240222,CUS01527,2,EMP0047,Vodafone Cash,Completed,9772.0,9040.0
ORD0003931,2024-02-22,20240222,CUS01357,3,EMP0069,Vodafone Cash,Completed,6230.0,5740.0
ORD0000162,2024-02-22,20240222,CUS02295,1,EMP0012,Fawry,Returned,629.0,370.0
ORD0011284,2024-02-22,20240222,CUS02993,7,EMP0130,Vodafone Cash,Completed,3600.0,3200.0
ORD0002267,2024-02-22,20240222,CUS02118,3,EMP0069,  Credit Card  ,Completed,808.0,480.0
ORD0005681,2024-02-22,20240222,CUS02435,1,EMP0024,Debit Card,Cancelled,1979.0,1090.0
ORD0008525,2024-02-23,20240223,CUS01872,6,EMP0125,  Credit Card  ,Returned,29600.0,29600.0
ORD0003982,2024-02-23,20240223,CUS01437,5,EMP0099,Cash,Completed,1440.0,690.0
ORD0011936,2024-02-23,20240223,CUS02135,14,EMP0195,Debit Card,Completed,6359.0,4940.0
ORD0008992,2024-02-23,20240223,CUS01953,2,EMP0033,Debit Card,Completed,150.0,70.0
ORD0006208,2024-02-23,20240223,CUS01752,8,EMP0143,Fawry,Completed,769.5,390.0
ORD0006484,2024-02-23,20240223,CUS00366,11,EMP0171,Vodafone Cash,Completed,171.0,90.0
ORD0001687,2024-02-23,20240223,CUS02460,2,EMP0036,Vodafone Cash,Completed,450.0,210.0
ORD0008061,2024-02-23,20240223,CUS02250,10,EMP0153,InstaPay,Completed,170.0,80.0
ORD0003155,2024-02-23,20240223,CUS01486,2,EMP0035,Fawry,Completed,1052.0,550.0
ORD0009099,2024-02-23,20240223,CUS01247,10,EMP0162,Vodafone Cash,Completed,3554.0,2690.0
ORD0009247,2024-02-23,20240223,CUS01170,1,EMP0026,Debit Card,Completed,671.0,380.0
ORD0011348,2024-02-24,20240224,CUS00428,4,EMP0088,Cash,Cancelled,707.0,360.0
ORD0009351,2024-02-24,20240224,CUS00212,7,EMP0132,InstaPay,Completed,2194.5,1140.0
ORD0000647,2024-02-24,20240224,CUS01455,5,EMP0108,Vodafone Cash,Completed,1931.0,1040.0
ORD0000118,2024-02-24,20240224,CUS02004,1,EMP0010,Debit Card,Completed,1444.0,740.0
ORD0003966,2024-02-24,20240224,CUS02258,1,EMP0024,  Cash  ,Completed,1520.0,740.0
ORD0011564,2024-02-24,20240224,CUS01579,11,EMP0173,  InstaPay  ,Completed,45052.0,35740.0
ORD0009184,2024-02-24,20240224,CUS01788,4,EMP0092,Cash,Completed,703.0,360.0
ORD0002335,2024-02-24,20240224,CUS02482,14,EMP0194,Cash,Cancelled,964.0,540.0
ORD0005913,2024-02-24,20240224,CUS01144,12,EMP0181,Cash,Completed,5963.5,5040.0
ORD0007585,2024-02-25,20240225,CUS01706,5,EMP0104,InstaPay,Completed,1127.0,640.0
ORD0010783,2024-02-25,20240225,CUS00934,3,EMP0073,Credit Card,Completed,540.0,270.0
ORD0011888,2024-02-25,20240225,CUS01935,1,EMP0004,Vodafone Cash,Cancelled,162.0,80.0
ORD0009425,2024-02-25,20240225,CUS01454,8,EMP0144,Debit Card,Completed,480.0,220.0
ORD0007978,2024-02-25,20240225,CUS00850,9,EMP0149,InstaPay,Completed,2125.5,1080.0
ORD0005566,2024-02-25,20240225,CUS00973,5,EMP0111,Cash,Completed,3157.5,1630.0
ORD0007801,2024-02-25,20240225,CUS00062,3,EMP0058,Credit Card,Completed,1320.0,800.0
ORD0002735,2024-02-25,20240225,CUS01662,8,EMP0141,Fawry,Completed,2128.0,1070.0
ORD0006033,2024-02-25,20240225,CUS00563,3,EMP0068,InstaPay,Completed,52725.0,44400.0
ORD0009812,2024-02-26,20240226,CUS00026,6,EMP0113,Debit Card,Completed,1900.0,1600.0
ORD0001744,2024-02-26,20240226,CUS02492,15,EMP0206,Credit Card,Returned,3148.0,1580.0
ORD0001458,2024-02-26,20240226,CUS00029,2,EMP0037,  Fawry  ,Completed,11025.0,11800.0
ORD0004691,2024-02-26,20240226,CUS01889,1,EMP0017,InstaPay,Completed,2626.0,1380.0
ORD0010456,2024-02-26,20240226,CUS01441,11,EMP0167,Credit Card,Completed,1210.0,590.0
ORD0003883,2024-02-27,20240227,CUS01056,3,EMP0056,Fawry,Completed,1771.5,1010.0
ORD0011031,2024-02-27,20240227,CUS00545,4,EMP0093,Vodafone Cash,Completed,560.0,350.0
ORD0008983,2024-02-27,20240227,CUS01701,5,EMP0095,Fawry,Completed,172.5,110.0
ORD0010976,2024-02-27,20240227,CUS00762,2,,Credit Card,Completed,1926.0,1060.0
ORD0000475,2024-02-27,20240227,CUS01354,11,EMP0167,Vodafone Cash,Completed,810.0,390.0
ORD0010664,2024-02-27,20240227,CUS02258,8,EMP0138,  Vodafone Cash  ,Completed,801.0,400.0
ORD0008728,2024-02-27,20240227,CUS00352,10,EMP0154,Vodafone Cash,Completed,40416.0,42800.0
ORD0000457,2024-02-27,20240227,CUS02972,5,EMP0103,Credit Card,Completed,1060.0,510.0
ORD0003854,2024-02-27,20240227,CUS02537,10,EMP0159,  InstaPay  ,Completed,1176.0,640.0
ORD0004798,2024-02-27,20240227,CUS02901,2,EMP0043,Vodafone Cash,Completed,1055.0,570.0
ORD0008675,2024-02-27,20240227,CUS01868,1,EMP0028,Debit Card,Returned,920.0,450.0
ORD0003667,2024-02-27,20240227,CUS01466,3,EMP0072,InstaPay,Completed,1319.0,670.0
ORD0002367,2024-02-27,20240227,CUS00857,6,EMP0117,Vodafone Cash,Completed,1680.0,810.0
ORD0002185,2024-02-27,20240227,CUS02390,10,EMP0158,Vodafone Cash,Returned,207.0,110.0
ORD0002518,2024-02-28,20240228,CUS02896,10,EMP0152,Cash,Completed,1270.5,610.0
ORD0004369,2024-02-28,20240228,CUS01113,2,EMP0039,InstaPay,Completed,150.0,70.0
ORD0007612,2024-02-28,20240228,CUS00109,10,EMP0160,InstaPay,Completed,940.0,450.0
ORD0009154,2024-02-28,20240228,CUS02031,8,,Fawry,Completed,13500.0,12000.0
ORD0002871,2024-02-28,20240228,CUS01672,2,EMP0052,  Fawry  ,Completed,420.0,180.0
ORD0009674,2024-02-28,20240228,CUS00581,1,EMP0016,InstaPay,Completed,918.0,450.0
ORD0007424,2024-02-28,20240228,CUS00297,3,EMP0055,Debit Card,Returned,2580.0,1530.0
ORD0007820,2024-02-29,20240229,CUS02388,4,EMP0091,  Credit Card  ,Completed,1229.5,580.0
ORD0010212,2024-02-29,20240229,CUS02965,2,EMP0049,  Credit Card  ,Completed,378.0,210.0
ORD0007183,2024-02-29,20240229,CUS00700,4,EMP0092,Fawry,Completed,1410.0,690.0
ORD0003778,2024-02-29,20240229,CUS01408,4,EMP0083,InstaPay,Returned,500.0,240.0
ORD0006221,2024-02-29,20240229,CUS00640,1,EMP0020,  Vodafone Cash  ,Completed,6102.0,5340.0
ORD0010348,2024-02-29,20240229,CUS00332,2,EMP0052,Vodafone Cash,Completed,717.0,380.0
ORD0005028,2024-02-29,20240229,CUS01036,2,EMP0034,InstaPay,Completed,535.0,260.0
ORD0000497,2024-02-29,20240229,CUS00627,12,EMP0182,Fawry,Completed,14310.0,12700.0
ORD0004300,2024-02-29,20240229,CUS00374,7,EMP0132,Fawry,Completed,1834.0,860.0
ORD0003388,2024-02-29,20240229,CUS01301,10,EMP0154,Fawry,Completed,780.0,390.0
ORD0009782,2024-02-29,20240229,CUS01358,13,EMP0185,Credit Card,Completed,606.5,350.0
ORD0004284,2024-02-29,20240229,CUS00422,6,EMP0114,  Vodafone Cash  ,Completed,45928.0,42580.0
ORD0006435,2024-03-01,20240301,CUS00861,3,EMP0069,Fawry,Completed,1186.0,590.0
ORD0006481,2024-03-01,20240301,CUS00271,1,EMP0014,Cash,Completed,1520.0,740.0
ORD0010222,2024-03-01,20240301,CUS02540,15,EMP0212,InstaPay,Completed,11200.0,8900.0
ORD0006884,2024-03-02,20240302,CUS01026,14,EMP0199,Cash,Completed,891.0,480.0
ORD0007981,2024-03-02,20240302,CUS02064,8,EMP0138,Debit Card,Completed,120.0,70.0
ORD0006523,2024-03-02,20240302,CUS00628,14,EMP0203,Debit Card,Completed,14425.0,12050.0
ORD0000855,2024-03-02,20240302,CUS02247,7,EMP0134,  Cash  ,Completed,280.0,140.0
ORD0002534,2024-03-02,20240302,CUS01654,11,EMP0170,Cash,Completed,1010.0,580.0
ORD0010401,2024-03-02,20240302,CUS01522,15,EMP0214,Cash,Completed,432.0,210.0
ORD0007969,2024-03-02,20240302,CUS01374,7,,Credit Card,Completed,1220.0,590.0
ORD0009775,2024-03-02,20240302,CUS01366,4,EMP0079,  Fawry  ,Completed,7740.0,5870.0
ORD0006449,2024-03-02,20240302,CUS00022,3,EMP0065,Credit Card,Cancelled,420.0,210.0
ORD0003683,2024-03-02,20240302,CUS00289,12,EMP0175,  InstaPay  ,Completed,1011.0,500.0
ORD0010345,2024-03-02,20240302,CUS01583,6,EMP0121,  InstaPay  ,Completed,9682.5,7630.0
ORD0002035,2024-03-02,20240302,CUS02468,2,EMP0030,Fawry,Completed,965.0,540.0
ORD0000667,2024-03-02,20240302,CUS01152,11,EMP0172,Credit Card,Completed,972.0,480.0
ORD0003403,2024-03-02,20240302,CUS01491,2,EMP0030,InstaPay,Completed,550.5,270.0
ORD0007936,2024-03-02,20240302,CUS00939,2,EMP0050,Cash,Completed,400.0,200.0
ORD0010527,2024-03-02,20240302,CUS01665,11,EMP0166,  Vodafone Cash  ,Completed,4859.0,3580.0
ORD0007998,2024-03-02,20240302,CUS02399,8,EMP0144,  Vodafone Cash  ,Returned,1767.5,1090.0
ORD0002586,2024-03-02,20240302,CUS00221,1,EMP0008,Vodafone Cash,Completed,518.5,300.0
ORD0007894,2024-03-03,20240303,CUS00006,3,EMP0055,Debit Card,Returned,3690.0,1810.0
ORD0003755,2024-03-03,20240303,CUS01766,1,EMP0006,Credit Card,Cancelled,1365.0,780.0
ORD0008308,2024-03-03,20240303,CUS01457,2,EMP0049,Cash,Completed,135.0,70.0
ORD0008299,2024-03-03,20240303,CUS02239,7,EMP0134,Debit Card,Completed,31575.0,28900.0
ORD0006614,2024-03-03,20240303,CUS01549,1,EMP0019,Debit Card,Completed,12080.0,9540.0
ORD0008839,2024-03-03,20240303,CUS01999,1,EMP0022,Fawry,Returned,841.5,480.0
ORD0010700,2024-03-03,20240303,CUS02034,1,EMP0025,Cash,Completed,266.0,140.0
ORD0005961,2024-03-03,20240303,CUS01162,2,EMP0049,Credit Card,Completed,612.0,340.0
ORD0007408,2024-03-03,20240303,CUS02217,6,,  Credit Card  ,Completed,39011.5,36210.0
ORD0009984,2024-03-03,20240303,CUS00150,13,EMP0186,Debit Card,Completed,540.0,300.0
ORD0002477,2024-03-03,20240303,CUS00650,3,EMP0060,Fawry,Completed,6789.0,5360.0
ORD0000104,2024-03-04,20240304,CUS00752,4,,InstaPay,Completed,2500.0,2000.0
ORD0000559,2024-03-04,20240304,CUS01997,1,EMP0015,  Vodafone Cash  ,Returned,525.5,280.0
ORD0011667,2024-03-04,20240304,CUS00811,2,EMP0046,  Vodafone Cash  ,Completed,243.0,130.0
ORD0009079,2024-03-04,20240304,CUS00980,1,EMP0017,Cash,Completed,1790.0,900.0
ORD0000981,2024-03-04,20240304,CUS01333,11,EMP0168,InstaPay,Completed,1596.0,840.0
ORD0002608,2024-03-04,20240304,CUS02414,12,EMP0182,Credit Card,Completed,2039.0,1160.0
ORD0007333,2024-03-04,20240304,CUS01662,1,EMP0001,Fawry,Completed,43011.0,36140.0
ORD0010973,2024-03-04,20240304,CUS02375,10,EMP0156,InstaPay,Completed,14499.0,12800.0
ORD0010838,2024-03-04,20240304,CUS00142,11,EMP0166,Debit Card,Completed,987.0,690.0
ORD0005341,2024-03-04,20240304,CUS01930,11,EMP0173,Fawry,Completed,17380.0,14980.0
ORD0009018,2024-03-04,20240304,CUS00296,11,EMP0171,InstaPay,Completed,520.0,240.0
ORD0004161,2024-03-04,20240304,CUS01359,9,EMP0146,Cash,Completed,5605.0,4700.0
ORD0002630,2024-03-05,20240305,CUS02077,1,EMP0022,Debit Card,Completed,370.0,200.0
ORD0011561,2024-03-05,20240305,CUS02439,9,EMP0147,Cash,Completed,7340.0,5380.0
ORD0003019,2024-03-05,20240305,CUS00435,5,EMP0104,Vodafone Cash,Completed,15886.5,11870.0
ORD0003659,2024-03-05,20240305,CUS01606,1,EMP0002,  Fawry  ,Completed,17029.5,14750.0
ORD0010288,2024-03-05,20240305,CUS01708,4,EMP0087,Cash,Completed,168.0,100.0
ORD0010746,2024-03-05,20240305,CUS00732,3,EMP0057,Credit Card,Completed,1062.0,880.0
ORD0007560,2024-03-05,20240305,CUS00188,15,EMP0213,Fawry,Completed,6345.0,6000.0
ORD0005970,2024-03-05,20240305,CUS01631,1,EMP0004,InstaPay,Completed,558.0,280.0
ORD0011574,2024-03-06,20240306,CUS02014,12,,  Debit Card  ,Completed,240.0,120.0
ORD0000445,2024-03-06,20240306,CUS01313,15,EMP0205,Debit Card,Completed,8800.5,6800.0
ORD0011652,2024-03-06,20240306,CUS01212,5,EMP0097,  Fawry  ,Completed,430.0,210.0
ORD0011839,2024-03-06,20240306,CUS02918,2,EMP0029,  Fawry  ,Cancelled,13552.5,10690.0
ORD0011430,2024-03-06,20240306,CUS00989,1,EMP0010,Cash,Completed,13515.0,10770.0
ORD0005082,2024-03-06,20240306,CUS01224,2,EMP0045,Fawry,Cancelled,360.0,180.0
ORD0003252,2024-03-06,20240306,CUS00316,2,EMP0043,Cash,Completed,2058.0,1100.0
ORD0008490,2024-03-06,20240306,CUS00675,5,EMP0100,Cash,Completed,437.0,230.0
ORD0008892,2024-03-06,20240306,CUS02846,1,EMP0016,  Credit Card  ,Completed,8913.0,7770.0
ORD0005510,2024-03-06,20240306,CUS00371,3,EMP0057,Vodafone Cash,Completed,1584.0,840.0
ORD0009894,2024-03-06,20240306,CUS01170,15,EMP0207,Vodafone Cash,Returned,980.0,480.0
ORD0008714,2024-03-06,20240306,CUS02085,4,EMP0091,Debit Card,Cancelled,864.0,460.0
ORD0003035,2024-03-06,20240306,CUS01923,7,EMP0136,  Fawry  ,Completed,9278.0,7310.0
ORD0002813,2024-03-06,20240306,CUS01349,11,EMP0168,Debit Card,Completed,247.5,160.0
ORD0004875,2024-03-06,20240306,CUS01734,5,EMP0103,Fawry,Completed,1167.5,690.0
ORD0007375,2024-03-06,20240306,CUS01897,15,EMP0214,InstaPay,Returned,28688.0,24010.0
ORD0011741,2024-03-06,20240306,CUS01849,12,EMP0180,Debit Card,Completed,790.0,400.0
ORD0003912,2024-03-07,20240307,CUS02573,15,EMP0212,Debit Card,Completed,1997.0,980.0
ORD0003318,2024-03-07,20240307,CUS01699,6,EMP0116,Debit Card,Returned,1310.0,980.0
ORD0001955,2024-03-07,20240307,CUS00554,4,EMP0080,Cash,Completed,261.0,130.0
ORD0000005,2024-03-07,20240307,CUS00418,6,EMP0116,Fawry,Completed,9530.0,7800.0
ORD0004613,2024-03-07,20240307,CUS00027,13,,  Debit Card  ,Completed,520.0,240.0
ORD0011911,2024-03-07,20240307,CUS02172,2,EMP0035,InstaPay,Completed,1034.0,550.0
ORD0000717,2024-03-07,20240307,CUS02996,3,EMP0056,Debit Card,Completed,12600.0,12300.0
ORD0011639,2024-03-07,20240307,CUS02516,8,EMP0140,Fawry,Completed,876.0,450.0
ORD0009078,2024-03-07,20240307,CUS01422,5,EMP0110,  Debit Card  ,Completed,3458.5,2960.0
ORD0007409,2024-03-08,20240308,CUS01974,6,EMP0116,Vodafone Cash,Completed,5000.0,4000.0
ORD0003503,2024-03-08,20240308,CUS00183,4,EMP0082,Debit Card,Completed,450.0,220.0
ORD0003495,2024-03-08,20240308,CUS00955,14,EMP0194,Cash,Cancelled,1843.0,920.0
ORD0007546,2024-03-08,20240308,CUS01487,4,EMP0079,  Credit Card  ,Completed,11208.0,9720.0
ORD0000098,2024-03-08,20240308,CUS00444,1,EMP0021,Credit Card,Completed,965.5,520.0
ORD0000806,2024-03-08,20240308,CUS00001,14,EMP0196,InstaPay,Completed,9594.0,8360.0
ORD0000656,2024-03-08,20240308,CUS02533,2,EMP0036,InstaPay,Completed,441.0,220.0
ORD0007371,2024-03-08,20240308,CUS02934,3,EMP0076,Cash,Completed,1895.0,990.0
ORD0003528,2024-03-08,20240308,CUS02123,11,EMP0171,Debit Card,Completed,1644.0,810.0
ORD0009900,2024-03-08,20240308,CUS00224,1,EMP0007,Cash,Completed,104.0,60.0
ORD0008985,2024-03-08,20240308,CUS01092,4,EMP0081,Debit Card,Completed,202.5,130.0
ORD0008095,2024-03-08,20240308,CUS01409,4,EMP0089,Credit Card,Completed,378.0,200.0
ORD0003768,2024-03-09,20240309,CUS02794,2,EMP0032,Fawry,Completed,857.0,420.0
ORD0001429,2024-03-09,20240309,CUS00733,2,EMP0046,InstaPay,Completed,400.0,250.0
ORD0005653,2024-03-09,20240309,CUS02099,2,EMP0035,InstaPay,Completed,540.0,260.0
ORD0001294,2024-03-09,20240309,CUS01500,13,EMP0191,Fawry,Completed,204.0,110.0
ORD0000468,2024-03-09,20240309,CUS02359,7,EMP0134,Debit Card,Completed,1372.0,670.0
ORD0010516,2024-03-09,20240309,CUS02889,5,EMP0102,  Vodafone Cash  ,Completed,2516.5,1270.0
ORD0003190,2024-03-09,20240309,CUS01129,2,EMP0038,Cash,Completed,1333.0,670.0
ORD0005977,2024-03-09,20240309,CUS02840,3,EMP0075,Vodafone Cash,Completed,694.0,330.0
ORD0002702,2024-03-10,20240310,CUS00956,3,EMP0070,Credit Card,Completed,130.0,60.0
ORD0006006,2024-03-10,20240310,CUS00466,3,EMP0057,  Fawry  ,Completed,856.0,470.0
ORD0010819,2024-03-10,20240310,CUS02407,7,EMP0132,Fawry,Completed,490.0,230.0
ORD0001046,2024-03-10,20240310,CUS00006,4,EMP0081,Debit Card,Completed,26631.5,21100.0
ORD0008716,2024-03-10,20240310,CUS01051,4,EMP0090,Debit Card,Completed,1690.0,860.0
ORD0002877,2024-03-10,20240310,CUS01846,12,EMP0174,Debit Card,Completed,230.0,110.0
ORD0008455,2024-03-10,20240310,CUS02244,15,EMP0213,Credit Card,Completed,657.0,360.0
ORD0004987,2024-03-11,20240311,CUS00818,10,EMP0154,  Vodafone Cash  ,Completed,37794.0,32660.0
ORD0006595,2024-03-11,20240311,CUS02454,2,EMP0035,InstaPay,Completed,1880.0,920.0
ORD0010378,2024-03-11,20240311,CUS02925,14,EMP0203,Credit Card,Completed,300.0,150.0
ORD0001198,2024-03-11,20240311,CUS02506,3,EMP0073,  Fawry  ,Completed,300.0,150.0
ORD0009678,2024-03-11,20240311,CUS02413,10,EMP0156,  Fawry  ,Completed,30110.5,32000.0
ORD0010001,2024-03-11,20240311,CUS01842,15,EMP0206,Fawry,Completed,449.0,290.0
ORD0010627,2024-03-11,20240311,CUS01436,5,,Fawry,Completed,270.0,130.0
ORD0010758,2024-03-11,20240311,CUS02452,11,EMP0165,  Vodafone Cash  ,Completed,696.0,410.0
ORD0004488,2024-03-11,20240311,CUS00568,14,EMP0200,Fawry,Completed,976.5,540.0
ORD0002208,2024-03-11,20240311,CUS01312,4,EMP0081,  Debit Card  ,Completed,860.0,420.0
ORD0005628,2024-03-11,20240311,CUS00461,12,EMP0181,InstaPay,Completed,1720.0,840.0
ORD0008834,2024-03-11,20240311,CUS02790,13,EMP0193,Cash,Completed,210.0,100.0
ORD0000641,2024-03-12,20240312,CUS00317,2,EMP0051,Vodafone Cash,Completed,480.0,230.0
ORD0007160,2024-03-12,20240312,CUS00068,11,EMP0167,  Fawry  ,Completed,966.0,500.0
ORD0007208,2024-03-12,20240312,CUS00677,2,EMP0039,Vodafone Cash,Completed,648.0,330.0
ORD0009317,2024-03-12,20240312,CUS00393,4,EMP0088,InstaPay,Completed,2079.5,1100.0
ORD0006312,2024-03-12,20240312,CUS02844,3,EMP0072,InstaPay,Completed,216.0,130.0
ORD0004954,2024-03-12,20240312,CUS00425,1,EMP0001,  Cash  ,Completed,740.0,360.0
ORD0005630,2024-03-12,20240312,CUS00822,8,EMP0139,InstaPay,Completed,2690.0,1430.0
ORD0001318,2024-03-12,20240312,CUS01506,1,EMP0009,Vodafone Cash,Cancelled,288.0,150.0
ORD0006292,2024-03-12,20240312,CUS00952,5,EMP0108,Cash,Completed,870.0,460.0
ORD0009057,2024-03-12,20240312,CUS01261,11,EMP0166,  Cash  ,Completed,15704.0,12350.0
ORD0005229,2024-03-12,20240312,CUS02213,6,,  Fawry  ,Completed,475.0,240.0
ORD0010770,2024-03-12,20240312,CUS02281,2,EMP0047,Cash,Completed,480.0,230.0
ORD0000360,2024-03-13,20240313,CUS00153,7,EMP0135,Vodafone Cash,Cancelled,738.0,390.0
ORD0003043,2024-03-13,20240313,CUS01254,4,EMP0093,  InstaPay  ,Completed,1065.0,600.0
ORD0002830,2024-03-13,20240313,CUS02685,5,EMP0099,Cash,Completed,126.0,70.0
ORD0003151,2024-03-13,20240313,CUS02154,6,EMP0120,  InstaPay  ,Completed,240.0,120.0
ORD0010384,2024-03-13,20240313,CUS00683,4,EMP0081,Debit Card,Completed,1624.5,840.0
ORD0000017,2024-03-13,20240313,CUS01929,9,EMP0148,InstaPay,Returned,8285.0,6540.0
ORD0011049,2024-03-13,20240313,CUS01227,13,EMP0185,Credit Card,Completed,700.0,350.0
ORD0000335,2024-03-13,20240313,CUS02300,12,EMP0176,Vodafone Cash,Returned,447.0,250.0
ORD0009656,2024-03-13,20240313,CUS02827,2,EMP0049,Cash,Completed,150.0,70.0
ORD0011227,2024-03-14,20240314,CUS00642,5,EMP0096,  InstaPay  ,Cancelled,1800.0,1500.0
ORD0001775,2024-03-14,20240314,CUS00103,3,EMP0073,Credit Card,Completed,1104.0,550.0
ORD0005155,2024-03-14,20240314,CUS01667,11,EMP0168,Debit Card,Completed,520.0,250.0
ORD0011681,2024-03-14,20240314,CUS01335,5,EMP0110,Fawry,Completed,932.0,470.0
ORD0002038,2024-03-14,20240314,CUS02565,14,EMP0199,Debit Card,Completed,2622.0,1960.0
ORD0011419,2024-03-14,20240314,CUS01720,14,EMP0200,Debit Card,Completed,1872.0,1000.0
ORD0009575,2024-03-14,20240314,CUS02383,6,EMP0118,  Fawry  ,Returned,2090.0,1020.0
ORD0011097,2024-03-14,20240314,CUS02867,6,EMP0120,Debit Card,Completed,210.0,100.0
ORD0011164,2024-03-14,20240314,CUS02403,1,,  Credit Card  ,Completed,907.0,470.0
ORD0010276,2024-03-14,20240314,CUS01352,3,EMP0060,Fawry,Completed,6634.5,5380.0
ORD0001431,2024-03-15,20240315,CUS01704,8,EMP0144,InstaPay,Completed,221.0,120.0
ORD0010335,2024-03-15,20240315,CUS02155,4,EMP0092,Vodafone Cash,Completed,1950.0,1380.0
ORD0000495,2024-03-15,20240315,CUS01170,7,EMP0135,Cash,Completed,990.0,470.0
ORD0005354,2024-03-15,20240315,CUS01569,5,EMP0109,Fawry,Completed,1030.0,490.0
ORD0010207,2024-03-15,20240315,CUS00285,7,EMP0128,Cash,Completed,1746.0,880.0
ORD0003437,2024-03-15,20240315,CUS01183,5,EMP0098,Cash,Completed,1200.0,590.0
ORD0011520,2024-03-15,20240315,CUS00926,4,EMP0091,Cash,Completed,1398.0,740.0
ORD0006656,2024-03-15,20240315,CUS02254,6,EMP0120,InstaPay,Completed,17789.0,13710.0
ORD0007003,2024-03-15,20240315,CUS01774,2,EMP0050,Cash,Returned,698.0,340.0
ORD0006098,2024-03-16,20240316,CUS00774,1,EMP0019,  Debit Card  ,Completed,1226.0,610.0
ORD0008555,2024-03-16,20240316,CUS01612,6,EMP0122,Vodafone Cash,Completed,684.0,360.0
ORD0010046,2024-03-16,20240316,CUS02306,7,EMP0130,  InstaPay  ,Completed,1040.0,520.0
ORD0005980,2024-03-16,20240316,CUS00563,3,,Vodafone Cash,Completed,16620.0,14770.0
ORD0002642,2024-03-16,20240316,CUS02549,11,EMP0166,Debit Card,Returned,1390.0,720.0
ORD0010599,2024-03-16,20240316,CUS01620,1,EMP0005,Fawry,Completed,548.5,280.0
ORD0000012,2024-03-16,20240316,CUS01090,3,EMP0073,  Debit Card  ,Completed,2360.0,1160.0
ORD0003097,2024-03-16,20240316,CUS00466,1,EMP0011,Cash,Completed,1051.0,530.0
ORD0003541,2024-03-16,20240316,CUS00543,2,EMP0029,Fawry,Completed,1410.0,690.0
ORD0007267,2024-03-16,20240316,CUS01265,4,EMP0087,Cash,Completed,330.5,160.0
ORD0006701,2024-03-16,20240316,CUS00187,10,EMP0163,Fawry,Completed,470.0,220.0
ORD0001203,2024-03-16,20240316,CUS01925,1,EMP0020,Fawry,Completed,850.0,420.0
ORD0011471,2024-03-17,20240317,CUS01309,12,EMP0175,  Fawry  ,Completed,872.5,420.0
ORD0005786,2024-03-17,20240317,CUS00391,4,,Cash,Completed,380.0,180.0
ORD0008564,2024-03-17,20240317,CUS00571,4,EMP0080,  InstaPay  ,Completed,558.5,330.0
ORD0005806,2024-03-17,20240317,CUS01998,11,EMP0168,Cash,Completed,1773.0,950.0
ORD0008856,2024-03-17,20240317,CUS01707,1,EMP0019,Cash,Completed,4000.0,4000.0
ORD0004236,2024-03-17,20240317,CUS02583,4,EMP0084,Cash,Completed,1232.0,630.0
ORD0008437,2024-03-17,20240317,CUS00662,5,EMP0108,Fawry,Returned,11448.0,9680.0
ORD0003926,2024-03-17,20240317,CUS02043,1,EMP0014,Fawry,Completed,13455.5,10630.0
ORD0005919,2024-03-17,20240317,CUS02653,4,EMP0090,  Vodafone Cash  ,Completed,3984.0,2000.0
ORD0009259,2024-03-17,20240317,CUS00027,5,EMP0112,Debit Card,Completed,7740.0,8140.0
ORD0009897,2024-03-17,20240317,CUS01329,5,EMP0112,Credit Card,Completed,19309.0,15330.0
ORD0002280,2024-03-17,20240317,CUS00407,3,EMP0058,Vodafone Cash,Completed,747.0,410.0
ORD0000056,2024-03-18,20240318,CUS02933,14,EMP0202,Cash,Completed,240.0,120.0
ORD0009335,2024-03-18,20240318,CUS01879,3,EMP0074,Fawry,Completed,427.5,270.0
ORD0002325,2024-03-18,20240318,CUS00827,1,EMP0014,Debit Card,Completed,610.0,300.0
ORD0008753,2024-03-18,20240318,CUS01180,9,EMP0146,Cash,Completed,1869.0,960.0
ORD0001728,2024-03-18,20240318,CUS00437,12,EMP0179,Cash,Completed,495.0,260.0
ORD0008604,2024-03-18,20240318,CUS01427,11,EMP0166,  Debit Card  ,Completed,98.0,60.0
ORD0006807,2024-03-18,20240318,CUS02089,9,EMP0151,Fawry,Returned,1496.0,880.0
ORD0006722,2024-03-18,20240318,CUS02760,4,EMP0091,  Debit Card  ,Completed,220.0,100.0
ORD0000889,2024-03-19,20240319,CUS00242,7,EMP0135,Cash,Completed,722.0,370.0
ORD0003070,2024-03-19,20240319,CUS01395,2,EMP0039,InstaPay,Completed,39168.5,32810.0
ORD0010472,2024-03-19,20240319,CUS00004,6,EMP0117,Credit Card,Completed,7273.0,8160.0
ORD0011217,2024-03-19,20240319,CUS01248,1,EMP0009,InstaPay,Completed,192.0,120.0
ORD0009483,2024-03-19,20240319,CUS02503,2,EMP0033,Credit Card,Completed,720.0,360.0
ORD0003287,2024-03-19,20240319,CUS00272,12,EMP0176,  Debit Card  ,Completed,1550.0,920.0
ORD0003374,2024-03-19,20240319,CUS00450,13,EMP0185,InstaPay,Completed,631.5,340.0
ORD0006142,2024-03-20,20240320,CUS01433,2,EMP0046,Credit Card,Completed,5497.0,4810.0
ORD0002114,2024-03-20,20240320,CUS02798,8,EMP0144,Debit Card,Completed,416.5,230.0
ORD0008229,2024-03-20,20240320,CUS01603,2,EMP0033,Credit Card,Completed,907.0,470.0
ORD0005195,2024-03-20,20240320,CUS01912,3,EMP0066,Fawry,Completed,10900.0,11400.0
ORD0003352,2024-03-20,20240320,CUS00964,5,EMP0110,Vodafone Cash,Completed,475.0,240.0
ORD0005329,2024-03-20,20240320,CUS01659,12,EMP0182,Cash,Completed,1075.5,610.0
ORD0006081,2024-03-20,20240320,CUS01085,3,EMP0057,InstaPay,Completed,1460.0,750.0
ORD0005995,2024-03-20,20240320,CUS00948,3,EMP0072,Cash,Completed,2124.0,1400.0
ORD0008074,2024-03-20,20240320,CUS01271,1,EMP0011,Fawry,Completed,6160.0,4820.0
ORD0007754,2024-03-20,20240320,CUS01014,7,EMP0132,  Fawry  ,Completed,1583.0,1140.0
ORD0002351,2024-03-20,20240320,CUS00177,9,EMP0146,Vodafone Cash,Completed,16308.0,14340.0
ORD0010544,2024-03-20,20240320,CUS00445,12,EMP0174,Debit Card,Returned,2193.0,1110.0
ORD0004915,2024-03-20,20240320,CUS01197,1,EMP0024,InstaPay,Completed,618.0,330.0
ORD0009719,2024-03-20,20240320,CUS02848,8,EMP0144,Fawry,Returned,504.0,280.0
ORD0001410,2024-03-20,20240320,CUS01638,6,EMP0115,  InstaPay  ,Completed,2683.5,1520.0
ORD0000621,2024-03-20,20240320,CUS00299,7,EMP0131,  Credit Card  ,Completed,3733.0,1850.0
ORD0010951,2024-03-20,20240320,CUS01684,15,EMP0208,Vodafone Cash,Completed,2806.0,1400.0
ORD0003454,2024-03-20,20240320,CUS00796,3,EMP0076,Credit Card,Completed,1371.0,670.0
ORD0007326,2024-03-21,20240321,CUS00788,2,EMP0047,Debit Card,Completed,820.0,460.0
ORD0001572,2024-03-21,20240321,CUS02327,8,EMP0138,Credit Card,Completed,243.0,120.0
ORD0004326,2024-03-21,20240321,CUS00081,2,EMP0038,Debit Card,Completed,1408.0,1010.0
ORD0008143,2024-03-21,20240321,CUS00817,2,EMP0037,Debit Card,Returned,12650.0,9780.0
ORD0001610,2024-03-21,20240321,CUS02486,3,EMP0068,InstaPay,Completed,1499.0,870.0
ORD0008079,2024-03-21,20240321,CUS00856,1,EMP0019,Vodafone Cash,Completed,1525.0,880.0
ORD0011581,2024-03-21,20240321,CUS02246,5,EMP0098,Fawry,Returned,2822.0,1410.0
ORD0001747,2024-03-21,20240321,CUS02079,2,EMP0030,Credit Card,Completed,1045.5,530.0
ORD0003345,2024-03-21,20240321,CUS01257,4,EMP0085,InstaPay,Cancelled,7500.0,6000.0
ORD0002904,2024-03-21,20240321,CUS00889,3,EMP0073,Cash,Completed,85.5,40.0
ORD0003790,2024-03-21,20240321,CUS02586,5,EMP0095,  Debit Card  ,Completed,960.0,460.0
ORD0001774,2024-03-21,20240321,CUS01602,11,EMP0164,Cash,Cancelled,540.0,290.0
ORD0006275,2024-03-22,20240322,CUS00115,9,EMP0146,Credit Card,Completed,2291.0,1800.0
ORD0000527,2024-03-22,20240322,CUS00584,15,EMP0207,Fawry,Completed,1590.0,760.0
ORD0008797,2024-03-22,20240322,CUS02091,2,EMP0049,Vodafone Cash,Completed,1319.0,720.0
ORD0005654,2024-03-22,20240322,CUS02414,6,EMP0115,  Fawry  ,Completed,983.0,550.0
ORD0005188,2024-03-22,20240322,CUS02325,14,EMP0200,Cash,Cancelled,404.0,250.0
ORD0004679,2024-03-22,20240322,CUS00226,1,EMP0014,InstaPay,Completed,33188.0,31260.0
ORD0001265,2024-03-22,20240322,CUS02059,7,EMP0131,Vodafone Cash,Completed,14547.0,12110.0
ORD0001648,2024-03-22,20240322,CUS01630,2,EMP0044,  Vodafone Cash  ,Completed,1040.0,510.0
ORD0011363,2024-03-22,20240322,CUS01459,7,EMP0135,Debit Card,Completed,726.5,390.0
ORD0009572,2024-03-22,20240322,CUS01510,11,EMP0171,Cash,Completed,2538.0,1260.0
ORD0002163,2024-03-22,20240322,CUS02784,3,EMP0069,  Fawry  ,Completed,1278.0,660.0
ORD0001768,2024-03-22,20240322,CUS00436,1,EMP0019,InstaPay,Completed,4500.0,4800.0
ORD0010938,2024-03-22,20240322,CUS01473,10,EMP0162,  InstaPay  ,Completed,16954.0,14960.0
ORD0008242,2024-03-22,20240322,CUS00618,12,EMP0183,Credit Card,Returned,280.0,140.0
ORD0001106,2024-03-22,20240322,CUS01772,7,EMP0130,Credit Card,Returned,28760.0,24130.0
ORD0000790,2024-03-23,20240323,CUS00292,15,EMP0208,Fawry,Completed,130.0,60.0
ORD0010352,2024-03-23,20240323,CUS02941,2,EMP0037,InstaPay,Completed,380.0,180.0
ORD0006866,2024-03-23,20240323,CUS02044,1,EMP0003,  Credit Card  ,Returned,2460.0,1190.0
ORD0008551,2024-03-23,20240323,CUS00790,2,EMP0054,Fawry,Completed,1839.0,920.0
ORD0007469,2024-03-23,20240323,CUS02513,11,,Vodafone Cash,Completed,1066.0,530.0
ORD0002986,2024-03-23,20240323,CUS00335,1,,Credit Card,Completed,1782.5,930.0
ORD0006015,2024-03-23,20240323,CUS01401,2,EMP0046,  Fawry  ,Cancelled,1040.0,520.0
ORD0011796,2024-03-23,20240323,CUS02379,11,EMP0169,Vodafone Cash,Completed,13501.0,12340.0
ORD0005250,2024-03-23,20240323,CUS01716,11,EMP0168,Debit Card,Completed,260.0,130.0
ORD0011563,2024-03-24,20240324,CUS00204,4,EMP0085,Fawry,Completed,9994.0,9930.0
ORD0007527,2024-03-24,20240324,CUS02841,6,EMP0120,  Credit Card  ,Returned,853.0,420.0
ORD0003716,2024-03-24,20240324,CUS00465,4,EMP0084,Fawry,Completed,1416.0,870.0
ORD0003450,2024-03-24,20240324,CUS01972,5,EMP0104,Credit Card,Completed,940.0,440.0
ORD0002528,2024-03-24,20240324,CUS02231,1,EMP0016,Debit Card,Completed,2056.0,1060.0
ORD0006183,2024-03-24,20240324,CUS01278,1,,Cash,Completed,833.5,410.0
ORD0005799,2024-03-24,20240324,CUS01327,1,EMP0013,Credit Card,Completed,144.0,70.0
ORD0000494,2024-03-24,20240324,CUS01676,12,EMP0181,Fawry,Completed,765.0,450.0
ORD0002959,2024-03-24,20240324,CUS02281,10,EMP0153,InstaPay,Completed,120.0,70.0
ORD0001447,2024-03-24,20240324,CUS02521,2,EMP0039,Fawry,Completed,2181.5,1160.0
ORD0003429,2024-03-24,20240324,CUS02418,3,EMP0077,InstaPay,Completed,979.0,490.0
ORD0009884,2024-03-25,20240325,CUS01425,5,EMP0106,Cash,Completed,1661.5,870.0
ORD0011542,2024-03-25,20240325,CUS02965,6,EMP0126,InstaPay,Completed,17892.0,16570.0
ORD0005422,2024-03-25,20240325,CUS02211,2,EMP0043,Debit Card,Completed,150.0,70.0
ORD0004828,2024-03-25,20240325,CUS02921,3,EMP0062,Credit Card,Completed,736.0,400.0
ORD0000094,2024-03-25,20240325,CUS00052,11,EMP0166,  Debit Card  ,Completed,20250.0,19000.0
ORD0006560,2024-03-25,20240325,CUS01393,6,EMP0113,Cash,Completed,24652.0,19630.0
ORD0006362,2024-03-26,20240326,CUS00555,11,EMP0172,  Vodafone Cash  ,Completed,530.0,260.0
ORD0007828,2024-03-26,20240326,CUS02716,13,EMP0185,Fawry,Completed,1661.5,940.0
ORD0007859,2024-03-26,20240326,CUS00972,11,EMP0164,Vodafone Cash,Completed,720.0,420.0
ORD0006335,2024-03-26,20240326,CUS02670,4,EMP0085,  Vodafone Cash  ,Completed,1915.5,940.0
ORD0005604,2024-03-26,20240326,CUS00551,2,EMP0036,InstaPay,Completed,1273.0,700.0
ORD0009566,2024-03-26,20240326,CUS02519,10,EMP0160,Credit Card,Completed,123.5,60.0
ORD0005124,2024-03-26,20240326,CUS02703,7,EMP0131,InstaPay,Completed,36038.0,28720.0
ORD0010569,2024-03-26,20240326,CUS02550,14,EMP0201,InstaPay,Completed,11905.0,9810.0
ORD0005951,2024-03-26,20240326,CUS01235,3,EMP0078,Cash,Completed,320.0,160.0
ORD0003312,2024-03-26,20240326,CUS02056,5,EMP0104,Cash,Completed,1656.0,840.0
ORD0003057,2024-03-26,20240326,CUS00421,4,EMP0087,InstaPay,Completed,207.0,110.0
ORD0008190,2024-03-26,20240326,CUS01650,7,EMP0131,Fawry,Completed,1677.5,830.0
ORD0011091,2024-03-27,20240327,CUS01772,14,EMP0199,Vodafone Cash,Completed,11969.5,10550.0
ORD0000006,2024-03-27,20240327,CUS01574,11,EMP0172,Credit Card,Completed,288.0,180.0
ORD0001606,2024-03-27,20240327,CUS02617,13,EMP0189,Credit Card,Completed,6300.0,5600.0
ORD0001558,2024-03-27,20240327,CUS00440,8,EMP0142,  Cash  ,Cancelled,1089.5,610.0
ORD0010493,2024-03-27,20240327,CUS01373,2,EMP0044,Debit Card,Completed,98.0,60.0
ORD0005636,2024-03-27,20240327,CUS00346,11,EMP0171,Credit Card,Cancelled,1341.0,760.0
ORD0008644,2024-03-27,20240327,CUS00165,9,EMP0147,  Vodafone Cash  ,Completed,4064.0,2860.0
ORD0002957,2024-03-27,20240327,CUS00602,3,EMP0075,InstaPay,Completed,739.5,420.0
ORD0010961,2024-03-27,20240327,CUS01277,3,EMP0057,  Debit Card  ,Completed,430.0,210.0
ORD0007319,2024-03-27,20240327,CUS01044,8,EMP0137,InstaPay,Completed,1030.0,500.0
ORD0002985,2024-03-27,20240327,CUS02991,2,EMP0038,Credit Card,Completed,247.0,130.0
ORD0010602,2024-03-27,20240327,CUS01968,2,EMP0047,Debit Card,Completed,1260.0,650.0
ORD0000042,2024-03-28,20240328,CUS02171,15,EMP0216,InstaPay,Completed,27270.0,24300.0
ORD0004391,2024-03-28,20240328,CUS00287,7,EMP0128,Credit Card,Completed,830.0,410.0
ORD0011770,2024-03-28,20240328,CUS02841,1,EMP0001,InstaPay,Completed,320.0,140.0
ORD0002166,2024-03-28,20240328,CUS02205,15,EMP0215,Fawry,Completed,718.0,400.0
ORD0006143,2024-03-28,20240328,CUS02167,14,EMP0195,InstaPay,Returned,280.0,120.0
ORD0004974,2024-03-28,20240328,CUS01968,13,EMP0190,Cash,Returned,990.0,640.0
ORD0006445,2024-03-28,20240328,CUS00784,5,EMP0106,Credit Card,Completed,90.0,40.0
ORD0005171,2024-03-28,20240328,CUS00225,11,EMP0168,Cash,Completed,15582.5,11850.0
ORD0009125,2024-03-28,20240328,CUS01300,3,EMP0072,Credit Card,Completed,617.5,300.0
ORD0001580,2024-03-28,20240328,CUS00476,7,EMP0136,Debit Card,Completed,920.0,440.0
ORD0004514,2024-03-29,20240329,CUS02610,1,EMP0024,Credit Card,Completed,230.0,110.0
ORD0001048,2024-03-29,20240329,CUS01765,6,EMP0125,Credit Card,Completed,532.0,240.0
ORD0007881,2024-03-29,20240329,CUS01268,3,EMP0064,Credit Card,Completed,1010.0,490.0
ORD0005281,2024-03-29,20240329,CUS01134,3,EMP0065,  Vodafone Cash  ,Completed,2547.0,1290.0
ORD0010767,2024-03-29,20240329,CUS01854,1,EMP0001,InstaPay,Completed,351.0,180.0
ORD0008774,2024-03-29,20240329,CUS01828,2,EMP0030,Cash,Completed,666.0,330.0
ORD0001455,2024-03-29,20240329,CUS01260,12,EMP0175,Debit Card,Completed,119.0,60.0
ORD0004670,2024-03-29,20240329,CUS00321,3,EMP0075,Credit Card,Completed,1461.0,810.0
ORD0001810,2024-03-29,20240329,CUS02782,12,EMP0175,Debit Card,Completed,1584.0,830.0
ORD0010918,2024-03-29,20240329,CUS01410,9,EMP0149,Fawry,Returned,900.0,800.0
ORD0003978,2024-03-29,20240329,CUS01446,11,EMP0171,Credit Card,Completed,1065.0,520.0
ORD0006013,2024-03-29,20240329,CUS01586,1,EMP0001,  Debit Card  ,Returned,140.0,70.0
ORD0006846,2024-03-29,20240329,CUS00644,4,EMP0085,Vodafone Cash,Cancelled,1112.0,620.0
ORD0006935,2024-03-30,20240330,CUS02405,3,EMP0062,InstaPay,Completed,1577.0,820.0
ORD0005441,2024-03-30,20240330,CUS00051,3,EMP0059,Fawry,Completed,1023.5,540.0
ORD0008212,2024-03-30,20240330,CUS01791,8,EMP0143,Debit Card,Returned,333.0,180.0
ORD0004583,2024-03-30,20240330,CUS01560,1,EMP0023,Debit Card,Completed,828.0,450.0
ORD0005280,2024-03-30,20240330,CUS00663,1,,Debit Card,Completed,213.0,110.0
ORD0008873,2024-03-30,20240330,CUS01346,3,EMP0075,Cash,Completed,360.0,210.0
ORD0010020,2024-03-30,20240330,CUS02089,15,EMP0215,  Credit Card  ,Completed,4009.5,3230.0
ORD0002729,2024-03-30,20240330,CUS02596,2,,Credit Card,Completed,1345.5,760.0
ORD0008691,2024-03-30,20240330,CUS02063,3,EMP0063,Vodafone Cash,Returned,800.0,430.0
ORD0002595,2024-03-31,20240331,CUS02261,3,EMP0058,Cash,Completed,952.0,480.0
ORD0005935,2024-03-31,20240331,CUS01569,6,,InstaPay,Completed,861.0,430.0
ORD0002294,2024-03-31,20240331,CUS00618,1,EMP0009,Cash,Completed,1812.0,890.0
ORD0010362,2024-03-31,20240331,CUS02254,3,EMP0067,  Fawry  ,Completed,160.0,70.0
ORD0011750,2024-03-31,20240331,CUS01255,15,EMP0204,  Debit Card  ,Completed,2460.5,1340.0
ORD0007170,2024-03-31,20240331,CUS02345,4,EMP0081,Fawry,Completed,2578.0,1390.0
ORD0011042,2024-03-31,20240331,CUS02661,2,EMP0034,Vodafone Cash,Completed,119.0,70.0
ORD0007990,2024-04-01,20240401,CUS02895,8,EMP0144,Credit Card,Completed,296.0,180.0
ORD0006141,2024-04-01,20240401,CUS00081,4,EMP0085,Vodafone Cash,Completed,1448.0,740.0
ORD0002327,2024-04-01,20240401,CUS01316,1,EMP0011,Credit Card,Completed,1009.0,500.0
ORD0008619,2024-04-01,20240401,CUS02106,13,EMP0185,  Credit Card  ,Completed,384.0,230.0
ORD0011921,2024-04-01,20240401,CUS02324,9,EMP0151,Credit Card,Completed,788.5,410.0
ORD0004261,2024-04-01,20240401,CUS02037,2,EMP0038,  InstaPay  ,Completed,512.5,290.0
ORD0008174,2024-04-01,20240401,CUS01262,8,EMP0141,Credit Card,Completed,90.0,40.0
ORD0005336,2024-04-01,20240401,CUS01036,4,,Vodafone Cash,Completed,2261.0,1740.0
ORD0007320,2024-04-02,20240402,CUS01755,2,EMP0054,Fawry,Completed,160.0,70.0
ORD0001512,2024-04-02,20240402,CUS00271,4,EMP0088,Debit Card,Completed,712.0,380.0
ORD0000706,2024-04-02,20240402,CUS00084,12,EMP0182,Debit Card,Returned,10560.0,10500.0
ORD0001674,2024-04-02,20240402,CUS02415,1,EMP0012,  Debit Card  ,Completed,512.0,260.0
ORD0008772,2024-04-02,20240402,CUS01088,1,EMP0009,Credit Card,Completed,1749.0,950.0
ORD0000413,2024-04-02,20240402,CUS00992,1,EMP0025,Credit Card,Completed,365.5,210.0
ORD0005554,2024-04-02,20240402,CUS02663,4,EMP0079,Fawry,Completed,3223.0,1730.0
ORD0010764,2024-04-02,20240402,CUS01775,15,EMP0211,Cash,Completed,15690.0,13430.0
ORD0005922,2024-04-02,20240402,CUS02343,1,,Vodafone Cash,Completed,576.0,300.0
ORD0002617,2024-04-02,20240402,CUS01662,12,EMP0176,Cash,Completed,324.0,180.0
ORD0002964,2024-04-02,20240402,CUS01933,10,EMP0152,Credit Card,Completed,900.0,440.0
ORD0000404,2024-04-02,20240402,CUS00692,3,EMP0059,Vodafone Cash,Completed,218.5,110.0
ORD0011841,2024-04-02,20240402,CUS01037,2,EMP0045,InstaPay,Completed,142.5,70.0
ORD0009856,2024-04-03,20240403,CUS00557,2,EMP0045,InstaPay,Completed,612.0,320.0
ORD0002677,2024-04-03,20240403,CUS00821,6,EMP0122,InstaPay,Completed,1132.0,670.0
ORD0006334,2024-04-03,20240403,CUS02480,9,EMP0149,  Fawry  ,Completed,5372.0,5850.0
ORD0009044,2024-04-03,20240403,CUS00953,4,EMP0083,InstaPay,Completed,1996.0,1040.0
ORD0001604,2024-04-03,20240403,CUS01841,3,EMP0069,Fawry,Completed,1293.0,710.0
ORD0003371,2024-04-03,20240403,CUS00641,7,EMP0131,Vodafone Cash,Completed,504.0,250.0
ORD0000567,2024-04-03,20240403,CUS00411,6,EMP0115,Debit Card,Completed,472.0,290.0
ORD0009253,2024-04-03,20240403,CUS02402,10,EMP0155,Debit Card,Completed,399.0,200.0
ORD0000818,2024-04-03,20240403,CUS02582,11,EMP0169,Fawry,Completed,256.5,120.0
ORD0003551,2024-04-03,20240403,CUS02550,3,EMP0057,Credit Card,Completed,1355.0,710.0
ORD0002614,2024-04-04,20240404,CUS02347,2,EMP0032,InstaPay,Completed,225.0,120.0
ORD0009532,2024-04-04,20240404,CUS00981,7,EMP0130,InstaPay,Returned,1699.0,900.0
ORD0005795,2024-04-04,20240404,CUS00541,4,EMP0085,InstaPay,Returned,142.5,70.0
ORD0011815,2024-04-04,20240404,CUS02303,6,EMP0125,Cash,Returned,1135.0,590.0
ORD0001789,2024-04-04,20240404,CUS00420,5,EMP0103,Credit Card,Completed,392.5,200.0
ORD0002560,2024-04-04,20240404,CUS00837,7,EMP0127,Credit Card,Completed,11350.0,8970.0
ORD0006765,2024-04-04,20240404,CUS01455,12,EMP0174,Vodafone Cash,Cancelled,909.0,450.0
ORD0000021,2024-04-04,20240404,CUS00826,3,EMP0074,  Fawry  ,Completed,480.0,210.0
ORD0003575,2024-04-04,20240404,CUS01897,1,,Vodafone Cash,Completed,161.0,110.0
ORD0002673,2024-04-04,20240404,CUS01708,7,EMP0132,InstaPay,Completed,160.0,70.0
ORD0008116,2024-04-04,20240404,CUS00015,12,EMP0179,  Debit Card  ,Completed,1575.0,850.0
ORD0007866,2024-04-04,20240404,CUS01161,14,EMP0201,  Credit Card  ,Completed,549.0,300.0
ORD0004275,2024-04-04,20240404,CUS00302,4,EMP0084,Cash,Completed,286.0,140.0
ORD0005486,2024-04-04,20240404,CUS02128,10,EMP0159,  Cash  ,Completed,240.0,110.0
ORD0007126,2024-04-05,20240405,CUS00402,11,EMP0166,Debit Card,Completed,822.0,420.0
ORD0000851,2024-04-05,20240405,CUS02319,4,EMP0091,Fawry,Completed,670.0,320.0
ORD0006749,2024-04-05,20240405,CUS00820,1,EMP0021,  InstaPay  ,Completed,1130.0,560.0
ORD0011161,2024-04-05,20240405,CUS01035,1,EMP0007,Debit Card,Completed,306.0,180.0
ORD0007314,2024-04-05,20240405,CUS01469,1,EMP0026,InstaPay,Completed,2944.0,1620.0
ORD0011910,2024-04-05,20240405,CUS01009,1,EMP0008,InstaPay,Completed,4473.0,3310.0
ORD0009967,2024-04-05,20240405,CUS01444,4,EMP0094,Credit Card,Completed,10803.5,8450.0
ORD0000496,2024-04-05,20240405,CUS02934,2,EMP0030,Debit Card,Completed,437.0,220.0
ORD0000200,2024-04-05,20240405,CUS01320,4,EMP0090,InstaPay,Returned,1470.0,690.0
ORD0001555,2024-04-05,20240405,CUS01550,4,EMP0086,Fawry,Completed,1266.0,620.0
ORD0008422,2024-04-05,20240405,CUS02784,2,,Credit Card,Returned,1192.0,590.0
ORD0010118,2024-04-05,20240405,CUS01218,5,EMP0112,Vodafone Cash,Completed,812.0,420.0
ORD0004781,2024-04-05,20240405,CUS02624,4,EMP0083,Credit Card,Completed,2273.5,1270.0
ORD0011885,2024-04-06,20240406,CUS01808,4,EMP0092,Fawry,Completed,442.0,280.0
ORD0000757,2024-04-06,20240406,CUS00391,2,EMP0043,  Fawry  ,Completed,3895.0,2180.0
ORD0001779,2024-04-06,20240406,CUS01232,2,EMP0049,Debit Card,Returned,105.0,70.0
ORD0003001,2024-04-06,20240406,CUS01675,7,EMP0135,Vodafone Cash,Completed,3315.0,2000.0
ORD0011033,2024-04-06,20240406,CUS02186,12,EMP0177,Credit Card,Completed,940.0,460.0
ORD0008784,2024-04-06,20240406,CUS01665,9,EMP0145,  Fawry  ,Completed,1884.0,1000.0
ORD0000302,2024-04-06,20240406,CUS00867,15,EMP0207,Debit Card,Completed,1350.0,660.0
ORD0005076,2024-04-06,20240406,CUS00640,2,EMP0051,Debit Card,Returned,140.0,60.0
ORD0005933,2024-04-06,20240406,CUS02558,2,EMP0048,Credit Card,Completed,630.0,310.0
ORD0000569,2024-04-06,20240406,CUS02296,10,EMP0152,Debit Card,Completed,249.0,140.0
ORD0000139,2024-04-06,20240406,CUS01599,5,,  Vodafone Cash  ,Returned,2880.0,2800.0
ORD0006580,2024-04-06,20240406,CUS01906,2,EMP0029,InstaPay,Returned,18033.0,16580.0
ORD0006894,2024-04-06,20240406,CUS02932,9,EMP0145,Credit Card,Completed,2667.0,2040.0
ORD0006763,2024-04-07,20240407,CUS02914,15,,Cash,Completed,171.0,90.0
ORD0006003,2024-04-07,20240407,CUS00136,9,EMP0150,Vodafone Cash,Completed,3540.0,2950.0
ORD0003571,2024-04-07,20240407,CUS00605,6,EMP0113,  Cash  ,Completed,39646.0,33930.0
ORD0001269,2024-04-07,20240407,CUS02043,11,,Fawry,Completed,504.0,310.0
ORD0002762,2024-04-07,20240407,CUS00578,14,EMP0194,  Cash  ,Completed,396.0,220.0
ORD0003433,2024-04-07,20240407,CUS01067,12,EMP0180,Cash,Completed,444.0,210.0
ORD0010324,2024-04-07,20240407,CUS01239,4,EMP0083,Vodafone Cash,Completed,720.0,400.0
ORD0001293,2024-04-07,20240407,CUS00472,6,EMP0121,Cash,Completed,1338.0,670.0
ORD0002395,2024-04-07,20240407,CUS02829,9,EMP0149,  Debit Card  ,Completed,484.5,250.0
ORD0000112,2024-04-07,20240407,CUS00081,2,EMP0031,Cash,Completed,440.0,200.0
ORD0002543,2024-04-07,20240407,CUS01766,12,EMP0175,InstaPay,Completed,11493.0,8800.0
ORD0011455,2024-04-07,20240407,CUS00336,3,EMP0059,Credit Card,Completed,10090.0,8180.0
ORD0010194,2024-04-08,20240408,CUS02882,6,EMP0118,Credit Card,Completed,1924.0,1150.0
ORD0009146,2024-04-08,20240408,CUS00909,7,EMP0127,Debit Card,Completed,1197.5,610.0
ORD0010098,2024-04-08,20240408,CUS01883,1,,Vodafone Cash,Completed,475.0,250.0
ORD0010501,2024-04-08,20240408,CUS00478,2,EMP0032,  InstaPay  ,Completed,5516.0,2840.0
ORD0004333,2024-04-08,20240408,CUS01208,14,EMP0195,Vodafone Cash,Completed,1051.0,590.0
ORD0004281,2024-04-08,20240408,CUS02154,6,EMP0124,Vodafone Cash,Completed,105.0,70.0
ORD0009457,2024-04-08,20240408,CUS02593,2,EMP0054,Credit Card,Completed,105.0,70.0
ORD0007089,2024-04-08,20240408,CUS00519,10,EMP0159,Vodafone Cash,Completed,694.0,390.0
ORD0011963,2024-04-08,20240408,CUS02198,12,EMP0177,Vodafone Cash,Completed,992.0,550.0
ORD0006023,2024-04-08,20240408,CUS02082,5,EMP0097,Debit Card,Completed,2167.5,1260.0
ORD0006356,2024-04-08,20240408,CUS01950,10,EMP0155,InstaPay,Completed,736.0,410.0
ORD0007535,2024-04-09,20240409,CUS00488,6,EMP0120,  Credit Card  ,Completed,2585.0,1370.0
ORD0005450,2024-04-09,20240409,CUS01768,10,EMP0155,Cash,Completed,400.0,240.0
ORD0001190,2024-04-09,20240409,CUS00746,8,EMP0144,Vodafone Cash,Completed,275.5,130.0
ORD0005370,2024-04-09,20240409,CUS00143,1,,Debit Card,Completed,3993.5,1990.0
ORD0010012,2024-04-09,20240409,CUS00509,7,EMP0133,Debit Card,Returned,1607.0,860.0
ORD0002040,2024-04-09,20240409,CUS00410,13,EMP0187,Fawry,Completed,1340.0,660.0
ORD0009977,2024-04-09,20240409,CUS01774,1,EMP0027,InstaPay,Completed,5833.0,4820.0
ORD0001907,2024-04-09,20240409,CUS01657,14,EMP0196,Debit Card,Completed,160.0,70.0
ORD0003067,2024-04-09,20240409,CUS02271,5,EMP0111,InstaPay,Completed,312.0,180.0
ORD0006687,2024-04-09,20240409,CUS00395,3,EMP0069,Fawry,Completed,820.0,410.0
ORD0001259,2024-04-09,20240409,CUS02118,3,EMP0059,Debit Card,Completed,720.0,340.0
ORD0003090,2024-04-09,20240409,CUS01888,1,EMP0023,InstaPay,Completed,274.0,130.0
ORD0009804,2024-04-09,20240409,CUS02612,1,EMP0011,InstaPay,Completed,3337.0,1740.0
ORD0010597,2024-04-10,20240410,CUS02028,6,,Vodafone Cash,Returned,430.0,210.0
ORD0004220,2024-04-10,20240410,CUS02909,13,EMP0191,Credit Card,Completed,152.0,80.0
ORD0003902,2024-04-10,20240410,CUS00967,2,EMP0037,  Debit Card  ,Completed,17485.5,13370.0
ORD0005668,2024-04-10,20240410,CUS02427,2,EMP0053,Cash,Completed,1438.5,760.0
ORD0004748,2024-04-10,20240410,CUS01401,9,EMP0151,  Vodafone Cash  ,Cancelled,430.0,210.0
ORD0006128,2024-04-10,20240410,CUS00778,6,EMP0121,Fawry,Completed,1314.0,720.0
ORD0001433,2024-04-10,20240410,CUS00934,4,EMP0085,Fawry,Completed,351.5,180.0
ORD0006282,2024-04-10,20240410,CUS00744,14,EMP0198,Vodafone Cash,Completed,13118.0,12610.0
ORD0005034,2024-04-10,20240410,CUS01624,1,EMP0025,Debit Card,Completed,1782.0,920.0
ORD0001932,2024-04-11,20240411,CUS00244,3,EMP0068,InstaPay,Returned,306.0,160.0
ORD0011315,2024-04-11,20240411,CUS02814,10,EMP0162,  Fawry  ,Completed,654.0,310.0
ORD0006288,2024-04-11,20240411,CUS00628,11,EMP0173,Debit Card,Completed,480.0,230.0
ORD0006296,2024-04-11,20240411,CUS01531,13,EMP0192,  Cash  ,Returned,764.0,390.0
ORD0006892,2024-04-11,20240411,CUS02651,1,EMP0021,  Fawry  ,Completed,3293.0,1700.0
ORD0004577,2024-04-11,20240411,CUS00025,6,EMP0118,Cash,Completed,864.5,450.0
ORD0007863,2024-04-11,20240411,CUS02124,1,EMP0013,  Cash  ,Completed,510.0,300.0
ORD0010040,2024-04-11,20240411,CUS02003,11,EMP0165,  Fawry  ,Completed,11590.0,9800.0
ORD0010541,2024-04-11,20240411,CUS00013,4,EMP0082,Vodafone Cash,Returned,1212.0,620.0
ORD0009361,2024-04-12,20240412,CUS01220,10,EMP0161,InstaPay,Completed,1720.0,860.0
ORD0006228,2024-04-12,20240412,CUS02974,12,EMP0176,  Fawry  ,Completed,1405.0,740.0
ORD0000041,2024-04-12,20240412,CUS00092,2,EMP0033,InstaPay,Completed,2332.0,1190.0
ORD0007645,2024-04-12,20240412,CUS01323,2,EMP0032,Fawry,Completed,2040.0,1000.0
ORD0001868,2024-04-12,20240412,CUS00866,2,EMP0030,  Credit Card  ,Completed,1152.0,600.0
ORD0001634,2024-04-12,20240412,CUS00107,12,EMP0176,Credit Card,Returned,822.0,440.0
ORD0005479,2024-04-13,20240413,CUS00865,7,EMP0128,Debit Card,Completed,590.0,290.0
ORD0004605,2024-04-13,20240413,CUS00700,3,EMP0058,Credit Card,Completed,184.0,110.0
ORD0001010,2024-04-13,20240413,CUS02089,1,EMP0006,  Vodafone Cash  ,Completed,855.0,420.0
ORD0005971,2024-04-13,20240413,CUS00330,1,EMP0008,  Vodafone Cash  ,Completed,8671.0,6300.0
ORD0000172,2024-04-13,20240413,CUS00199,2,EMP0052,InstaPay,Completed,1222.0,610.0
ORD0004017,2024-04-13,20240413,CUS00210,2,EMP0051,  Vodafone Cash  ,Completed,610.0,300.0
ORD0006200,2024-04-13,20240413,CUS02965,6,EMP0116,Credit Card,Returned,1052.0,560.0
ORD0007581,2024-04-13,20240413,CUS01226,4,EMP0079,Debit Card,Completed,5351.5,4180.0
ORD0000377,2024-04-13,20240413,CUS02635,10,EMP0156,  Vodafone Cash  ,Completed,347.5,170.0
ORD0003537,2024-04-13,20240413,CUS02984,7,EMP0128,Fawry,Completed,560.0,280.0
ORD0009676,2024-04-13,20240413,CUS01273,10,EMP0160,Vodafone Cash,Completed,7070.0,8100.0
ORD0003136,2024-04-13,20240413,CUS01027,1,EMP0024,InstaPay,Completed,1760.0,860.0
ORD0000047,2024-04-14,20240414,CUS00542,4,EMP0084,Debit Card,Completed,750.0,480.0
ORD0005362,2024-04-14,20240414,CUS01003,1,EMP0011,Credit Card,Completed,18475.0,13980.0
ORD0001529,2024-04-14,20240414,CUS00167,6,EMP0121,InstaPay,Completed,19800.0,15800.0
ORD0011548,2024-04-14,20240414,CUS02126,6,EMP0115,Vodafone Cash,Completed,947.0,550.0
ORD0009562,2024-04-14,20240414,CUS02220,2,EMP0033,Cash,Completed,2375.0,2000.0
ORD0010132,2024-04-14,20240414,CUS02492,2,EMP0029,Cash,Returned,517.0,270.0
ORD0006922,2024-04-14,20240414,CUS01273,12,EMP0184,  Debit Card  ,Returned,2253.5,1200.0
ORD0000930,2024-04-14,20240414,CUS00052,1,EMP0027,Fawry,Completed,1848.0,910.0
ORD0011356,2024-04-15,20240415,CUS02377,4,EMP0084,Cash,Completed,170.0,90.0
ORD0002887,2024-04-15,20240415,CUS00662,6,EMP0113,Cash,Completed,2023.0,1090.0
ORD0011774,2024-04-15,20240415,CUS02409,5,EMP0105,Vodafone Cash,Completed,940.0,440.0
ORD0010686,2024-04-15,20240415,CUS00331,2,EMP0046,  Cash  ,Completed,560.0,280.0
ORD0004253,2024-04-15,20240415,CUS02335,2,EMP0042,Fawry,Cancelled,2269.0,1150.0
ORD0007244,2024-04-15,20240415,CUS02163,3,,Credit Card,Completed,1852.5,950.0
ORD0003953,2024-04-15,20240415,CUS02479,4,EMP0091,  Debit Card  ,Completed,10770.0,8400.0
ORD0002068,2024-04-15,20240415,CUS00901,3,EMP0059,InstaPay,Completed,637.5,360.0
ORD0000441,2024-04-15,20240415,CUS01653,3,EMP0063,Credit Card,Completed,1432.0,730.0
ORD0001343,2024-04-15,20240415,CUS02862,11,EMP0168,  InstaPay  ,Cancelled,1920.0,930.0
ORD0007222,2024-04-15,20240415,CUS00454,9,EMP0146,Fawry,Cancelled,21600.0,19200.0
ORD0005660,2024-04-15,20240415,CUS01879,12,EMP0174,  InstaPay  ,Completed,450.0,220.0
ORD0010928,2024-04-15,20240415,CUS02186,1,EMP0022,Cash,Completed,700.0,340.0
ORD0004586,2024-04-15,20240415,CUS00120,8,EMP0139,Debit Card,Completed,961.0,460.0
ORD0003679,2024-04-16,20240416,CUS02690,6,EMP0118,  Fawry  ,Completed,133.0,70.0
ORD0011416,2024-04-16,20240416,CUS01484,7,EMP0131,Cash,Completed,2856.0,1890.0
ORD0004453,2024-04-16,20240416,CUS01017,3,EMP0073,Fawry,Completed,42240.0,42000.0
ORD0001437,2024-04-16,20240416,CUS00570,3,EMP0067,  Debit Card  ,Completed,1072.0,640.0
ORD0001681,2024-04-16,20240416,CUS02269,3,EMP0074,Cash,Completed,180.0,80.0
ORD0000384,2024-04-16,20240416,CUS00749,2,EMP0037,Cash,Completed,622.5,280.0
ORD0004401,2024-04-16,20240416,CUS02251,1,EMP0010,Debit Card,Completed,189.0,100.0
ORD0009300,2024-04-16,20240416,CUS00069,3,EMP0065,Vodafone Cash,Completed,228.0,110.0
ORD0006762,2024-04-16,20240416,CUS00102,2,EMP0052,  Cash  ,Completed,706.0,380.0
ORD0004286,2024-04-16,20240416,CUS01657,5,EMP0095,Cash,Returned,5640.0,4270.0
ORD0000423,2024-04-16,20240416,CUS01184,10,EMP0162,Vodafone Cash,Cancelled,6925.0,4960.0
ORD0007689,2024-04-16,20240416,CUS02316,11,EMP0164,Cash,Returned,15300.0,12000.0
ORD0001879,2024-04-16,20240416,CUS02327,3,EMP0061,Fawry,Completed,1170.0,570.0
ORD0009514,2024-04-16,20240416,CUS02938,5,EMP0096,Credit Card,Completed,952.0,470.0
ORD0010254,2024-04-17,20240417,CUS00368,3,EMP0071,  Fawry  ,Returned,10212.0,9000.0
ORD0006559,2024-04-17,20240417,CUS01023,8,,Cash,Completed,16938.0,14960.0
ORD0001804,2024-04-17,20240417,CUS02353,2,EMP0036,Fawry,Completed,1013.0,510.0
ORD0002605,2024-04-17,20240417,CUS00686,1,EMP0017,Vodafone Cash,Completed,1440.0,700.0
ORD0001025,2024-04-17,20240417,CUS00450,7,EMP0132,InstaPay,Returned,2114.0,1070.0
ORD0011098,2024-04-17,20240417,CUS00296,15,EMP0207,InstaPay,Completed,95.0,40.0
ORD0002187,2024-04-17,20240417,CUS00636,8,EMP0137,Debit Card,Completed,412.0,210.0
ORD0005383,2024-04-17,20240417,CUS00701,7,,InstaPay,Completed,3604.0,1870.0
ORD0006789,2024-04-17,20240417,CUS00112,5,EMP0108,InstaPay,Completed,3590.0,2370.0
ORD0011275,2024-04-17,20240417,CUS02731,2,EMP0033,  Fawry  ,Completed,2537.0,1860.0
ORD0008800,2024-04-17,20240417,CUS01621,4,EMP0093,Vodafone Cash,Completed,1105.0,610.0
ORD0009691,2024-04-17,20240417,CUS00990,6,EMP0123,Debit Card,Completed,4930.0,4210.0
ORD0010630,2024-04-17,20240417,CUS01010,15,EMP0208,InstaPay,Completed,105.0,70.0
ORD0006732,2024-04-17,20240417,CUS02474,10,EMP0163,Debit Card,Completed,940.0,460.0
ORD0011061,2024-04-18,20240418,CUS01399,10,EMP0155,  Vodafone Cash  ,Completed,38955.0,36280.0
ORD0011586,2024-04-18,20240418,CUS02936,3,EMP0077,InstaPay,Completed,2700.0,2400.0
ORD0000314,2024-04-18,20240418,CUS01543,1,EMP0023,InstaPay,Completed,2496.0,1590.0
ORD0005619,2024-04-18,20240418,CUS00410,1,EMP0024,Debit Card,Completed,814.0,400.0
ORD0011509,2024-04-18,20240418,CUS02229,14,EMP0197,Fawry,Completed,744.5,370.0
ORD0007720,2024-04-18,20240418,CUS00149,2,EMP0053,Cash,Completed,1213.0,620.0
ORD0006084,2024-04-18,20240418,CUS01916,10,EMP0152,Cash,Completed,530.5,290.0
ORD0010389,2024-04-18,20240418,CUS02084,7,EMP0135,  Fawry  ,Completed,76.5,40.0
ORD0001145,2024-04-19,20240419,CUS00662,13,EMP0191,  Debit Card  ,Completed,1548.0,940.0
ORD0011293,2024-04-19,20240419,CUS02195,2,EMP0033,Cash,Completed,1501.0,790.0
ORD0002007,2024-04-19,20240419,CUS01856,10,EMP0158,InstaPay,Completed,770.0,380.0
ORD0011304,2024-04-19,20240419,CUS00287,2,EMP0052,Fawry,Returned,85.0,50.0
ORD0008837,2024-04-19,20240419,CUS02429,6,EMP0124,Cash,Completed,490.0,250.0
ORD0008726,2024-04-19,20240419,CUS00028,4,EMP0094,InstaPay,Completed,152.0,70.0
ORD0006085,2024-04-19,20240419,CUS02281,3,EMP0056,InstaPay,Completed,85.0,40.0
ORD0001395,2024-04-19,20240419,CUS00965,14,EMP0197,Cash,Completed,1070.0,530.0
ORD0009321,2024-04-20,20240420,CUS01035,4,EMP0085,Fawry,Completed,230.0,110.0
ORD0001697,2024-04-20,20240420,CUS02700,5,EMP0098,Fawry,Completed,24700.0,19340.0
ORD0000937,2024-04-20,20240420,CUS01650,4,,Debit Card,Completed,5310.0,4700.0
ORD0003091,2024-04-20,20240420,CUS00967,4,EMP0092,  Debit Card  ,Completed,460.0,220.0
ORD0009962,2024-04-20,20240420,CUS00060,1,EMP0006,InstaPay,Completed,432.0,230.0
ORD0010861,2024-04-20,20240420,CUS01936,3,EMP0071,Debit Card,Returned,1031.0,520.0
ORD0005569,2024-04-20,20240420,CUS00688,4,EMP0086,Fawry,Completed,1381.5,770.0
ORD0011925,2024-04-20,20240420,CUS00427,5,EMP0103,Credit Card,Completed,683.0,350.0
ORD0011995,2024-04-21,20240421,CUS00496,10,EMP0153,Cash,Completed,2774.5,1370.0
ORD0007526,2024-04-21,20240421,CUS01945,10,EMP0160,Vodafone Cash,Returned,144.0,80.0
ORD0011247,2024-04-21,20240421,CUS02976,1,EMP0012,Fawry,Completed,437.0,230.0
ORD0000989,2024-04-21,20240421,CUS00132,3,EMP0060,InstaPay,Completed,12628.0,10000.0
ORD0010127,2024-04-21,20240421,CUS01519,2,EMP0033,Vodafone Cash,Completed,330.0,160.0
ORD0003710,2024-04-21,20240421,CUS01954,13,EMP0188,Credit Card,Returned,755.0,440.0
ORD0004927,2024-04-21,20240421,CUS01989,12,EMP0176,Credit Card,Completed,5490.0,4900.0
ORD0010787,2024-04-21,20240421,CUS02013,8,EMP0137,Debit Card,Completed,1115.0,560.0
ORD0001204,2024-04-21,20240421,CUS00652,14,EMP0194,Cash,Completed,1912.0,970.0
ORD0004606,2024-04-21,20240421,CUS00911,7,EMP0130,Debit Card,Cancelled,18276.0,15770.0
ORD0007057,2024-04-22,20240422,CUS00291,4,EMP0080,Credit Card,Completed,774.0,370.0
ORD0010162,2024-04-22,20240422,CUS02571,6,EMP0123,  Credit Card  ,Completed,180.0,80.0
ORD0001795,2024-04-22,20240422,CUS00850,3,EMP0070,Cash,Returned,1965.5,1440.0
ORD0002311,2024-04-22,20240422,CUS01307,3,EMP0057,Debit Card,Completed,160.0,70.0
ORD0002264,2024-04-22,20240422,CUS00732,1,EMP0019,Credit Card,Completed,1854.0,1060.0
ORD0008370,2024-04-22,20240422,CUS02341,13,EMP0189,Cash,Completed,11200.0,9000.0
ORD0009954,2024-04-22,20240422,CUS00330,3,EMP0061,InstaPay,Completed,180.0,80.0
ORD0004485,2024-04-22,20240422,CUS00679,4,EMP0079,Credit Card,Completed,2046.5,1010.0
ORD0006392,2024-04-22,20240422,CUS01480,15,EMP0211,Fawry,Completed,520.0,250.0
ORD0003671,2024-04-22,20240422,CUS00006,3,EMP0075,Vodafone Cash,Completed,1713.0,960.0
ORD0010532,2024-04-22,20240422,CUS00949,4,EMP0086,Vodafone Cash,Completed,230.0,110.0
ORD0000564,2024-04-22,20240422,CUS02261,4,EMP0080,Vodafone Cash,Completed,2734.0,1470.0
ORD0004524,2024-04-22,20240422,CUS01953,9,EMP0148,Credit Card,Completed,5200.0,4090.0
ORD0004968,2024-04-22,20240422,CUS02665,1,EMP0024,  Fawry  ,Cancelled,6070.0,4530.0
ORD0005436,2024-04-23,20240423,CUS02625,2,EMP0046,Credit Card,Returned,615.0,280.0
ORD0011823,2024-04-23,20240423,CUS00099,3,EMP0062,InstaPay,Completed,11060.0,9840.0
ORD0007463,2024-04-23,20240423,CUS00879,15,EMP0216,Cash,Completed,171.0,80.0
ORD0000093,2024-04-23,20240423,CUS00755,4,EMP0089,Fawry,Completed,240.0,120.0
ORD0010183,2024-04-23,20240423,CUS01645,1,EMP0015,Fawry,Completed,71347.0,64720.0
ORD0008328,2024-04-23,20240423,CUS00714,1,EMP0002,Cash,Returned,915.0,510.0
ORD0006121,2024-04-23,20240423,CUS02929,12,EMP0179,Debit Card,Completed,1378.0,720.0
ORD0007197,2024-04-23,20240423,CUS01043,9,EMP0147,Credit Card,Completed,130.0,60.0
ORD0011104,2024-04-23,20240423,CUS02128,3,EMP0061,Debit Card,Completed,810.0,420.0
ORD0009397,2024-04-23,20240423,CUS01319,6,EMP0124,Vodafone Cash,Completed,2490.0,1230.0
ORD0010800,2024-04-23,20240423,CUS00630,11,EMP0171,  InstaPay  ,Completed,961.5,530.0
ORD0001693,2024-04-23,20240423,CUS02822,3,,Credit Card,Completed,5600.0,4500.0
ORD0001591,2024-04-24,20240424,CUS02161,6,EMP0116,Vodafone Cash,Completed,225.0,150.0
ORD0011621,2024-04-24,20240424,CUS01450,12,EMP0176,Debit Card,Completed,401.0,180.0
ORD0006422,2024-04-24,20240424,CUS00621,5,EMP0108,Fawry,Completed,150.0,70.0
ORD0000190,2024-04-24,20240424,CUS00736,10,EMP0159,InstaPay,Completed,53666.0,45130.0
ORD0007146,2024-04-24,20240424,CUS01267,10,EMP0162,  Credit Card  ,Completed,2930.0,1550.0
ORD0003945,2024-04-24,20240424,CUS00179,6,EMP0124,Fawry,Completed,1890.0,1050.0
ORD0007406,2024-04-24,20240424,CUS01521,2,EMP0035,Debit Card,Completed,1272.0,650.0
ORD0001136,2024-04-25,20240425,CUS00271,1,EMP0026,Cash,Completed,272.0,170.0
ORD0002044,2024-04-25,20240425,CUS00373,7,EMP0134,Credit Card,Completed,777.0,390.0
ORD0008903,2024-04-25,20240425,CUS00162,8,EMP0143,InstaPay,Completed,708.5,430.0
ORD0004729,2024-04-25,20240425,CUS02997,14,EMP0195,Debit Card,Returned,260.0,120.0
ORD0008197,2024-04-25,20240425,CUS01205,11,EMP0170,Debit Card,Completed,960.0,480.0
ORD0006547,2024-04-25,20240425,CUS00418,2,EMP0053,Cash,Completed,912.0,480.0
ORD0011524,2024-04-25,20240425,CUS02518,2,EMP0034,Fawry,Completed,750.0,380.0
ORD0006100,2024-04-25,20240425,CUS00072,3,EMP0073,Vodafone Cash,Completed,133.0,70.0
ORD0005708,2024-04-25,20240425,CUS00195,5,EMP0106,Credit Card,Completed,16822.0,14340.0
ORD0002936,2024-04-26,20240426,CUS00959,9,EMP0149,Debit Card,Completed,13523.0,10660.0
ORD0008038,2024-04-26,20240426,CUS02648,2,EMP0046,  InstaPay  ,Completed,387.0,210.0
ORD0001783,2024-04-26,20240426,CUS02134,6,EMP0121,Vodafone Cash,Completed,18221.0,14370.0
ORD0004192,2024-04-26,20240426,CUS02331,5,EMP0098,Fawry,Completed,450.0,210.0
ORD0010242,2024-04-26,20240426,CUS01598,1,EMP0027,Fawry,Completed,405.0,270.0
ORD0005376,2024-04-26,20240426,CUS01533,4,EMP0081,  Fawry  ,Returned,300.0,150.0
ORD0011405,2024-04-26,20240426,CUS00423,5,,InstaPay,Completed,1836.0,1020.0
ORD0010759,2024-04-26,20240426,CUS00093,2,EMP0035,Fawry,Cancelled,2151.0,1180.0
ORD0001587,2024-04-26,20240426,CUS02013,4,,Debit Card,Completed,13420.0,11270.0
ORD0000728,2024-04-26,20240426,CUS01599,1,EMP0002,Credit Card,Completed,240.0,140.0
ORD0003249,2024-04-26,20240426,CUS01565,9,EMP0149,Vodafone Cash,Completed,376.0,230.0
ORD0010051,2024-04-26,20240426,CUS02443,13,EMP0186,Credit Card,Completed,1408.0,720.0
ORD0009875,2024-04-26,20240426,CUS01137,14,EMP0195,Debit Card,Completed,2123.0,1080.0
ORD0003723,2024-04-26,20240426,CUS01482,11,,  Cash  ,Completed,1051.5,510.0
ORD0005170,2024-04-26,20240426,CUS01057,2,EMP0045,  Vodafone Cash  ,Completed,380.0,180.0
ORD0007050,2024-04-26,20240426,CUS00301,15,EMP0215,Credit Card,Completed,426.0,210.0
ORD0010478,2024-04-26,20240426,CUS01260,8,EMP0138,Fawry,Completed,536.0,300.0
ORD0007886,2024-04-27,20240427,CUS01864,8,EMP0138,Vodafone Cash,Completed,3400.0,1660.0
ORD0008948,2024-04-27,20240427,CUS01252,3,,Debit Card,Completed,140.0,70.0
ORD0005293,2024-04-27,20240427,CUS01581,1,EMP0017,Cash,Returned,144.0,70.0
ORD0011418,2024-04-27,20240427,CUS02896,6,EMP0116,InstaPay,Completed,1682.0,940.0
ORD0000820,2024-04-27,20240427,CUS00863,5,EMP0106,Fawry,Completed,1502.0,730.0
ORD0011152,2024-04-27,20240427,CUS00166,12,EMP0182,Vodafone Cash,Completed,236.5,110.0
ORD0006724,2024-04-27,20240427,CUS02958,9,EMP0148,  Debit Card  ,Completed,268.0,130.0
ORD0006079,2024-04-27,20240427,CUS00953,9,EMP0145,Debit Card,Completed,446.5,230.0
ORD0004205,2024-04-27,20240427,CUS01208,14,EMP0203,Cash,Completed,659.0,360.0
ORD0002728,2024-04-27,20240427,CUS00919,1,EMP0016,  Vodafone Cash  ,Completed,11830.0,9460.0
ORD0004006,2024-04-28,20240428,CUS01657,3,EMP0076,Credit Card,Completed,3852.0,2810.0
ORD0007030,2024-04-28,20240428,CUS01307,7,EMP0133,  Debit Card  ,Completed,1344.0,670.0
ORD0003238,2024-04-28,20240428,CUS01144,7,EMP0131,Vodafone Cash,Completed,2089.0,1050.0
ORD0005233,2024-04-28,20240428,CUS02899,11,EMP0171,  Credit Card  ,Completed,2380.0,1160.0
ORD0002474,2024-04-28,20240428,CUS01363,8,EMP0137,Credit Card,Completed,1299.0,650.0
ORD0000580,2024-04-28,20240428,CUS02561,5,EMP0112,Cash,Completed,370.0,180.0
ORD0006784,2024-04-28,20240428,CUS02804,14,EMP0202,InstaPay,Completed,1152.0,650.0
ORD0007401,2024-04-28,20240428,CUS01636,2,EMP0054,InstaPay,Completed,2552.0,1390.0
ORD0008727,2024-04-28,20240428,CUS00542,2,,Cash,Completed,140.0,70.0
ORD0003047,2024-04-28,20240428,CUS01404,1,EMP0010,Cash,Returned,15900.0,12700.0
ORD0005126,2024-04-28,20240428,CUS02419,1,EMP0017,InstaPay,Completed,351.5,180.0
ORD0010063,2024-04-28,20240428,CUS00663,2,EMP0046,Cash,Completed,1428.0,1000.0
ORD0009795,2024-04-29,20240429,CUS01087,4,EMP0092,Fawry,Completed,18360.0,16000.0
ORD0009109,2024-04-29,20240429,CUS02195,4,EMP0084,InstaPay,Returned,703.0,360.0
ORD0001530,2024-04-29,20240429,CUS02911,2,EMP0036,InstaPay,Completed,4340.0,2350.0
ORD0005671,2024-04-29,20240429,CUS01831,14,EMP0203,InstaPay,Completed,312.0,180.0
ORD0010034,2024-04-29,20240429,CUS00521,1,EMP0006,Fawry,Completed,1642.5,1090.0
ORD0010366,2024-04-29,20240429,CUS00264,6,EMP0126,InstaPay,Completed,3483.5,1800.0
ORD0002067,2024-04-29,20240429,CUS00103,4,EMP0079,InstaPay,Completed,616.0,380.0
ORD0001684,2024-04-29,20240429,CUS01524,3,EMP0069,  Cash  ,Completed,539.0,270.0
ORD0000304,2024-04-29,20240429,CUS02413,3,EMP0071,InstaPay,Completed,300.0,140.0
ORD0010545,2024-04-30,20240430,CUS01132,2,EMP0037,  InstaPay  ,Completed,1296.0,680.0
ORD0003894,2024-04-30,20240430,CUS01163,3,EMP0063,Credit Card,Completed,357.0,210.0
ORD0011783,2024-04-30,20240430,CUS01552,12,EMP0175,InstaPay,Completed,1080.0,680.0
ORD0001647,2024-04-30,20240430,CUS01924,8,EMP0144,Debit Card,Returned,3220.0,2090.0
ORD0004463,2024-04-30,20240430,CUS01994,13,EMP0190,Vodafone Cash,Completed,1150.0,550.0
ORD0003134,2024-04-30,20240430,CUS00262,1,EMP0003,Credit Card,Completed,10000.0,8000.0
ORD0002353,2024-04-30,20240430,CUS01784,3,EMP0058,Cash,Completed,1221.0,620.0
ORD0002000,2024-04-30,20240430,CUS00363,6,EMP0122,Debit Card,Completed,3790.0,2960.0
ORD0010036,2024-05-01,20240501,CUS00926,8,EMP0143,Debit Card,Returned,900.0,450.0
ORD0003567,2024-05-01,20240501,CUS01220,8,EMP0143,Cash,Completed,4129.5,2030.0
ORD0005156,2024-05-01,20240501,CUS02059,2,EMP0048,  Vodafone Cash  ,Returned,1051.0,550.0
ORD0007394,2024-05-01,20240501,CUS01058,5,EMP0102,Fawry,Completed,256.0,160.0
ORD0011117,2024-05-01,20240501,CUS02429,3,EMP0069,Debit Card,Completed,3171.5,1670.0
ORD0001436,2024-05-01,20240501,CUS01332,3,EMP0062,  Fawry  ,Completed,480.0,230.0
ORD0007939,2024-05-01,20240501,CUS01767,1,EMP0018,Debit Card,Completed,25290.0,21750.0
ORD0006461,2024-05-01,20240501,CUS01431,8,EMP0139,  Vodafone Cash  ,Completed,304.0,140.0
ORD0004522,2024-05-02,20240502,CUS02969,5,EMP0112,Debit Card,Completed,1440.0,720.0
ORD0006160,2024-05-02,20240502,CUS01410,4,EMP0092,Fawry,Completed,5576.0,4490.0
ORD0007361,2024-05-02,20240502,CUS02789,12,EMP0178,Vodafone Cash,Completed,320.0,160.0
ORD0010203,2024-05-02,20240502,CUS00445,6,EMP0121,  Debit Card  ,Completed,11800.0,9400.0
ORD0007961,2024-05-02,20240502,CUS01258,3,EMP0072,Fawry,Completed,10323.0,10730.0
ORD0001054,2024-05-02,20240502,CUS01605,6,EMP0125,Credit Card,Completed,948.0,510.0
ORD0000142,2024-05-03,20240503,CUS02112,13,EMP0190,InstaPay,Completed,701.5,350.0
ORD0001656,2024-05-03,20240503,CUS00817,2,EMP0050,Cash,Completed,13638.0,10940.0
ORD0008329,2024-05-03,20240503,CUS00607,11,EMP0173,Credit Card,Completed,2081.0,1160.0
ORD0002554,2024-05-03,20240503,CUS01908,6,EMP0122,InstaPay,Completed,1992.0,1040.0
ORD0001615,2024-05-03,20240503,CUS00710,2,EMP0044,  Cash  ,Returned,612.0,350.0
ORD0011103,2024-05-03,20240503,CUS02132,3,EMP0061,Debit Card,Completed,800.0,390.0
ORD0001939,2024-05-03,20240503,CUS02517,10,EMP0160,Cash,Completed,433.5,250.0
ORD0002316,2024-05-03,20240503,CUS01257,4,EMP0092,Cash,Completed,1120.0,560.0
ORD0002951,2024-05-03,20240503,CUS02437,2,EMP0045,Debit Card,Completed,140.0,70.0
ORD0004525,2024-05-03,20240503,CUS01108,3,EMP0066,Cash,Completed,813.0,380.0
ORD0010015,2024-05-03,20240503,CUS01725,14,EMP0197,Cash,Completed,323.0,180.0
ORD0009631,2024-05-03,20240503,CUS02163,5,EMP0102,Debit Card,Cancelled,765.0,420.0
ORD0011237,2024-05-03,20240503,CUS02550,14,EMP0201,Vodafone Cash,Completed,234.0,120.0
ORD0000182,2024-05-03,20240503,CUS00368,3,EMP0068,Debit Card,Completed,2197.0,1340.0
ORD0005724,2024-05-03,20240503,CUS02318,4,EMP0085,  Debit Card  ,Completed,2304.0,1240.0
ORD0003040,2024-05-04,20240504,CUS00490,12,EMP0178,Credit Card,Completed,176.0,100.0
ORD0001954,2024-05-04,20240504,CUS01644,8,EMP0140,Fawry,Completed,692.0,400.0
ORD0011391,2024-05-04,20240504,CUS00219,1,EMP0021,Debit Card,Completed,13578.0,10510.0
ORD0007427,2024-05-04,20240504,CUS02833,3,EMP0071,Cash,Completed,360.0,180.0
ORD0006816,2024-05-04,20240504,CUS02395,8,EMP0143,Vodafone Cash,Completed,600.0,280.0
ORD0010451,2024-05-04,20240504,CUS00574,10,EMP0160,Fawry,Cancelled,588.5,330.0
ORD0004359,2024-05-05,20240505,CUS02442,2,EMP0051,  Fawry  ,Completed,12309.0,9300.0
ORD0002130,2024-05-05,20240505,CUS01427,12,EMP0178,InstaPay,Completed,724.0,380.0
ORD0005853,2024-05-05,20240505,CUS01848,1,EMP0026,Debit Card,Completed,480.0,240.0
ORD0001683,2024-05-05,20240505,CUS01368,14,EMP0198,  Credit Card  ,Completed,864.0,480.0
ORD0004850,2024-05-05,20240505,CUS01029,1,EMP0013,InstaPay,Completed,27911.0,27320.0
ORD0004217,2024-05-05,20240505,CUS02716,6,EMP0118,Debit Card,Completed,126.0,60.0
ORD0001778,2024-05-05,20240505,CUS00633,3,EMP0065,  Debit Card  ,Completed,23294.0,18890.0
ORD0004811,2024-05-05,20240505,CUS01798,2,EMP0041,Debit Card,Completed,380.0,180.0
ORD0011339,2024-05-05,20240505,CUS01385,3,EMP0065,Vodafone Cash,Completed,14665.0,12240.0
ORD0002219,2024-05-05,20240505,CUS01210,2,EMP0043,Debit Card,Completed,230.0,110.0
ORD0000585,2024-05-05,20240505,CUS00770,4,EMP0088,Fawry,Completed,1429.5,840.0
ORD0011620,2024-05-05,20240505,CUS00214,5,EMP0100,Vodafone Cash,Completed,1440.0,710.0
ORD0005694,2024-05-05,20240505,CUS01983,1,EMP0011,Cash,Completed,688.0,360.0
ORD0002927,2024-05-05,20240505,CUS02069,10,,InstaPay,Completed,520.0,240.0
ORD0005091,2024-05-05,20240505,CUS00514,12,EMP0176,Vodafone Cash,Completed,871.5,470.0
ORD0002846,2024-05-05,20240505,CUS02571,2,EMP0053,InstaPay,Returned,1600.0,1400.0
ORD0008949,2024-05-05,20240505,CUS02139,5,EMP0095,Cash,Completed,189.0,100.0
ORD0004563,2024-05-06,20240506,CUS00812,1,EMP0002,Fawry,Completed,18524.0,15310.0
ORD0000298,2024-05-06,20240506,CUS00466,1,EMP0028,Vodafone Cash,Completed,513.0,260.0
ORD0007781,2024-05-06,20240506,CUS02368,14,EMP0203,InstaPay,Completed,1615.0,1290.0
ORD0009873,2024-05-06,20240506,CUS02657,3,EMP0074,InstaPay,Completed,230.0,110.0
ORD0009131,2024-05-06,20240506,CUS01488,6,EMP0115,InstaPay,Completed,180.0,80.0
ORD0002598,2024-05-06,20240506,CUS02392,8,EMP0143,InstaPay,Completed,905.0,470.0
ORD0009906,2024-05-06,20240506,CUS00536,6,EMP0125,  Debit Card  ,Completed,1463.0,1110.0
ORD0001340,2024-05-06,20240506,CUS00657,2,EMP0053,  Vodafone Cash  ,Completed,2534.0,1370.0
ORD0007615,2024-05-06,20240506,CUS01068,4,EMP0093,InstaPay,Completed,392.0,240.0
ORD0009304,2024-05-06,20240506,CUS02102,7,EMP0130,InstaPay,Completed,250.0,120.0
ORD0003052,2024-05-06,20240506,CUS02446,14,EMP0194,Vodafone Cash,Completed,960.0,480.0
ORD0011111,2024-05-06,20240506,CUS02605,11,EMP0172,Cash,Cancelled,382.5,220.0
ORD0005711,2024-05-06,20240506,CUS00445,11,EMP0171,Debit Card,Completed,300.0,140.0
ORD0010039,2024-05-06,20240506,CUS00299,7,EMP0135,Credit Card,Completed,39600.0,31500.0
ORD0007555,2024-05-06,20240506,CUS02500,10,EMP0155,Vodafone Cash,Completed,630.0,350.0
ORD0000561,2024-05-07,20240507,CUS00562,3,EMP0057,Cash,Completed,837.0,440.0
ORD0008878,2024-05-07,20240507,CUS00816,4,EMP0083,Cash,Completed,1752.0,870.0
ORD0010716,2024-05-07,20240507,CUS02059,2,EMP0037,Debit Card,Completed,775.5,420.0
ORD0010959,2024-05-07,20240507,CUS02235,7,EMP0135,Cash,Completed,342.0,180.0
ORD0009649,2024-05-07,20240507,CUS01254,8,EMP0138,Vodafone Cash,Completed,1005.5,650.0
ORD0011320,2024-05-07,20240507,CUS02777,1,EMP0002,Fawry,Cancelled,536.0,320.0
ORD0008944,2024-05-07,20240507,CUS02323,12,EMP0178,Vodafone Cash,Returned,1562.0,1440.0
ORD0002639,2024-05-07,20240507,CUS02751,1,EMP0006,  Credit Card  ,Completed,1639.0,990.0
ORD0010121,2024-05-07,20240507,CUS00993,7,EMP0134,InstaPay,Completed,452.0,230.0
ORD0000166,2024-05-07,20240507,CUS00191,5,EMP0111,Vodafone Cash,Completed,16518.0,12740.0
ORD0009234,2024-05-07,20240507,CUS00311,2,EMP0054,Vodafone Cash,Completed,3999.0,2100.0
ORD0003656,2024-05-07,20240507,CUS01079,4,EMP0081,InstaPay,Completed,1271.5,670.0
ORD0006044,2024-05-07,20240507,CUS02662,2,EMP0034,Fawry,Completed,836.0,410.0
ORD0011300,2024-05-07,20240507,CUS00494,8,EMP0141,Cash,Completed,363.0,200.0
ORD0005941,2024-05-07,20240507,CUS00487,4,EMP0085,Cash,Returned,2717.5,1470.0
ORD0001974,2024-05-08,20240508,CUS01013,8,EMP0144,Debit Card,Completed,771.5,450.0
ORD0004707,2024-05-08,20240508,CUS02634,5,EMP0107,Credit Card,Cancelled,128.0,80.0
ORD0010732,2024-05-08,20240508,CUS00942,3,EMP0061,InstaPay,Completed,680.0,360.0
ORD0005304,2024-05-08,20240508,CUS02106,2,EMP0048,Debit Card,Completed,2858.5,1750.0
ORD0008407,2024-05-08,20240508,CUS01291,2,EMP0040,InstaPay,Completed,790.0,390.0
ORD0010677,2024-05-08,20240508,CUS01610,3,EMP0058,Fawry,Returned,5920.0,5040.0
ORD0006486,2024-05-08,20240508,CUS02054,6,EMP0118,Credit Card,Returned,828.0,450.0
ORD0004971,2024-05-08,20240508,CUS02068,15,EMP0216,InstaPay,Completed,2768.0,1570.0
ORD0002156,2024-05-08,20240508,CUS02973,3,EMP0056,Credit Card,Returned,828.0,430.0
ORD0000344,2024-05-08,20240508,CUS00784,2,EMP0032,InstaPay,Returned,6000.0,4800.0
ORD0001986,2024-05-09,20240509,CUS00334,2,EMP0048,InstaPay,Returned,342.0,170.0
ORD0000831,2024-05-09,20240509,CUS01560,3,,  Cash  ,Completed,880.0,440.0
ORD0004497,2024-05-09,20240509,CUS02048,1,EMP0026,Vodafone Cash,Completed,5252.0,4140.0
ORD0003838,2024-05-09,20240509,CUS02622,6,EMP0123,Vodafone Cash,Returned,50397.0,40030.0
ORD0009122,2024-05-09,20240509,CUS02901,4,EMP0086,Fawry,Completed,700.0,390.0
ORD0000698,2024-05-09,20240509,CUS00453,7,EMP0132,  InstaPay  ,Completed,1850.0,1000.0
ORD0003349,2024-05-09,20240509,CUS01123,6,EMP0118,Cash,Completed,4504.0,2210.0
ORD0011701,2024-05-09,20240509,CUS01185,15,EMP0216,Debit Card,Completed,4513.0,3230.0
ORD0003660,2024-05-09,20240509,CUS02699,3,EMP0074,Credit Card,Completed,600.0,280.0
ORD0005435,2024-05-09,20240509,CUS02306,14,EMP0195,  Cash  ,Completed,576.0,340.0
ORD0010831,2024-05-10,20240510,CUS00973,4,EMP0083,Vodafone Cash,Completed,437.0,220.0
ORD0009965,2024-05-10,20240510,CUS01703,1,EMP0017,Credit Card,Completed,999.0,540.0
ORD0007258,2024-05-10,20240510,CUS01490,5,EMP0099,Credit Card,Completed,229.5,120.0
ORD0008539,2024-05-10,20240510,CUS01174,6,EMP0117,  Debit Card  ,Completed,488.0,300.0
ORD0003845,2024-05-10,20240510,CUS00671,13,EMP0186,Debit Card,Completed,729.0,390.0
ORD0004227,2024-05-10,20240510,CUS02716,12,EMP0176,Credit Card,Returned,2154.0,1190.0
ORD0001467,2024-05-10,20240510,CUS02152,1,EMP0022,Fawry,Returned,280.0,120.0
ORD0005777,2024-05-10,20240510,CUS00967,15,,Credit Card,Completed,2922.0,1450.0
ORD0006107,2024-05-10,20240510,CUS01937,2,EMP0048,Credit Card,Completed,1287.0,630.0
ORD0006328,2024-05-11,20240511,CUS01573,2,EMP0051,Debit Card,Completed,873.0,480.0
ORD0000505,2024-05-11,20240511,CUS01427,13,EMP0190,  Vodafone Cash  ,Completed,189.0,100.0
ORD0004469,2024-05-11,20240511,CUS01743,6,EMP0123,Cash,Completed,940.0,460.0
ORD0011010,2024-05-11,20240511,CUS01033,15,EMP0214,Fawry,Completed,160.0,70.0
ORD0006058,2024-05-11,20240511,CUS02523,2,,  Vodafone Cash  ,Completed,10314.0,10720.0
ORD0010903,2024-05-11,20240511,CUS00123,6,EMP0119,Fawry,Completed,720.0,340.0
ORD0010689,2024-05-11,20240511,CUS01307,3,EMP0078,Debit Card,Completed,550.0,270.0
ORD0007006,2024-05-11,20240511,CUS02763,12,EMP0175,Cash,Completed,1454.0,770.0
ORD0011274,2024-05-11,20240511,CUS01847,3,EMP0067,Debit Card,Completed,434.0,250.0
ORD0002246,2024-05-12,20240512,CUS01483,6,EMP0126,Vodafone Cash,Completed,662.0,310.0
ORD0010977,2024-05-12,20240512,CUS02961,6,EMP0120,  Fawry  ,Completed,270.0,130.0
ORD0002746,2024-05-12,20240512,CUS02006,8,EMP0139,Vodafone Cash,Completed,20559.0,18010.0
ORD0009738,2024-05-12,20240512,CUS01638,6,EMP0118,InstaPay,Completed,1950.0,990.0
ORD0009095,2024-05-12,20240512,CUS00883,6,EMP0126,  Debit Card  ,Completed,144.0,70.0
ORD0005979,2024-05-12,20240512,CUS00583,7,EMP0133,  InstaPay  ,Completed,300.0,140.0
ORD0006942,2024-05-12,20240512,CUS00968,1,EMP0026,Cash,Completed,1472.5,810.0
ORD0005226,2024-05-12,20240512,CUS00912,5,EMP0097,Fawry,Completed,12200.0,9800.0
ORD0006516,2024-05-12,20240512,CUS00316,2,EMP0031,  Vodafone Cash  ,Completed,396.0,220.0
ORD0003903,2024-05-12,20240512,CUS00008,1,EMP0022,Fawry,Completed,2615.0,1470.0
ORD0006408,2024-05-12,20240512,CUS01227,5,EMP0098,Credit Card,Completed,161.5,90.0
ORD0007478,2024-05-12,20240512,CUS01841,1,EMP0028,Fawry,Returned,936.0,500.0
ORD0005198,2024-05-12,20240512,CUS02719,3,EMP0073,Debit Card,Completed,960.0,460.0
ORD0004956,2024-05-12,20240512,CUS02945,5,EMP0112,Vodafone Cash,Completed,8981.5,8540.0
ORD0005347,2024-05-12,20240512,CUS00894,11,EMP0168,Debit Card,Completed,646.0,360.0
ORD0006234,2024-05-12,20240512,CUS00710,4,EMP0084,Vodafone Cash,Completed,557.0,320.0
ORD0004544,2024-05-12,20240512,CUS01281,15,EMP0206,  Debit Card  ,Returned,690.0,330.0
ORD0010754,2024-05-13,20240513,CUS00863,2,EMP0039,Debit Card,Completed,943.0,470.0
ORD0006921,2024-05-13,20240513,CUS00145,3,EMP0055,InstaPay,Completed,237.5,120.0
ORD0009520,2024-05-13,20240513,CUS01922,6,EMP0114,Debit Card,Cancelled,20200.0,16200.0
ORD0005946,2024-05-13,20240513,CUS02984,12,EMP0178,Fawry,Completed,980.0,480.0
ORD0009053,2024-05-14,20240514,CUS01858,7,EMP0132,InstaPay,Completed,1128.0,580.0
ORD0009116,2024-05-14,20240514,CUS00740,1,EMP0018,Debit Card,Completed,2016.0,1090.0
ORD0003394,2024-05-14,20240514,CUS01342,8,EMP0141,Fawry,Completed,908.0,530.0
ORD0005883,2024-05-14,20240514,CUS00025,1,EMP0022,Credit Card,Cancelled,30557.5,24280.0
ORD0007769,2024-05-14,20240514,CUS01975,5,EMP0101,Credit Card,Completed,470.0,240.0
ORD0008062,2024-05-14,20240514,CUS00977,1,EMP0005,Cash,Completed,1399.0,710.0
ORD0008280,2024-05-14,20240514,CUS00221,10,EMP0155,Credit Card,Completed,1596.0,830.0
ORD0005675,2024-05-15,20240515,CUS01575,1,EMP0002,Fawry,Returned,3705.0,1860.0
ORD0004843,2024-05-15,20240515,CUS00505,1,EMP0010,Fawry,Completed,11479.5,9000.0
ORD0008934,2024-05-15,20240515,CUS02400,2,EMP0031,  InstaPay  ,Completed,1728.0,920.0
ORD0005030,2024-05-15,20240515,CUS02119,11,EMP0172,Debit Card,Completed,738.0,390.0
ORD0002664,2024-05-15,20240515,CUS02615,6,EMP0119,Fawry,Completed,541.5,280.0
ORD0009722,2024-05-15,20240515,CUS02427,1,EMP0012,InstaPay,Completed,1759.5,970.0
ORD0000878,2024-05-15,20240515,CUS00742,12,EMP0182,Credit Card,Completed,1350.0,1130.0
ORD0003449,2024-05-15,20240515,CUS00478,1,EMP0006,Vodafone Cash,Completed,1189.0,650.0
ORD0011944,2024-05-16,20240516,CUS01846,3,EMP0071,Credit Card,Completed,1470.0,830.0
ORD0003525,2024-05-16,20240516,CUS01752,1,EMP0004,  Credit Card  ,Completed,3614.0,2140.0
ORD0004362,2024-05-16,20240516,CUS02664,4,EMP0080,  Vodafone Cash  ,Completed,624.0,300.0
ORD0005389,2024-05-16,20240516,CUS00256,6,EMP0126,Cash,Completed,485.0,270.0
ORD0006069,2024-05-16,20240516,CUS02929,1,EMP0019,Cash,Completed,570.0,270.0
ORD0009166,2024-05-16,20240516,CUS02995,6,EMP0122,Vodafone Cash,Completed,2393.0,1200.0
ORD0004352,2024-05-16,20240516,CUS00912,1,EMP0017,Debit Card,Completed,342.0,180.0
ORD0004276,2024-05-16,20240516,CUS00191,12,EMP0178,Vodafone Cash,Completed,460.0,220.0
ORD0003473,2024-05-16,20240516,CUS02933,7,,  Vodafone Cash  ,Completed,225.0,120.0
ORD0001008,2024-05-16,20240516,CUS02474,4,EMP0080,Credit Card,Completed,674.0,380.0
ORD0003767,2024-05-16,20240516,CUS01211,15,EMP0204,Cash,Completed,29820.0,24620.0
ORD0011897,2024-05-16,20240516,CUS02567,5,EMP0097,Vodafone Cash,Completed,1323.0,720.0
ORD0000280,2024-05-16,20240516,CUS00309,10,EMP0156,  Credit Card  ,Completed,774.0,400.0
ORD0007418,2024-05-16,20240516,CUS00321,1,EMP0016,Debit Card,Completed,44508.0,35650.0
ORD0011295,2024-05-17,20240517,CUS02037,10,EMP0155,Debit Card,Completed,280.0,130.0
ORD0010815,2024-05-17,20240517,CUS02281,6,EMP0114,Vodafone Cash,Completed,1728.0,920.0
ORD0001699,2024-05-17,20240517,CUS01847,1,EMP0016,Fawry,Completed,280.0,120.0
ORD0009785,2024-05-17,20240517,CUS02447,5,EMP0108,  Cash  ,Completed,216.0,110.0
ORD0007628,2024-05-17,20240517,CUS02984,5,EMP0098,Vodafone Cash,Completed,5824.0,4520.0
ORD0007348,2024-05-17,20240517,CUS01742,13,EMP0193,Debit Card,Completed,1404.0,760.0
ORD0001808,2024-05-17,20240517,CUS02016,14,EMP0199,Fawry,Cancelled,1170.0,1000.0
ORD0001400,2024-05-17,20240517,CUS00422,1,,  Vodafone Cash  ,Completed,140.0,70.0
ORD0005260,2024-05-17,20240517,CUS02046,11,EMP0169,Credit Card,Completed,816.0,460.0
ORD0009097,2024-05-17,20240517,CUS02200,2,EMP0043,Cash,Completed,142.5,70.0
ORD0007719,2024-05-18,20240518,CUS02841,1,EMP0003,  Cash  ,Completed,144.0,70.0
ORD0002205,2024-05-18,20240518,CUS02409,15,EMP0216,Fawry,Completed,1632.0,920.0
ORD0006054,2024-05-18,20240518,CUS02699,3,EMP0063,Fawry,Completed,621.0,300.0
ORD0001217,2024-05-18,20240518,CUS02896,1,EMP0006,  Fawry  ,Completed,833.0,480.0
ORD0011028,2024-05-18,20240518,CUS01360,1,EMP0022,InstaPay,Completed,2100.0,1120.0
ORD0011233,2024-05-18,20240518,CUS00566,2,EMP0053,Fawry,Completed,7806.0,6010.0
ORD0006174,2024-05-18,20240518,CUS00023,1,EMP0012,Vodafone Cash,Completed,595.0,340.0
ORD0006597,2024-05-18,20240518,CUS01261,5,,  Fawry  ,Cancelled,1439.5,760.0
ORD0007165,2024-05-18,20240518,CUS00116,13,EMP0188,Debit Card,Completed,869.5,470.0
ORD0011263,2024-05-19,20240519,CUS02132,4,EMP0092,Debit Card,Completed,10648.0,10270.0
ORD0008818,2024-05-19,20240519,CUS02379,2,EMP0034,Credit Card,Completed,1740.0,990.0
ORD0010151,2024-05-19,20240519,CUS01133,2,EMP0041,Cash,Completed,270.0,130.0
ORD0002378,2024-05-19,20240519,CUS00834,3,EMP0068,  Debit Card  ,Completed,3024.5,1550.0
ORD0001393,2024-05-19,20240519,CUS00893,7,EMP0136,Cash,Completed,1020.0,850.0
ORD0004697,2024-05-19,20240519,CUS00866,4,EMP0088,Fawry,Completed,904.0,440.0
ORD0006681,2024-05-19,20240519,CUS01334,5,EMP0109,InstaPay,Completed,2690.5,1880.0
ORD0008335,2024-05-19,20240519,CUS00383,2,EMP0038,InstaPay,Completed,245.0,170.0
ORD0009303,2024-05-19,20240519,CUS01799,3,EMP0070,  Vodafone Cash  ,Returned,150.0,70.0
ORD0008361,2024-05-20,20240520,CUS00660,10,EMP0155,Cash,Completed,701.0,370.0
ORD0000612,2024-05-20,20240520,CUS01763,2,EMP0040,InstaPay,Completed,12974.0,11050.0
ORD0001423,2024-05-20,20240520,CUS00301,6,,Cash,Completed,1349.0,790.0
ORD0008867,2024-05-20,20240520,CUS02602,1,EMP0015,InstaPay,Completed,127.5,70.0
ORD0010185,2024-05-20,20240520,CUS01001,5,EMP0110,  Credit Card  ,Completed,2000.0,1600.0
ORD0004675,2024-05-20,20240520,CUS02102,5,EMP0101,Credit Card,Completed,828.0,440.0
ORD0005928,2024-05-20,20240520,CUS02215,2,,InstaPay,Completed,999.0,500.0
ORD0006639,2024-05-20,20240520,CUS02150,4,EMP0086,Fawry,Completed,1350.0,690.0
ORD0005556,2024-05-20,20240520,CUS01449,8,EMP0137,InstaPay,Completed,1332.0,720.0
ORD0003385,2024-05-20,20240520,CUS01498,4,EMP0085,Credit Card,Completed,890.0,440.0
ORD0002842,2024-05-21,20240521,CUS01925,2,EMP0034,Cash,Completed,370.0,180.0
ORD0003274,2024-05-21,20240521,CUS01589,5,EMP0103,  Credit Card  ,Completed,1005.5,590.0
ORD0003698,2024-05-21,20240521,CUS00956,3,EMP0062,InstaPay,Completed,2321.0,1150.0
ORD0001509,2024-05-21,20240521,CUS00281,6,EMP0118,Fawry,Completed,496.0,260.0
ORD0008326,2024-05-21,20240521,CUS01765,3,EMP0070,Cash,Completed,6601.5,5610.0
ORD0009499,2024-05-21,20240521,CUS02416,10,EMP0161,  Credit Card  ,Completed,1230.0,590.0
ORD0002799,2024-05-21,20240521,CUS00048,14,EMP0200,Vodafone Cash,Completed,20026.0,16160.0
ORD0007934,2024-05-21,20240521,CUS02621,10,EMP0157,Debit Card,Completed,1524.0,790.0
ORD0005317,2024-05-21,20240521,CUS01256,12,EMP0177,InstaPay,Completed,133.0,60.0
ORD0011119,2024-05-21,20240521,CUS02058,15,EMP0207,  Fawry  ,Completed,280.0,140.0
ORD0010208,2024-05-21,20240521,CUS02429,11,EMP0170,InstaPay,Completed,2019.0,1060.0
ORD0003298,2024-05-21,20240521,CUS02637,1,EMP0007,Vodafone Cash,Completed,323.0,160.0
ORD0005256,2024-05-21,20240521,CUS02997,12,EMP0179,Cash,Completed,648.0,360.0
ORD0000714,2024-05-22,20240522,CUS02416,6,EMP0117,Debit Card,Completed,270.0,140.0
ORD0000400,2024-05-22,20240522,CUS00382,6,EMP0120,Vodafone Cash,Completed,292.5,180.0
ORD0001045,2024-05-22,20240522,CUS02141,4,EMP0093,  Cash  ,Completed,517.5,270.0
ORD0007355,2024-05-22,20240522,CUS01000,4,EMP0087,  Fawry  ,Completed,1352.0,650.0
ORD0001951,2024-05-22,20240522,CUS00747,4,EMP0088,InstaPay,Completed,2172.0,1160.0
ORD0002689,2024-05-22,20240522,CUS01833,2,EMP0046,Debit Card,Completed,570.0,270.0
ORD0008560,2024-05-22,20240522,CUS00554,12,EMP0182,Cash,Returned,1185.0,680.0
ORD0000991,2024-05-22,20240522,CUS01375,1,EMP0013,Fawry,Completed,856.0,500.0
ORD0010593,2024-05-22,20240522,CUS02752,13,EMP0192,Fawry,Completed,2708.0,1420.0
ORD0002386,2024-05-22,20240522,CUS00775,5,EMP0101,Fawry,Completed,100.0,40.0
ORD0002514,2024-05-22,20240522,CUS02066,8,EMP0144,Fawry,Completed,380.0,180.0
ORD0011777,2024-05-22,20240522,CUS00418,2,EMP0045,Debit Card,Completed,3200.0,1700.0
ORD0008324,2024-05-22,20240522,CUS02611,1,EMP0026,  Debit Card  ,Completed,460.0,220.0
ORD0003704,2024-05-22,20240522,CUS00085,3,EMP0067,Cash,Completed,130.0,60.0
ORD0007250,2024-05-23,20240523,CUS02190,1,EMP0020,InstaPay,Completed,1562.0,820.0
ORD0009885,2024-05-23,20240523,CUS00847,1,EMP0002,Fawry,Returned,620.5,360.0
ORD0002631,2024-05-23,20240523,CUS02321,10,EMP0157,Credit Card,Completed,2605.0,1360.0
ORD0004024,2024-05-23,20240523,CUS00361,11,EMP0171,Debit Card,Completed,442.0,250.0
ORD0001459,2024-05-23,20240523,CUS01326,4,EMP0090,Credit Card,Returned,1200.0,560.0
ORD0001114,2024-05-23,20240523,CUS01439,1,EMP0004,  Cash  ,Completed,6794.0,5540.0
ORD0011285,2024-05-23,20240523,CUS02154,4,EMP0082,Debit Card,Completed,1913.0,1020.0
ORD0007621,2024-05-23,20240523,CUS02334,3,EMP0074,Credit Card,Completed,2200.0,1050.0
ORD0006002,2024-05-23,20240523,CUS02788,5,EMP0098,Cash,Completed,60.0,40.0
ORD0000275,2024-05-23,20240523,CUS00513,11,EMP0169,Debit Card,Cancelled,20612.0,17500.0
ORD0002428,2024-05-23,20240523,CUS02175,2,EMP0047,Credit Card,Returned,1627.0,910.0
ORD0005655,2024-05-23,20240523,CUS00464,3,EMP0072,Fawry,Completed,10532.0,9350.0
ORD0003895,2024-05-23,20240523,CUS02359,5,EMP0105,  Vodafone Cash  ,Completed,1509.0,870.0
ORD0004100,2024-05-23,20240523,CUS02686,12,EMP0179,Cash,Completed,280.0,140.0
ORD0008063,2024-05-23,20240523,CUS00325,12,EMP0175,Credit Card,Completed,520.0,240.0
ORD0008296,2024-05-24,20240524,CUS00806,1,EMP0013,Vodafone Cash,Completed,180.0,80.0
ORD0002495,2024-05-24,20240524,CUS00976,4,EMP0094,InstaPay,Completed,32884.0,28800.0
ORD0009661,2024-05-24,20240524,CUS01910,2,EMP0045,Vodafone Cash,Completed,965.0,500.0
ORD0003188,2024-05-24,20240524,CUS00258,3,EMP0058,  InstaPay  ,Completed,875.0,520.0
ORD0011991,2024-05-24,20240524,CUS02117,14,EMP0199,  InstaPay  ,Completed,180.0,80.0
ORD0003973,2024-05-24,20240524,CUS01095,1,,Fawry,Completed,324.0,170.0
ORD0009302,2024-05-24,20240524,CUS00871,6,EMP0115,Debit Card,Completed,1125.5,600.0
ORD0004689,2024-05-24,20240524,CUS00798,3,EMP0066,Fawry,Completed,1232.0,760.0
ORD0011689,2024-05-24,20240524,CUS00029,14,EMP0197,  Cash  ,Completed,980.0,550.0
ORD0007242,2024-05-25,20240525,CUS00194,2,EMP0034,Debit Card,Completed,1185.0,570.0
ORD0000640,2024-05-25,20240525,CUS01009,2,EMP0047,Debit Card,Completed,280.0,140.0
ORD0004032,2024-05-25,20240525,CUS02819,3,EMP0057,Debit Card,Completed,2441.0,1260.0
ORD0010895,2024-05-25,20240525,CUS02627,5,EMP0095,Credit Card,Completed,19287.0,17360.0
ORD0010164,2024-05-25,20240525,CUS01794,1,EMP0023,InstaPay,Returned,1478.0,820.0
ORD0005291,2024-05-25,20240525,CUS00621,14,EMP0197,Fawry,Completed,427.5,270.0
ORD0000252,2024-05-25,20240525,CUS02978,1,EMP0025,  Vodafone Cash  ,Completed,2600.0,2000.0
ORD0007092,2024-05-25,20240525,CUS01844,2,EMP0035,  Fawry  ,Completed,2032.0,1020.0
ORD0007948,2024-05-26,20240526,CUS02420,13,EMP0192,Debit Card,Completed,5620.0,4250.0
ORD0002011,2024-05-26,20240526,CUS00085,2,EMP0054,InstaPay,Completed,1030.0,660.0
ORD0000716,2024-05-26,20240526,CUS00579,3,EMP0071,Debit Card,Completed,13410.0,11900.0
ORD0001032,2024-05-26,20240526,CUS00662,3,EMP0071,Credit Card,Completed,14900.0,11900.0
ORD0011344,2024-05-26,20240526,CUS00761,14,,Fawry,Completed,396.0,220.0
ORD0002620,2024-05-26,20240526,CUS02571,2,EMP0037,Cash,Completed,35807.0,33340.0
ORD0005292,2024-05-26,20240526,CUS02594,8,EMP0144,Cash,Completed,926.0,440.0
ORD0004619,2024-05-26,20240526,CUS00479,15,EMP0207,Cash,Completed,1418.0,700.0
ORD0002667,2024-05-26,20240526,CUS00658,8,EMP0144,  Fawry  ,Returned,1888.0,920.0
ORD0009055,2024-05-26,20240526,CUS02917,10,EMP0161,Debit Card,Completed,1018.0,540.0
ORD0005537,2024-05-26,20240526,CUS00338,1,,InstaPay,Completed,133.0,60.0
ORD0010721,2024-05-26,20240526,CUS01805,4,EMP0079,Credit Card,Completed,680.0,320.0
ORD0000693,2024-05-26,20240526,CUS00704,10,EMP0159,Credit Card,Completed,5271.0,4080.0
ORD0000124,2024-05-26,20240526,CUS02172,4,EMP0082,Credit Card,Completed,19679.5,15140.0
ORD0008416,2024-05-26,20240526,CUS00203,3,EMP0067,InstaPay,Completed,1128.0,590.0
ORD0005269,2024-05-26,20240526,CUS01673,6,EMP0119,Credit Card,Completed,1978.0,1020.0
ORD0009635,2024-05-26,20240526,CUS01238,9,EMP0149,Credit Card,Completed,352.0,220.0
ORD0003056,2024-05-26,20240526,CUS01794,5,EMP0098,InstaPay,Completed,272.0,170.0
ORD0010224,2024-05-26,20240526,CUS02912,13,,Credit Card,Completed,478.0,220.0
ORD0005332,2024-05-27,20240527,CUS00563,6,EMP0114,  InstaPay  ,Completed,916.0,490.0
ORD0003147,2024-05-27,20240527,CUS01718,5,EMP0101,Fawry,Returned,408.0,250.0
ORD0011655,2024-05-27,20240527,CUS02570,5,EMP0103,Vodafone Cash,Completed,2822.0,1550.0
ORD0001928,2024-05-27,20240527,CUS00258,2,EMP0049,Debit Card,Completed,1340.0,620.0
ORD0004295,2024-05-27,20240527,CUS02991,2,EMP0050,  Credit Card  ,Completed,5500.0,4840.0
ORD0010116,2024-05-27,20240527,CUS02817,5,EMP0103,Debit Card,Completed,970.0,480.0
ORD0003857,2024-05-27,20240527,CUS02521,7,EMP0131,Vodafone Cash,Completed,1140.0,560.0
ORD0010213,2024-05-27,20240527,CUS02988,2,EMP0042,Vodafone Cash,Completed,2308.0,1220.0
ORD0007922,2024-05-27,20240527,CUS02525,6,EMP0125,Debit Card,Completed,594.0,390.0
ORD0000256,2024-05-28,20240528,CUS02795,2,EMP0050,Vodafone Cash,Completed,12800.0,10300.0
ORD0006706,2024-05-28,20240528,CUS00627,2,EMP0039,Cash,Completed,540.0,280.0
ORD0006808,2024-05-28,20240528,CUS02194,7,EMP0130,Debit Card,Completed,570.0,270.0
ORD0007338,2024-05-28,20240528,CUS00055,4,EMP0084,Vodafone Cash,Completed,1200.0,1000.0
ORD0008161,2024-05-28,20240528,CUS01628,2,EMP0037,Debit Card,Completed,2030.0,1080.0
ORD0000549,2024-05-28,20240528,CUS01595,3,EMP0072,Fawry,Completed,370.0,180.0
ORD0005518,2024-05-28,20240528,CUS01886,13,EMP0190,Cash,Completed,2910.0,1400.0
ORD0010616,2024-05-28,20240528,CUS01687,10,EMP0158,InstaPay,Returned,423.0,230.0
ORD0002903,2024-05-28,20240528,CUS02448,1,,Fawry,Completed,946.0,500.0
ORD0003009,2024-05-28,20240528,CUS01697,7,EMP0135,InstaPay,Completed,1640.0,790.0
ORD0006862,2024-05-28,20240528,CUS02171,5,EMP0109,Credit Card,Completed,5016.0,4960.0
ORD0005150,2024-05-29,20240529,CUS01974,2,EMP0049,Cash,Completed,1278.5,640.0
ORD0007753,2024-05-29,20240529,CUS02956,6,EMP0119,Vodafone Cash,Completed,189.0,100.0
ORD0006669,2024-05-29,20240529,CUS00997,8,EMP0140,  Credit Card  ,Completed,306.0,160.0
ORD0006691,2024-05-29,20240529,CUS02238,14,EMP0196,Fawry,Completed,549.0,300.0
ORD0004448,2024-05-29,20240529,CUS02482,2,EMP0031,InstaPay,Completed,144.0,70.0
ORD0003554,2024-05-29,20240529,CUS02803,1,EMP0009,Cash,Returned,18637.0,15570.0
ORD0009716,2024-05-29,20240529,CUS00318,1,EMP0004,Credit Card,Returned,477.0,230.0
ORD0010744,2024-05-29,20240529,CUS01476,7,EMP0133,Credit Card,Completed,676.0,380.0
ORD0001257,2024-05-29,20240529,CUS01263,15,EMP0213,Fawry,Completed,2004.0,1030.0
ORD0005008,2024-05-30,20240530,CUS00626,2,EMP0047,  Debit Card  ,Completed,531.0,280.0
ORD0006660,2024-05-30,20240530,CUS00448,11,EMP0169,  Credit Card  ,Completed,2600.0,1290.0
ORD0002297,2024-05-30,20240530,CUS02030,4,EMP0085,Credit Card,Completed,1740.0,840.0
ORD0003376,2024-05-30,20240530,CUS01225,1,EMP0015,  Debit Card  ,Completed,1506.0,820.0
ORD0009729,2024-05-30,20240530,CUS00874,6,,Debit Card,Completed,13724.0,11200.0
ORD0006397,2024-05-30,20240530,CUS01025,1,EMP0012,Fawry,Completed,39835.0,45170.0
ORD0003291,2024-05-30,20240530,CUS00846,2,EMP0047,  Debit Card  ,Completed,45172.5,35950.0
ORD0009482,2024-05-30,20240530,CUS02120,12,EMP0175,Credit Card,Completed,1780.5,930.0
ORD0002884,2024-05-30,20240530,CUS02336,15,EMP0208,Fawry,Completed,480.0,270.0
ORD0008845,2024-05-31,20240531,CUS02546,15,EMP0207,  Cash  ,Completed,2156.0,1100.0
ORD0001746,2024-05-31,20240531,CUS02350,1,EMP0002,Cash,Completed,1472.0,720.0
ORD0009409,2024-05-31,20240531,CUS00816,15,EMP0210,InstaPay,Completed,84.0,60.0
ORD0007159,2024-06-01,20240601,CUS01128,13,EMP0188,Vodafone Cash,Completed,266.0,140.0
ORD0001464,2024-06-01,20240601,CUS01835,1,EMP0009,Credit Card,Completed,1411.0,690.0
ORD0001298,2024-06-01,20240601,CUS00232,2,,Debit Card,Completed,510.0,240.0
ORD0003904,2024-06-01,20240601,CUS02398,7,EMP0130,Vodafone Cash,Completed,2022.0,1060.0
ORD0005158,2024-06-01,20240601,CUS00060,3,EMP0065,InstaPay,Completed,768.0,410.0
ORD0000186,2024-06-01,20240601,CUS00001,5,EMP0104,InstaPay,Returned,217.5,140.0
ORD0005374,2024-06-01,20240601,CUS00366,10,EMP0161,  Credit Card  ,Completed,17140.0,19160.0
ORD0006094,2024-06-01,20240601,CUS01307,8,EMP0144,Credit Card,Returned,2535.0,1290.0
ORD0010027,2024-06-01,20240601,CUS01300,1,EMP0027,InstaPay,Completed,7500.0,8000.0
ORD0005931,2024-06-01,20240601,CUS00785,4,EMP0094,Debit Card,Completed,1846.0,950.0
ORD0005790,2024-06-01,20240601,CUS00358,7,EMP0136,Fawry,Completed,234.0,130.0
ORD0004618,2024-06-01,20240601,CUS01600,10,EMP0162,InstaPay,Completed,52800.0,42000.0
ORD0001161,2024-06-01,20240601,CUS02565,5,EMP0106,  Fawry  ,Cancelled,1890.0,930.0
ORD0004924,2024-06-01,20240601,CUS01259,1,EMP0015,  InstaPay  ,Completed,13107.0,10460.0
ORD0003178,2024-06-01,20240601,CUS00345,2,EMP0029,Debit Card,Cancelled,384.0,230.0
ORD0003674,2024-06-01,20240601,CUS00168,1,EMP0026,Vodafone Cash,Completed,2845.5,1690.0
ORD0002557,2024-06-01,20240601,CUS00932,1,EMP0010,Vodafone Cash,Completed,1414.5,770.0
ORD0007925,2024-06-02,20240602,CUS00430,10,EMP0158,  InstaPay  ,Completed,629.0,370.0
ORD0011735,2024-06-02,20240602,CUS00004,5,EMP0109,Credit Card,Completed,1269.0,650.0
ORD0011144,2024-06-02,20240602,CUS02932,4,EMP0088,Fawry,Returned,2409.0,1340.0
ORD0010181,2024-06-02,20240602,CUS02578,1,EMP0005,Debit Card,Completed,210.0,100.0
ORD0010370,2024-06-02,20240602,CUS00801,5,EMP0101,InstaPay,Completed,966.0,520.0
ORD0002932,2024-06-02,20240602,CUS02929,3,EMP0065,Credit Card,Completed,1387.0,710.0
ORD0007352,2024-06-02,20240602,CUS02465,8,EMP0143,Cash,Completed,33578.0,29180.0
ORD0006583,2024-06-02,20240602,CUS02370,2,EMP0033,  Vodafone Cash  ,Completed,112.5,70.0
ORD0001877,2024-06-02,20240602,CUS02274,6,EMP0113,Credit Card,Completed,216.0,120.0
ORD0010435,2024-06-02,20240602,CUS02662,4,EMP0088,  Cash  ,Completed,2210.0,2000.0
ORD0000429,2024-06-02,20240602,CUS02642,12,EMP0179,Fawry,Completed,2058.0,1090.0
ORD0009925,2024-06-03,20240603,CUS02949,4,EMP0081,Vodafone Cash,Completed,5310.0,4700.0
ORD0010271,2024-06-03,20240603,CUS02351,2,EMP0041,Vodafone Cash,Completed,1700.0,820.0
ORD0009511,2024-06-03,20240603,CUS00150,3,EMP0065,InstaPay,Returned,420.0,230.0
ORD0000332,2024-06-03,20240603,CUS00770,9,EMP0148,Vodafone Cash,Completed,592.0,360.0
ORD0007106,2024-06-03,20240603,CUS01457,2,EMP0052,InstaPay,Completed,15270.0,12080.0
ORD0009903,2024-06-03,20240603,CUS01162,1,EMP0001,Cash,Completed,712.0,350.0
ORD0002103,2024-06-03,20240603,CUS00244,6,EMP0114,Debit Card,Returned,40500.0,36000.0
ORD0008457,2024-06-03,20240603,CUS00535,4,EMP0083,Debit Card,Completed,280.0,130.0
ORD0009286,2024-06-03,20240603,CUS01783,10,EMP0156,Credit Card,Completed,18491.0,15240.0
ORD0005831,2024-06-03,20240603,CUS02414,3,EMP0055,Cash,Cancelled,545.5,340.0
ORD0004839,2024-06-03,20240603,CUS00981,3,EMP0068,  Cash  ,Completed,1800.0,920.0
ORD0008969,2024-06-03,20240603,CUS01787,2,EMP0040,  InstaPay  ,Completed,740.5,420.0
ORD0000095,2024-06-04,20240604,CUS00095,2,EMP0029,  Vodafone Cash  ,Returned,657.5,340.0
ORD0008717,2024-06-04,20240604,CUS00085,1,EMP0004,  Debit Card  ,Completed,37620.0,31800.0
ORD0005222,2024-06-04,20240604,CUS00228,2,EMP0035,Cash,Completed,140.0,70.0
ORD0006992,2024-06-04,20240604,CUS00384,3,EMP0064,Cash,Completed,710.0,350.0
ORD0004840,2024-06-04,20240604,CUS01870,12,EMP0183,Vodafone Cash,Completed,340.0,150.0
ORD0009874,2024-06-04,20240604,CUS00504,1,EMP0018,Credit Card,Completed,1773.5,940.0
ORD0009025,2024-06-04,20240604,CUS02822,4,EMP0085,Fawry,Completed,436.5,220.0
ORD0007979,2024-06-04,20240604,CUS01967,4,,Credit Card,Completed,128.0,70.0
ORD0007994,2024-06-04,20240604,CUS00952,5,EMP0101,InstaPay,Completed,2240.0,1130.0
ORD0001108,2024-06-04,20240604,CUS02828,1,,  Vodafone Cash  ,Completed,90.0,40.0
ORD0010502,2024-06-04,20240604,CUS02677,7,EMP0131,  InstaPay  ,Completed,1224.0,590.0
ORD0006943,2024-06-04,20240604,CUS02852,1,EMP0002,Cash,Completed,1600.0,780.0
ORD0009479,2024-06-04,20240604,CUS02420,3,EMP0068,  Credit Card  ,Returned,1584.0,880.0
ORD0008304,2024-06-04,20240604,CUS02225,1,EMP0020,Credit Card,Completed,280.0,140.0
ORD0007083,2024-06-05,20240605,CUS02911,7,EMP0133,  InstaPay  ,Completed,1182.5,630.0
ORD0000474,2024-06-05,20240605,CUS00031,8,EMP0140,Credit Card,Completed,152.0,70.0
ORD0004291,2024-06-05,20240605,CUS02278,9,EMP0147,  InstaPay  ,Completed,314.5,180.0
ORD0000503,2024-06-05,20240605,CUS02123,15,EMP0207,  Vodafone Cash  ,Completed,576.0,280.0
ORD0010081,2024-06-05,20240605,CUS01581,3,,Vodafone Cash,Completed,2801.5,1450.0
ORD0005247,2024-06-05,20240605,CUS01775,2,EMP0030,Cash,Returned,15725.0,14800.0
ORD0001132,2024-06-05,20240605,CUS00677,2,EMP0054,Fawry,Returned,957.0,480.0
ORD0007481,2024-06-05,20240605,CUS01418,2,EMP0050,Credit Card,Completed,1694.5,870.0
ORD0002315,2024-06-05,20240605,CUS00659,5,EMP0111,  Fawry  ,Completed,252.0,120.0
ORD0004853,2024-06-05,20240605,CUS00040,10,EMP0158,Debit Card,Completed,6500.0,5200.0
ORD0002141,2024-06-05,20240605,CUS00953,6,EMP0124,Cash,Completed,846.0,470.0
ORD0009734,2024-06-06,20240606,CUS01357,2,EMP0031,Vodafone Cash,Completed,1564.5,930.0
ORD0004895,2024-06-06,20240606,CUS02346,5,EMP0110,  Vodafone Cash  ,Returned,12025.0,9320.0
ORD0002330,2024-06-06,20240606,CUS00885,5,,Vodafone Cash,Completed,888.0,430.0
ORD0005384,2024-06-06,20240606,CUS00152,12,EMP0178,Cash,Completed,7337.0,5140.0
ORD0005932,2024-06-06,20240606,CUS02818,2,EMP0050,Credit Card,Completed,119.0,70.0
ORD0006096,2024-06-06,20240606,CUS00411,12,EMP0178,Fawry,Completed,2585.0,1300.0
ORD0001243,2024-06-06,20240606,CUS01303,10,EMP0157,Debit Card,Completed,13200.0,11140.0
ORD0003133,2024-06-06,20240606,CUS02775,5,EMP0106,Fawry,Completed,943.5,540.0
ORD0011645,2024-06-06,20240606,CUS01521,10,EMP0154,Fawry,Completed,1956.0,1070.0
ORD0000108,2024-06-06,20240606,CUS01043,1,EMP0013,InstaPay,Completed,1872.0,960.0
ORD0008371,2024-06-06,20240606,CUS02718,14,EMP0202,Fawry,Cancelled,711.0,360.0
ORD0006726,2024-06-06,20240606,CUS01775,14,EMP0194,  Debit Card  ,Returned,864.0,480.0
ORD0002363,2024-06-06,20240606,CUS01659,5,EMP0099,  Vodafone Cash  ,Completed,684.0,350.0
ORD0006281,2024-06-07,20240607,CUS00431,4,EMP0094,  Cash  ,Completed,170.0,80.0
ORD0001225,2024-06-07,20240607,CUS00603,6,EMP0114,Debit Card,Completed,90.0,40.0
ORD0000278,2024-06-07,20240607,CUS02282,5,EMP0098,Fawry,Returned,500.0,230.0
ORD0004288,2024-06-07,20240607,CUS02112,3,EMP0062,  Credit Card  ,Completed,1011.0,500.0
ORD0010143,2024-06-07,20240607,CUS00240,3,EMP0061,InstaPay,Completed,288.0,150.0
ORD0007491,2024-06-07,20240607,CUS02111,2,EMP0041,Vodafone Cash,Cancelled,896.0,550.0
ORD0000504,2024-06-07,20240607,CUS02425,1,EMP0027,Credit Card,Completed,897.0,480.0
ORD0008778,2024-06-07,20240607,CUS01891,5,EMP0099,Credit Card,Completed,14472.0,10590.0
ORD0006893,2024-06-07,20240607,CUS02194,11,EMP0169,Debit Card,Completed,600.0,300.0
ORD0009443,2024-06-07,20240607,CUS01531,13,EMP0186,Debit Card,Completed,362.0,220.0
ORD0000964,2024-06-08,20240608,CUS01833,6,,  Cash  ,Completed,58610.5,51480.0
ORD0006091,2024-06-08,20240608,CUS00160,4,EMP0083,  Cash  ,Completed,2035.0,1490.0
ORD0011135,2024-06-08,20240608,CUS00051,8,EMP0143,Fawry,Completed,10310.0,8950.0
ORD0008244,2024-06-08,20240608,CUS02510,4,EMP0093,Credit Card,Completed,972.0,480.0
ORD0010372,2024-06-08,20240608,CUS00509,2,EMP0051,InstaPay,Completed,1620.0,780.0
ORD0000748,2024-06-08,20240608,CUS02770,4,EMP0094,Cash,Completed,1762.0,950.0
ORD0002505,2024-06-08,20240608,CUS02288,3,EMP0070,Debit Card,Completed,885.0,530.0
ORD0004029,2024-06-08,20240608,CUS00709,3,EMP0064,Cash,Completed,927.0,480.0
ORD0001901,2024-06-08,20240608,CUS02425,1,EMP0018,InstaPay,Completed,304.0,180.0
ORD0002047,2024-06-08,20240608,CUS00412,5,EMP0109,  Fawry  ,Completed,252.0,140.0
ORD0002786,2024-06-08,20240608,CUS02584,13,,  InstaPay  ,Completed,31900.0,29810.0
ORD0010591,2024-06-08,20240608,CUS00801,2,EMP0048,Debit Card,Completed,810.0,400.0
ORD0005476,2024-06-09,20240609,CUS00067,8,EMP0144,  Credit Card  ,Completed,2480.0,1220.0
ORD0002313,2024-06-09,20240609,CUS00921,13,EMP0186,  Credit Card  ,Returned,247.0,120.0
ORD0006497,2024-06-09,20240609,CUS01269,5,EMP0107,Cash,Completed,2695.5,1460.0
ORD0001307,2024-06-09,20240609,CUS02512,5,EMP0106,Debit Card,Completed,696.0,360.0
ORD0007373,2024-06-09,20240609,CUS00879,5,EMP0106,Vodafone Cash,Completed,337.5,210.0
ORD0006010,2024-06-09,20240609,CUS00541,6,EMP0116,Fawry,Completed,1590.0,780.0
ORD0000365,2024-06-09,20240609,CUS00104,14,EMP0199,Vodafone Cash,Completed,515.5,290.0
ORD0006066,2024-06-09,20240609,CUS00849,4,EMP0086,Fawry,Completed,460.0,230.0
ORD0003468,2024-06-09,20240609,CUS00717,1,EMP0002,  Credit Card  ,Completed,9804.5,8960.0
ORD0004528,2024-06-09,20240609,CUS00040,5,,Vodafone Cash,Completed,504.0,300.0
ORD0005895,2024-06-09,20240609,CUS01851,1,EMP0004,Credit Card,Completed,5697.0,4380.0
ORD0010173,2024-06-09,20240609,CUS02557,4,EMP0081,InstaPay,Completed,2539.5,1400.0
ORD0000188,2024-06-09,20240609,CUS01342,3,EMP0078,Debit Card,Completed,18369.0,16300.0
ORD0005251,2024-06-09,20240609,CUS02611,13,EMP0191,Vodafone Cash,Completed,1041.0,580.0
ORD0002890,2024-06-10,20240610,CUS03000,4,EMP0090,InstaPay,Completed,1707.0,870.0
ORD0010159,2024-06-10,20240610,CUS01224,13,EMP0191,InstaPay,Completed,1190.0,680.0
ORD0007669,2024-06-10,20240610,CUS00245,8,EMP0137,Fawry,Completed,668.0,360.0
ORD0001079,2024-06-10,20240610,CUS01775,10,EMP0154,InstaPay,Completed,660.0,300.0
ORD0010290,2024-06-10,20240610,CUS02722,2,EMP0051,InstaPay,Completed,399.0,200.0
ORD0001417,2024-06-10,20240610,CUS02524,4,EMP0086,Cash,Completed,1350.0,980.0
ORD0000246,2024-06-10,20240610,CUS00090,2,EMP0054,Fawry,Completed,11129.5,8830.0
ORD0007790,2024-06-10,20240610,CUS02701,3,EMP0068,Debit Card,Completed,996.0,530.0
ORD0010405,2024-06-10,20240610,CUS00136,2,EMP0034,Vodafone Cash,Completed,270.0,130.0
ORD0005576,2024-06-10,20240610,CUS02171,1,EMP0021,Fawry,Completed,2464.5,1240.0
ORD0011225,2024-06-10,20240610,CUS01159,5,EMP0109,Credit Card,Returned,380.0,180.0
ORD0011960,2024-06-10,20240610,CUS01195,4,EMP0085,Cash,Completed,11642.0,9050.0
ORD0002222,2024-06-10,20240610,CUS02642,4,EMP0082,  Vodafone Cash  ,Completed,1120.0,560.0
ORD0010440,2024-06-10,20240610,CUS02921,4,EMP0083,Fawry,Completed,660.0,440.0
ORD0008700,2024-06-10,20240610,CUS02680,1,EMP0005,Fawry,Returned,1333.0,870.0
ORD0004133,2024-06-10,20240610,CUS01258,7,EMP0134,Vodafone Cash,Completed,1983.0,1020.0
ORD0007985,2024-06-10,20240610,CUS02518,3,EMP0075,Debit Card,Completed,144.0,70.0
ORD0004179,2024-06-10,20240610,CUS02464,2,EMP0053,Debit Card,Completed,216.0,120.0
ORD0009357,2024-06-10,20240610,CUS02488,11,EMP0164,  Debit Card  ,Completed,1535.5,750.0
ORD0005313,2024-06-10,20240610,CUS00222,1,EMP0007,  Cash  ,Completed,645.0,330.0
ORD0007763,2024-06-10,20240610,CUS00416,8,EMP0137,Debit Card,Completed,990.5,520.0
ORD0007639,2024-06-11,20240611,CUS01918,10,EMP0162,  Cash  ,Completed,1064.0,530.0
ORD0008816,2024-06-11,20240611,CUS02167,5,EMP0096,Cash,Completed,351.5,180.0
ORD0004737,2024-06-11,20240611,CUS01726,13,EMP0188,InstaPay,Completed,11590.0,9800.0
ORD0005145,2024-06-11,20240611,CUS00444,14,EMP0202,InstaPay,Completed,126.0,60.0
ORD0002529,2024-06-11,20240611,CUS01766,4,EMP0086,Vodafone Cash,Returned,2333.0,1240.0
ORD0003381,2024-06-11,20240611,CUS00500,6,,Credit Card,Completed,332.5,170.0
ORD0011387,2024-06-11,20240611,CUS02239,11,EMP0167,Debit Card,Completed,232.0,120.0
ORD0011763,2024-06-11,20240611,CUS01338,1,EMP0014,Credit Card,Cancelled,215.0,120.0
ORD0009955,2024-06-11,20240611,CUS00398,4,EMP0089,Fawry,Cancelled,37705.5,31840.0
ORD0003028,2024-06-11,20240611,CUS01459,1,EMP0015,Credit Card,Completed,2328.0,1280.0
ORD0009721,2024-06-12,20240612,CUS01865,6,EMP0116,Cash,Completed,840.0,410.0
ORD0005344,2024-06-12,20240612,CUS00067,4,EMP0092,Debit Card,Completed,127.5,70.0
ORD0007072,2024-06-12,20240612,CUS00832,11,EMP0171,Credit Card,Completed,420.0,210.0
ORD0002783,2024-06-12,20240612,CUS00754,6,,InstaPay,Completed,838.5,420.0
ORD0004117,2024-06-12,20240612,CUS01090,11,EMP0171,Fawry,Completed,1409.0,860.0
ORD0011543,2024-06-12,20240612,CUS02339,2,EMP0035,Credit Card,Returned,204.0,120.0
ORD0006119,2024-06-12,20240612,CUS01767,14,EMP0200,Debit Card,Completed,160.0,80.0
ORD0004199,2024-06-12,20240612,CUS00559,14,EMP0202,  Cash  ,Completed,71276.5,59700.0
ORD0010672,2024-06-12,20240612,CUS02422,1,EMP0010,Debit Card,Completed,17170.0,16200.0
ORD0000970,2024-06-12,20240612,CUS01312,4,EMP0086,Fawry,Completed,4857.0,2870.0
ORD0009776,2024-06-12,20240612,CUS02435,4,EMP0085,Fawry,Completed,5900.0,4700.0
ORD0004507,2024-06-12,20240612,CUS00568,4,EMP0080,Credit Card,Completed,1278.0,700.0
ORD0001072,2024-06-12,20240612,CUS01903,8,EMP0142,Vodafone Cash,Completed,12000.0,12800.0
ORD0003204,2024-06-12,20240612,CUS01835,7,EMP0131,InstaPay,Cancelled,390.0,180.0
ORD0011882,2024-06-12,20240612,CUS02430,2,EMP0029,Debit Card,Completed,396.0,200.0
ORD0005670,2024-06-12,20240612,CUS01027,11,EMP0166,Vodafone Cash,Completed,61424.5,48530.0
ORD0011006,2024-06-12,20240612,CUS01322,13,EMP0188,Credit Card,Completed,595.5,320.0
ORD0007625,2024-06-12,20240612,CUS02662,14,EMP0203,  Cash  ,Completed,1984.0,990.0
ORD0011361,2024-06-13,20240613,CUS01930,14,EMP0199,  Debit Card  ,Cancelled,248.0,130.0
ORD0000520,2024-06-13,20240613,CUS02029,2,EMP0050,Cash,Completed,2629.5,1600.0
ORD0008684,2024-06-13,20240613,CUS00765,3,EMP0068,Cash,Completed,969.0,510.0
ORD0005012,2024-06-13,20240613,CUS01295,4,EMP0087,Debit Card,Completed,2151.0,1470.0
ORD0008822,2024-06-13,20240613,CUS01952,7,EMP0128,Credit Card,Completed,31567.0,25410.0
ORD0006190,2024-06-13,20240613,CUS02738,11,EMP0169,  Cash  ,Cancelled,570.0,270.0
ORD0006189,2024-06-13,20240613,CUS00565,14,EMP0198,Credit Card,Completed,26209.0,22000.0
ORD0005733,2024-06-14,20240614,CUS02658,2,EMP0044,Credit Card,Completed,189.0,100.0
ORD0011670,2024-06-14,20240614,CUS00544,4,EMP0079,Vodafone Cash,Completed,342.0,160.0
ORD0009021,2024-06-14,20240614,CUS01865,4,EMP0094,Credit Card,Completed,1851.0,900.0
ORD0004820,2024-06-14,20240614,CUS00597,6,EMP0119,  Fawry  ,Completed,1406.0,780.0
ORD0011916,2024-06-14,20240614,CUS01338,1,EMP0024,  Vodafone Cash  ,Completed,390.0,180.0
ORD0011321,2024-06-14,20240614,CUS02539,2,EMP0033,Debit Card,Completed,4250.0,4000.0
ORD0006294,2024-06-14,20240614,CUS02117,6,EMP0123,Vodafone Cash,Cancelled,2985.0,1590.0
ORD0003989,2024-06-14,20240614,CUS00360,2,EMP0045,  Debit Card  ,Completed,720.0,390.0
ORD0005588,2024-06-14,20240614,CUS02469,10,EMP0157,Vodafone Cash,Completed,1089.0,530.0
ORD0011832,2024-06-14,20240614,CUS01211,5,EMP0112,Fawry,Completed,414.0,220.0
ORD0006064,2024-06-14,20240614,CUS02561,4,EMP0086,Cash,Completed,979.0,530.0
ORD0008650,2024-06-14,20240614,CUS02264,11,EMP0167,Fawry,Completed,5138.0,2680.0
ORD0003941,2024-06-14,20240614,CUS00721,11,EMP0170,InstaPay,Completed,695.0,390.0
ORD0002471,2024-06-15,20240615,CUS00885,8,EMP0142,Vodafone Cash,Completed,300.0,200.0
ORD0003365,2024-06-15,20240615,CUS01199,4,EMP0082,  Vodafone Cash  ,Completed,720.0,350.0
ORD0011497,2024-06-15,20240615,CUS00245,10,EMP0157,Credit Card,Completed,765.0,420.0
ORD0005140,2024-06-15,20240615,CUS00348,3,EMP0077,Credit Card,Completed,588.0,310.0
ORD0008632,2024-06-15,20240615,CUS00416,13,EMP0191,Vodafone Cash,Completed,770.0,440.0
ORD0009841,2024-06-15,20240615,CUS02701,12,EMP0184,  Vodafone Cash  ,Completed,12599.5,10000.0
ORD0003721,2024-06-15,20240615,CUS02451,10,,Debit Card,Completed,160.0,70.0
ORD0004020,2024-06-15,20240615,CUS01964,10,EMP0155,Vodafone Cash,Completed,7200.0,5600.0
ORD0004193,2024-06-15,20240615,CUS01666,5,EMP0105,  Credit Card  ,Completed,2204.0,1110.0
ORD0008048,2024-06-16,20240616,CUS00049,4,EMP0094,  Cash  ,Completed,1989.0,1140.0
ORD0006878,2024-06-16,20240616,CUS01378,3,EMP0078,InstaPay,Completed,1720.0,840.0
ORD0002643,2024-06-16,20240616,CUS01332,3,EMP0057,Fawry,Cancelled,3050.0,1520.0
ORD0001583,2024-06-16,20240616,CUS02054,10,EMP0160,Vodafone Cash,Completed,440.0,220.0
ORD0005596,2024-06-16,20240616,CUS01490,5,EMP0096,  Credit Card  ,Completed,360.0,220.0
ORD0000191,2024-06-16,20240616,CUS02906,3,EMP0058,Debit Card,Completed,1920.0,950.0
ORD0004062,2024-06-16,20240616,CUS01928,5,EMP0099,Fawry,Completed,2263.0,1220.0
ORD0005502,2024-06-16,20240616,CUS01969,3,EMP0068,InstaPay,Completed,653.0,340.0
ORD0002488,2024-06-16,20240616,CUS00406,7,EMP0130,Cash,Completed,21280.0,17800.0
ORD0009642,2024-06-16,20240616,CUS00863,8,EMP0142,Debit Card,Completed,2080.0,1000.0
ORD0007460,2024-06-16,20240616,CUS01238,5,EMP0096,  InstaPay  ,Completed,1248.0,780.0
ORD0006509,2024-06-16,20240616,CUS02633,3,EMP0078,Credit Card,Completed,1140.0,570.0
ORD0011772,2024-06-16,20240616,CUS00554,12,EMP0182,Fawry,Completed,3240.0,1810.0
ORD0005257,2024-06-16,20240616,CUS01886,2,EMP0036,Cash,Returned,1200.0,590.0
ORD0004795,2024-06-17,20240617,CUS00163,9,EMP0147,Debit Card,Completed,5241.0,4180.0
ORD0008030,2024-06-17,20240617,CUS01514,1,EMP0008,InstaPay,Completed,855.0,410.0
ORD0011236,2024-06-17,20240617,CUS02053,15,EMP0207,  Vodafone Cash  ,Completed,1600.0,780.0
ORD0007031,2024-06-17,20240617,CUS01549,1,EMP0023,Cash,Completed,590.0,290.0
ORD0009731,2024-06-17,20240617,CUS02896,2,EMP0050,Vodafone Cash,Completed,608.0,280.0
ORD0003095,2024-06-17,20240617,CUS00315,2,EMP0038,Vodafone Cash,Completed,897.0,550.0
ORD0005120,2024-06-17,20240617,CUS01109,5,EMP0110,Debit Card,Completed,1152.0,630.0
ORD0001047,2024-06-17,20240617,CUS02333,3,EMP0058,Debit Card,Completed,114.0,60.0
ORD0008761,2024-06-17,20240617,CUS01821,8,EMP0139,Vodafone Cash,Cancelled,536.0,280.0
ORD0004159,2024-06-17,20240617,CUS00773,3,EMP0057,  Fawry  ,Completed,475.0,280.0
ORD0009124,2024-06-17,20240617,CUS02346,15,EMP0204,Vodafone Cash,Completed,680.0,600.0
ORD0001040,2024-06-17,20240617,CUS01569,6,EMP0117,Vodafone Cash,Completed,300.0,140.0
ORD0001271,2024-06-17,20240617,CUS00861,7,EMP0127,InstaPay,Cancelled,90.0,60.0
ORD0001696,2024-06-17,20240617,CUS00200,12,EMP0176,Cash,Completed,1674.0,920.0
ORD0007454,2024-06-17,20240617,CUS02113,13,EMP0190,  Vodafone Cash  ,Completed,74932.0,59880.0
ORD0000195,2024-06-17,20240617,CUS02509,3,EMP0071,  Vodafone Cash  ,Completed,1728.0,1080.0
ORD0003487,2024-06-17,20240617,CUS01750,14,EMP0197,Credit Card,Completed,140.0,70.0
ORD0003064,2024-06-18,20240618,CUS02206,6,EMP0116,  Debit Card  ,Completed,528.0,280.0
ORD0008975,2024-06-18,20240618,CUS02620,2,EMP0032,Vodafone Cash,Completed,494.0,240.0
ORD0002715,2024-06-18,20240618,CUS02079,8,EMP0140,Debit Card,Completed,16142.0,12670.0
ORD0001733,2024-06-18,20240618,CUS00822,9,EMP0151,Vodafone Cash,Completed,10530.0,7840.0
ORD0002056,2024-06-18,20240618,CUS02383,7,EMP0135,Fawry,Completed,19500.0,20020.0
ORD0000258,2024-06-18,20240618,CUS02121,2,EMP0051,Credit Card,Completed,240.0,140.0
ORD0006797,2024-06-18,20240618,CUS01991,13,EMP0190,Vodafone Cash,Completed,690.0,330.0
ORD0008566,2024-06-18,20240618,CUS00063,2,EMP0050,Cash,Completed,18525.0,15600.0
ORD0010652,2024-06-18,20240618,CUS00834,2,EMP0033,Debit Card,Completed,300.0,150.0
ORD0011797,2024-06-18,20240618,CUS02025,3,EMP0058,Fawry,Completed,740.0,360.0
ORD0011326,2024-06-18,20240618,CUS00551,12,EMP0179,  InstaPay  ,Completed,142.5,70.0
ORD0001476,2024-06-18,20240618,CUS01771,5,EMP0105,Credit Card,Completed,826.0,430.0
ORD0007221,2024-06-18,20240618,CUS01456,8,EMP0143,Debit Card,Completed,150.0,70.0
ORD0005058,2024-06-19,20240619,CUS00427,2,EMP0034,Fawry,Completed,1962.5,980.0
ORD0006109,2024-06-19,20240619,CUS02003,2,EMP0043,Vodafone Cash,Returned,1356.0,740.0
ORD0007045,2024-06-19,20240619,CUS01651,10,EMP0160,Fawry,Completed,600.0,500.0
ORD0003166,2024-06-19,20240619,CUS02740,5,EMP0112,Vodafone Cash,Completed,1542.0,780.0
ORD0011417,2024-06-19,20240619,CUS02185,9,EMP0145,Vodafone Cash,Completed,302.0,150.0
ORD0002856,2024-06-19,20240619,CUS00684,10,EMP0159,Cash,Completed,5000.0,4000.0
ORD0006111,2024-06-19,20240619,CUS01642,14,,InstaPay,Completed,742.0,440.0
ORD0011976,2024-06-19,20240619,CUS00005,6,EMP0121,Debit Card,Completed,1340.0,670.0
ORD0002070,2024-06-20,20240620,CUS02114,1,EMP0026,Debit Card,Completed,440.0,210.0
ORD0000399,2024-06-20,20240620,CUS02780,2,EMP0041,InstaPay,Completed,2000.0,960.0
ORD0004800,2024-06-20,20240620,CUS02194,2,EMP0054,Debit Card,Completed,171.0,90.0
ORD0000381,2024-06-20,20240620,CUS02937,3,EMP0056,Vodafone Cash,Completed,11561.5,9580.0
ORD0005217,2024-06-20,20240620,CUS00086,6,EMP0116,Vodafone Cash,Completed,22680.0,17630.0
ORD0002682,2024-06-20,20240620,CUS02315,5,EMP0104,Debit Card,Completed,2507.5,1680.0
ORD0007841,2024-06-20,20240620,CUS02775,12,EMP0174,Debit Card,Completed,2113.0,1160.0
ORD0008445,2024-06-20,20240620,CUS02062,5,EMP0095,Fawry,Completed,1555.5,1360.0
ORD0007623,2024-06-20,20240620,CUS00501,6,EMP0121,Vodafone Cash,Completed,844.0,420.0
ORD0001535,2024-06-20,20240620,CUS02034,6,EMP0123,Cash,Completed,266.0,120.0
ORD0011773,2024-06-21,20240621,CUS00317,4,,Credit Card,Completed,390.0,240.0
ORD0000856,2024-06-21,20240621,CUS01089,1,EMP0004,Credit Card,Completed,10200.0,8100.0
ORD0003685,2024-06-21,20240621,CUS00617,8,,  Fawry  ,Cancelled,1868.5,940.0
ORD0007414,2024-06-21,20240621,CUS01227,3,EMP0075,Credit Card,Completed,1797.0,960.0
ORD0009614,2024-06-21,20240621,CUS01162,3,EMP0066,Vodafone Cash,Completed,765.0,420.0
ORD0008008,2024-06-21,20240621,CUS02746,12,EMP0184,  Fawry  ,Completed,313.5,160.0
ORD0000294,2024-06-21,20240621,CUS00083,5,EMP0106,Cash,Cancelled,324.0,180.0
ORD0005779,2024-06-21,20240621,CUS01345,10,EMP0156,Debit Card,Completed,595.0,350.0
ORD0008667,2024-06-21,20240621,CUS00456,6,EMP0125,Cash,Completed,210.0,100.0
ORD0007551,2024-06-21,20240621,CUS01754,4,EMP0090,Debit Card,Completed,740.0,400.0
ORD0003540,2024-06-21,20240621,CUS02164,6,EMP0123,InstaPay,Completed,1404.0,750.0
ORD0009637,2024-06-21,20240621,CUS02441,9,EMP0145,  InstaPay  ,Completed,1200.0,580.0
ORD0002817,2024-06-21,20240621,CUS01837,1,EMP0009,InstaPay,Completed,480.0,230.0
ORD0005856,2024-06-22,20240622,CUS00976,1,EMP0027,  Credit Card  ,Completed,1452.0,830.0
ORD0004856,2024-06-22,20240622,CUS00679,4,EMP0082,  Debit Card  ,Completed,238.0,170.0
ORD0002943,2024-06-22,20240622,CUS02359,1,EMP0024,Vodafone Cash,Completed,460.0,220.0
ORD0002590,2024-06-22,20240622,CUS00746,7,EMP0128,Debit Card,Completed,5479.0,4280.0
ORD0009952,2024-06-22,20240622,CUS02568,12,EMP0178,Cash,Completed,9320.0,8140.0
ORD0006326,2024-06-22,20240622,CUS00513,14,EMP0196,  InstaPay  ,Returned,11740.0,11160.0
ORD0007098,2024-06-22,20240622,CUS00789,9,EMP0150,InstaPay,Completed,680.0,320.0
ORD0011873,2024-06-22,20240622,CUS00496,3,EMP0071,Debit Card,Completed,719.0,390.0
ORD0009029,2024-06-23,20240623,CUS01608,4,EMP0087,InstaPay,Completed,795.0,510.0
ORD0008507,2024-06-23,20240623,CUS02296,12,EMP0183,Credit Card,Completed,710.0,340.0
ORD0007387,2024-06-23,20240623,CUS02345,1,EMP0019,Debit Card,Completed,4760.0,4080.0
ORD0007290,2024-06-23,20240623,CUS00169,2,EMP0032,Credit Card,Completed,1040.0,560.0
ORD0001909,2024-06-23,20240623,CUS00956,9,,InstaPay,Returned,350.0,170.0
ORD0001364,2024-06-23,20240623,CUS01071,5,EMP0102,InstaPay,Cancelled,41268.0,32650.0
ORD0006936,2024-06-23,20240623,CUS01180,1,EMP0017,Fawry,Completed,1912.0,960.0
ORD0002341,2024-06-23,20240623,CUS02849,11,EMP0165,Fawry,Completed,2592.5,1300.0
ORD0006745,2024-06-23,20240623,CUS01194,2,EMP0039,  Credit Card  ,Completed,1040.0,490.0
ORD0010410,2024-06-23,20240623,CUS02769,11,EMP0172,Vodafone Cash,Completed,450.5,230.0
ORD0003323,2024-06-23,20240623,CUS00100,5,EMP0109,InstaPay,Completed,2064.5,1190.0
ORD0001870,2024-06-24,20240624,CUS02609,11,EMP0170,InstaPay,Cancelled,1353.0,670.0
ORD0008871,2024-06-24,20240624,CUS01447,15,EMP0210,Debit Card,Completed,33660.0,31500.0
ORD0009618,2024-06-24,20240624,CUS00391,1,EMP0026,Credit Card,Completed,1010.0,500.0
ORD0008571,2024-06-24,20240624,CUS00143,3,,  Credit Card  ,Returned,136.0,70.0
ORD0003294,2024-06-24,20240624,CUS01085,3,EMP0075,Cash,Returned,408.0,210.0
ORD0001976,2024-06-24,20240624,CUS01129,4,EMP0089,Credit Card,Completed,853.0,440.0
ORD0006604,2024-06-24,20240624,CUS02652,1,EMP0011,  Debit Card  ,Completed,272.0,140.0
ORD0006673,2024-06-24,20240624,CUS02122,4,EMP0093,Fawry,Completed,16296.0,12680.0
ORD0010658,2024-06-24,20240624,CUS01951,4,EMP0093,InstaPay,Completed,823.5,450.0
ORD0009196,2024-06-24,20240624,CUS00645,4,EMP0079,Vodafone Cash,Completed,370.0,180.0
ORD0005745,2024-06-24,20240624,CUS02370,5,EMP0097,Cash,Cancelled,2619.5,1380.0
ORD0006759,2024-06-24,20240624,CUS00694,2,EMP0035,Vodafone Cash,Completed,4590.0,4000.0
ORD0011489,2024-06-24,20240624,CUS02904,2,EMP0038,Credit Card,Completed,1833.0,900.0
ORD0010665,2024-06-25,20240625,CUS01143,4,EMP0079,Fawry,Completed,437.0,230.0
ORD0001095,2024-06-25,20240625,CUS00455,3,EMP0057,Debit Card,Completed,130.0,60.0
ORD0002089,2024-06-25,20240625,CUS01278,6,EMP0120,  Vodafone Cash  ,Completed,10434.0,8120.0
ORD0008673,2024-06-25,20240625,CUS02887,2,EMP0042,Credit Card,Completed,2000.0,1600.0
ORD0011035,2024-06-25,20240625,CUS02465,6,EMP0119,Debit Card,Completed,465.5,240.0
ORD0001427,2024-06-25,20240625,CUS00589,2,EMP0031,  Credit Card  ,Completed,1243.0,620.0
ORD0004247,2024-06-25,20240625,CUS00700,7,,  InstaPay  ,Cancelled,513.0,260.0
ORD0003186,2024-06-26,20240626,CUS02398,11,EMP0166,Credit Card,Completed,958.0,510.0
ORD0007344,2024-06-26,20240626,CUS01416,8,EMP0138,Fawry,Completed,1920.0,1020.0
ORD0008356,2024-06-26,20240626,CUS00811,1,EMP0006,Fawry,Completed,1391.5,730.0
ORD0010123,2024-06-26,20240626,CUS01724,1,EMP0006,InstaPay,Completed,306.0,160.0
ORD0002914,2024-06-26,20240626,CUS01151,4,EMP0090,Vodafone Cash,Completed,144.0,80.0
ORD0006407,2024-06-26,20240626,CUS01542,2,EMP0044,Fawry,Completed,790.0,390.0
ORD0004911,2024-06-26,20240626,CUS00408,12,EMP0183,InstaPay,Completed,11393.0,10440.0
ORD0007819,2024-06-26,20240626,CUS02754,2,EMP0034,Fawry,Completed,513.0,280.0
ORD0004381,2024-06-26,20240626,CUS00439,4,EMP0080,  Vodafone Cash  ,Cancelled,690.0,340.0
ORD0007360,2024-06-26,20240626,CUS01065,7,EMP0127,  Vodafone Cash  ,Completed,1568.0,780.0
ORD0009941,2024-06-26,20240626,CUS02760,3,EMP0073,Vodafone Cash,Completed,9128.5,8320.0
ORD0011699,2024-06-26,20240626,CUS01152,2,EMP0044,Cash,Completed,900.0,440.0
ORD0007047,2024-06-26,20240626,CUS00697,2,EMP0051,  Cash  ,Returned,408.0,220.0
ORD0004441,2024-06-26,20240626,CUS02497,7,EMP0133,Credit Card,Completed,1580.5,1160.0
ORD0007465,2024-06-26,20240626,CUS02647,2,,Debit Card,Completed,1908.0,1080.0
ORD0002530,2024-06-27,20240627,CUS02216,3,EMP0078,Fawry,Returned,1846.0,980.0
ORD0010147,2024-06-27,20240627,CUS00163,14,EMP0195,Fawry,Completed,31684.0,27580.0
ORD0006556,2024-06-27,20240627,CUS00394,11,EMP0171,Credit Card,Completed,1066.5,620.0
ORD0007480,2024-06-27,20240627,CUS01847,3,,  Vodafone Cash  ,Completed,16923.0,13460.0
ORD0005934,2024-06-27,20240627,CUS01036,7,EMP0133,Debit Card,Completed,150.0,70.0
ORD0011807,2024-06-27,20240627,CUS02950,3,EMP0069,Debit Card,Completed,1280.0,780.0
ORD0009767,2024-06-27,20240627,CUS01252,7,EMP0135,InstaPay,Completed,2108.5,1040.0
ORD0004324,2024-06-27,20240627,CUS01980,8,EMP0141,Cash,Completed,1020.0,480.0
ORD0009063,2024-06-27,20240627,CUS02142,6,EMP0121,Credit Card,Completed,1780.0,880.0
ORD0010113,2024-06-27,20240627,CUS01356,1,EMP0028,Debit Card,Completed,260.0,130.0
ORD0004016,2024-06-27,20240627,CUS00902,12,EMP0184,Credit Card,Completed,414.0,220.0
ORD0006494,2024-06-27,20240627,CUS00645,2,EMP0054,Cash,Completed,420.0,210.0
ORD0000871,2024-06-28,20240628,CUS02515,4,EMP0090,InstaPay,Completed,3708.0,2160.0
ORD0004351,2024-06-28,20240628,CUS01381,3,EMP0072,Cash,Completed,2000.0,1600.0
ORD0005739,2024-06-28,20240628,CUS02917,1,EMP0024,Debit Card,Completed,2174.0,1140.0
ORD0007574,2024-06-28,20240628,CUS02363,3,EMP0065,Credit Card,Completed,682.0,370.0
ORD0011158,2024-06-28,20240628,CUS00484,6,,Vodafone Cash,Completed,1008.0,600.0
ORD0002479,2024-06-28,20240628,CUS00799,10,EMP0154,Cash,Completed,738.0,400.0
ORD0007226,2024-06-28,20240628,CUS02212,5,EMP0106,Vodafone Cash,Completed,360.0,170.0
ORD0005361,2024-06-28,20240628,CUS02824,11,EMP0170,Debit Card,Cancelled,770.0,380.0
ORD0010283,2024-06-28,20240628,CUS00393,6,EMP0124,  Credit Card  ,Returned,720.0,600.0
ORD0004008,2024-06-28,20240628,CUS01820,1,,Fawry,Returned,285.0,140.0
ORD0010996,2024-06-28,20240628,CUS01463,4,EMP0084,Debit Card,Completed,379.0,190.0
ORD0006782,2024-06-28,20240628,CUS00620,4,EMP0082,  InstaPay  ,Completed,850.0,420.0
ORD0001463,2024-06-28,20240628,CUS02167,15,EMP0205,Vodafone Cash,Completed,10900.0,8700.0
ORD0000815,2024-06-29,20240629,CUS00516,2,EMP0031,Vodafone Cash,Completed,15416.0,13200.0
ORD0005258,2024-06-29,20240629,CUS02708,15,EMP0205,InstaPay,Returned,117.0,60.0
ORD0006474,2024-06-29,20240629,CUS02521,2,EMP0051,Cash,Completed,1200.0,600.0
ORD0007591,2024-06-29,20240629,CUS01706,10,EMP0155,Debit Card,Completed,12989.0,11780.0
ORD0000528,2024-06-29,20240629,CUS02881,10,EMP0162,InstaPay,Completed,153.0,80.0
ORD0006004,2024-06-30,20240630,CUS00182,4,EMP0085,Credit Card,Completed,374.0,220.0
ORD0000759,2024-06-30,20240630,CUS02753,4,EMP0085,Cash,Completed,969.0,500.0
ORD0010533,2024-06-30,20240630,CUS00389,4,EMP0084,Credit Card,Returned,11132.5,10810.0
ORD0003266,2024-06-30,20240630,CUS01849,5,EMP0112,Vodafone Cash,Cancelled,270.0,130.0
ORD0010070,2024-06-30,20240630,CUS02107,8,EMP0143,Debit Card,Completed,1192.5,580.0
ORD0004136,2024-06-30,20240630,CUS00720,9,EMP0145,Credit Card,Completed,309.0,180.0
ORD0008016,2024-06-30,20240630,CUS00441,13,EMP0188,InstaPay,Completed,474.0,270.0
ORD0001146,2024-06-30,20240630,CUS00555,7,EMP0135,InstaPay,Completed,480.0,230.0
ORD0004739,2024-06-30,20240630,CUS02467,7,EMP0130,InstaPay,Completed,382.5,240.0
ORD0004732,2024-06-30,20240630,CUS02400,2,EMP0042,Debit Card,Returned,3216.0,2260.0
ORD0007656,2024-06-30,20240630,CUS01159,14,EMP0200,Credit Card,Completed,4122.5,3250.0
ORD0000779,2024-06-30,20240630,CUS02776,7,EMP0131,Cash,Completed,648.0,360.0
ORD0009203,2024-07-01,20240701,CUS00009,1,EMP0005,Fawry,Completed,3348.0,2460.0
ORD0010788,2024-07-01,20240701,CUS01435,1,EMP0008,  Credit Card  ,Completed,937.5,540.0
ORD0011518,2024-07-01,20240701,CUS02719,4,EMP0087,  Vodafone Cash  ,Completed,288.0,150.0
ORD0009491,2024-07-01,20240701,CUS02503,11,EMP0173,Cash,Completed,195.5,110.0
ORD0011827,2024-07-01,20240701,CUS00289,5,EMP0102,  Cash  ,Completed,519.0,300.0
ORD0007594,2024-07-01,20240701,CUS00009,2,EMP0040,InstaPay,Completed,1057.5,570.0
ORD0002866,2024-07-01,20240701,CUS02100,4,EMP0089,Fawry,Completed,288.0,140.0
ORD0010984,2024-07-01,20240701,CUS01825,3,EMP0070,Debit Card,Completed,1380.0,690.0
ORD0008177,2024-07-01,20240701,CUS02372,6,EMP0116,Debit Card,Completed,2580.0,1810.0
ORD0004994,2024-07-01,20240701,CUS01077,3,,Credit Card,Completed,364.0,200.0
ORD0009961,2024-07-01,20240701,CUS00353,1,EMP0027,Vodafone Cash,Completed,6022.0,4760.0
ORD0010941,2024-07-01,20240701,CUS00310,2,EMP0032,Credit Card,Completed,7424.0,5590.0
ORD0006561,2024-07-01,20240701,CUS01714,11,EMP0173,Credit Card,Returned,32885.0,26020.0
ORD0007975,2024-07-01,20240701,CUS00232,9,EMP0145,Vodafone Cash,Completed,906.0,540.0
ORD0007545,2024-07-01,20240701,CUS00242,13,EMP0191,Fawry,Completed,2963.5,1550.0
ORD0004935,2024-07-02,20240702,CUS01283,2,EMP0034,Cash,Completed,2347.0,1980.0
ORD0002572,2024-07-02,20240702,CUS00388,1,EMP0028,Credit Card,Completed,630.0,300.0
ORD0009269,2024-07-02,20240702,CUS00116,6,EMP0120,InstaPay,Completed,323.0,160.0
ORD0002787,2024-07-02,20240702,CUS00118,3,EMP0062,Credit Card,Returned,1367.5,700.0
ORD0005492,2024-07-02,20240702,CUS00351,1,EMP0016,Fawry,Completed,675.0,360.0
ORD0010093,2024-07-02,20240702,CUS00592,2,EMP0029,  Credit Card  ,Returned,9044.5,7010.0
ORD0011197,2024-07-02,20240702,CUS01026,2,EMP0040,Credit Card,Returned,11626.0,10140.0
ORD0002485,2024-07-02,20240702,CUS00501,8,EMP0139,Fawry,Completed,3572.0,3020.0
ORD0001694,2024-07-02,20240702,CUS00364,5,EMP0100,Fawry,Completed,640.0,320.0
ORD0011660,2024-07-02,20240702,CUS00873,15,EMP0210,Debit Card,Cancelled,14937.0,12710.0
ORD0004380,2024-07-02,20240702,CUS00781,1,EMP0005,Credit Card,Completed,243.0,130.0
ORD0009694,2024-07-02,20240702,CUS00729,11,EMP0164,Cash,Completed,756.0,400.0
ORD0008425,2024-07-02,20240702,CUS02351,11,EMP0170,InstaPay,Completed,225.0,140.0
ORD0011906,2024-07-02,20240702,CUS00178,11,EMP0167,Cash,Completed,3260.0,2520.0
ORD0009724,2024-07-03,20240703,CUS01153,13,EMP0185,Cash,Completed,1244.0,690.0
ORD0009390,2024-07-03,20240703,CUS02805,2,EMP0030,  InstaPay  ,Returned,2413.0,1870.0
ORD0006279,2024-07-03,20240703,CUS00455,1,EMP0020,Credit Card,Returned,231.0,140.0
ORD0003738,2024-07-03,20240703,CUS01178,1,EMP0026,Vodafone Cash,Returned,252.0,140.0
ORD0004141,2024-07-03,20240703,CUS00671,14,EMP0198,Debit Card,Returned,587.0,290.0
ORD0008451,2024-07-03,20240703,CUS01471,2,EMP0051,InstaPay,Completed,432.0,230.0
ORD0007131,2024-07-03,20240703,CUS01020,15,EMP0205,InstaPay,Completed,76.0,40.0
ORD0006207,2024-07-03,20240703,CUS02193,5,EMP0105,Credit Card,Completed,1348.0,650.0
ORD0003497,2024-07-03,20240703,CUS02948,3,EMP0066,  Credit Card  ,Completed,648.0,360.0
ORD0007471,2024-07-04,20240704,CUS02238,6,EMP0113,Credit Card,Completed,1064.0,570.0
ORD0003792,2024-07-04,20240704,CUS02233,3,EMP0059,  Cash  ,Completed,4471.0,3890.0
ORD0008965,2024-07-04,20240704,CUS01473,5,EMP0109,Cash,Completed,19405.0,17290.0
ORD0011977,2024-07-04,20240704,CUS00787,5,EMP0108,  Vodafone Cash  ,Completed,25750.0,22940.0
ORD0007369,2024-07-04,20240704,CUS02171,6,EMP0121,Cash,Completed,1789.0,930.0
ORD0008676,2024-07-04,20240704,CUS01393,2,EMP0048,InstaPay,Completed,1571.5,800.0
ORD0005215,2024-07-04,20240704,CUS01862,3,EMP0071,InstaPay,Completed,457.5,300.0
ORD0001435,2024-07-04,20240704,CUS02063,1,EMP0026,Cash,Completed,1232.0,760.0
ORD0002281,2024-07-04,20240704,CUS00673,15,EMP0212,  InstaPay  ,Completed,2002.0,1130.0
ORD0009946,2024-07-04,20240704,CUS00271,3,EMP0073,Fawry,Completed,608.0,280.0
ORD0005646,2024-07-04,20240704,CUS01421,4,EMP0094,Cash,Returned,1288.5,810.0
ORD0011894,2024-07-04,20240704,CUS00223,10,EMP0156,  Fawry  ,Completed,243.0,120.0
ORD0008686,2024-07-05,20240705,CUS00577,4,EMP0088,Cash,Completed,14560.0,11490.0
ORD0011994,2024-07-05,20240705,CUS01538,4,EMP0090,Credit Card,Returned,17246.0,13310.0
ORD0006309,2024-07-05,20240705,CUS01817,2,EMP0037,Cash,Returned,190.0,90.0
ORD0010656,2024-07-05,20240705,CUS01134,15,EMP0205,Fawry,Completed,1385.5,700.0
ORD0006778,2024-07-05,20240705,CUS00444,15,EMP0205,  Cash  ,Completed,43642.0,44140.0
ORD0003972,2024-07-05,20240705,CUS01213,6,EMP0121,Fawry,Completed,342.0,160.0
ORD0000299,2024-07-05,20240705,CUS02771,3,EMP0065,Debit Card,Returned,865.0,490.0
ORD0010777,2024-07-05,20240705,CUS00494,4,EMP0085,Credit Card,Completed,540.0,280.0
ORD0002712,2024-07-05,20240705,CUS02765,14,EMP0197,  Debit Card  ,Completed,622.0,300.0
ORD0010833,2024-07-05,20240705,CUS00384,8,EMP0143,Vodafone Cash,Completed,1915.0,1100.0
ORD0001922,2024-07-05,20240705,CUS01435,9,EMP0145,Debit Card,Returned,1000.0,800.0
ORD0010888,2024-07-05,20240705,CUS01574,1,EMP0028,  Credit Card  ,Completed,1150.0,570.0
ORD0007097,2024-07-05,20240705,CUS00495,6,EMP0120,InstaPay,Cancelled,285.0,140.0
ORD0009802,2024-07-06,20240706,CUS02783,1,EMP0002,Fawry,Completed,359.0,170.0
ORD0006416,2024-07-06,20240706,CUS00286,1,EMP0003,Debit Card,Cancelled,820.0,360.0
ORD0010625,2024-07-06,20240706,CUS01716,4,EMP0082,  Cash  ,Returned,126.0,70.0
ORD0011928,2024-07-06,20240706,CUS00955,4,EMP0091,InstaPay,Cancelled,1518.0,790.0
ORD0000573,2024-07-06,20240706,CUS01894,11,EMP0170,InstaPay,Returned,280.0,130.0
ORD0001174,2024-07-06,20240706,CUS02627,5,EMP0097,Cash,Completed,14832.0,13830.0
ORD0008164,2024-07-07,20240707,CUS01549,10,EMP0155,Cash,Completed,13187.0,9910.0
ORD0009423,2024-07-07,20240707,CUS01005,2,EMP0046,Cash,Completed,27432.0,21680.0
ORD0003392,2024-07-07,20240707,CUS01726,4,EMP0090,Fawry,Completed,924.0,640.0
ORD0002747,2024-07-07,20240707,CUS02098,8,EMP0140,Debit Card,Completed,1548.0,880.0
ORD0008597,2024-07-07,20240707,CUS02470,5,EMP0111,Fawry,Completed,399.5,230.0
ORD0008385,2024-07-07,20240707,CUS02611,3,EMP0065,Cash,Completed,324.0,170.0
ORD0010430,2024-07-07,20240707,CUS01512,3,EMP0074,InstaPay,Completed,2094.0,1150.0
ORD0000264,2024-07-07,20240707,CUS02293,1,EMP0009,Vodafone Cash,Completed,1396.0,700.0
ORD0011302,2024-07-07,20240707,CUS00586,7,EMP0134,Credit Card,Cancelled,142.5,70.0
ORD0006299,2024-07-07,20240707,CUS02049,14,EMP0196,  Fawry  ,Completed,717.0,410.0
ORD0000416,2024-07-07,20240707,CUS02791,6,EMP0113,  Vodafone Cash  ,Completed,600.0,280.0
ORD0011942,2024-07-07,20240707,CUS01151,2,EMP0053,Fawry,Completed,25080.0,21000.0
ORD0009249,2024-07-07,20240707,CUS01187,2,EMP0045,Debit Card,Returned,600.0,270.0
ORD0008925,2024-07-07,20240707,CUS00508,3,EMP0069,  Debit Card  ,Completed,90.0,40.0
ORD0006851,2024-07-07,20240707,CUS02204,7,EMP0135,Credit Card,Returned,160.0,70.0
ORD0009736,2024-07-07,20240707,CUS02799,4,EMP0088,Credit Card,Completed,507.0,340.0
ORD0000563,2024-07-07,20240707,CUS01569,1,EMP0015,Fawry,Completed,1045.0,540.0
ORD0009325,2024-07-08,20240708,CUS02207,2,EMP0035,Credit Card,Completed,548.0,280.0
ORD0001379,2024-07-08,20240708,CUS00797,2,,Fawry,Completed,3077.5,1520.0
ORD0010863,2024-07-08,20240708,CUS01648,3,EMP0077,Vodafone Cash,Completed,698.5,390.0
ORD0008514,2024-07-08,20240708,CUS02488,3,EMP0075,Credit Card,Completed,204.0,120.0
ORD0010645,2024-07-08,20240708,CUS01083,7,EMP0132,  Fawry  ,Completed,2704.0,1340.0
ORD0005178,2024-07-08,20240708,CUS01228,9,EMP0149,Vodafone Cash,Completed,119.0,70.0
ORD0009024,2024-07-08,20240708,CUS00891,15,EMP0209,  InstaPay  ,Cancelled,1156.0,680.0
ORD0000722,2024-07-09,20240709,CUS00110,11,EMP0173,Cash,Completed,357.0,250.0
ORD0006558,2024-07-09,20240709,CUS02341,5,EMP0108,Debit Card,Completed,9476.0,8630.0
ORD0006690,2024-07-09,20240709,CUS00700,11,EMP0167,Debit Card,Completed,960.0,480.0
ORD0004349,2024-07-09,20240709,CUS01303,8,EMP0139,Fawry,Completed,135.0,70.0
ORD0009529,2024-07-09,20240709,CUS00238,6,EMP0123,Debit Card,Completed,2231.5,1440.0
ORD0009475,2024-07-09,20240709,CUS01866,8,,InstaPay,Completed,2640.0,2380.0
ORD0008078,2024-07-09,20240709,CUS01171,3,EMP0060,Credit Card,Completed,531.0,260.0
ORD0004339,2024-07-09,20240709,CUS01986,7,EMP0127,InstaPay,Cancelled,1047.0,540.0
ORD0009228,2024-07-09,20240709,CUS02767,1,EMP0013,Cash,Completed,17384.0,15150.0
ORD0008340,2024-07-09,20240709,CUS01774,4,EMP0083,Debit Card,Returned,285.0,140.0
ORD0003295,2024-07-09,20240709,CUS01731,12,EMP0181,  Debit Card  ,Completed,720.0,360.0
ORD0007015,2024-07-09,20240709,CUS01980,5,EMP0109,Fawry,Completed,700.0,340.0
ORD0011802,2024-07-09,20240709,CUS01907,11,EMP0166,Cash,Completed,2412.0,1280.0
ORD0008082,2024-07-10,20240710,CUS00895,3,EMP0065,Vodafone Cash,Completed,1678.0,1290.0
ORD0010414,2024-07-10,20240710,CUS02368,2,EMP0048,Credit Card,Completed,2550.0,1270.0
ORD0001208,2024-07-10,20240710,CUS00309,5,EMP0111,InstaPay,Completed,300.0,150.0
ORD0000230,2024-07-10,20240710,CUS00998,2,EMP0039,Vodafone Cash,Completed,660.0,310.0
ORD0000442,2024-07-10,20240710,CUS00820,5,EMP0100,  Fawry  ,Completed,7440.5,5520.0
ORD0002797,2024-07-10,20240710,CUS00998,1,EMP0015,InstaPay,Completed,776.0,400.0
ORD0004857,2024-07-10,20240710,CUS00792,4,EMP0084,Vodafone Cash,Completed,440.0,210.0
ORD0006785,2024-07-11,20240711,CUS01711,5,EMP0111,Fawry,Returned,20628.0,16310.0
ORD0001495,2024-07-11,20240711,CUS02447,9,EMP0148,  Cash  ,Completed,243.0,120.0
ORD0002046,2024-07-11,20240711,CUS01949,6,EMP0118,  Debit Card  ,Completed,672.0,420.0
ORD0009188,2024-07-11,20240711,CUS02355,6,EMP0122,Debit Card,Completed,1593.0,850.0
ORD0004187,2024-07-11,20240711,CUS01112,6,EMP0119,Cash,Completed,144.0,80.0
ORD0007791,2024-07-11,20240711,CUS02683,10,EMP0152,Debit Card,Completed,405.0,260.0
ORD0009023,2024-07-11,20240711,CUS02851,12,,Vodafone Cash,Completed,261.0,140.0
ORD0003048,2024-07-11,20240711,CUS00240,5,EMP0103,Credit Card,Completed,22410.0,19800.0
ORD0008470,2024-07-11,20240711,CUS00172,12,EMP0183,Vodafone Cash,Completed,3208.0,1700.0
ORD0003476,2024-07-11,20240711,CUS02473,13,EMP0186,Credit Card,Cancelled,108.0,60.0
ORD0011666,2024-07-11,20240711,CUS00989,5,EMP0101,  Debit Card  ,Completed,990.0,470.0
ORD0010247,2024-07-11,20240711,CUS01451,3,EMP0061,Vodafone Cash,Completed,1291.0,880.0
ORD0011441,2024-07-11,20240711,CUS00283,3,,  Cash  ,Completed,1568.0,790.0
ORD0003382,2024-07-11,20240711,CUS02972,5,,  Debit Card  ,Completed,752.0,360.0
ORD0005657,2024-07-11,20240711,CUS02920,5,EMP0108,Debit Card,Completed,477.0,260.0
ORD0005337,2024-07-12,20240712,CUS01027,14,EMP0199,  InstaPay  ,Completed,2267.0,1160.0
ORD0000163,2024-07-12,20240712,CUS01875,3,EMP0060,Vodafone Cash,Returned,1366.0,700.0
ORD0005544,2024-07-12,20240712,CUS02266,7,EMP0136,InstaPay,Completed,150.0,70.0
ORD0003329,2024-07-12,20240712,CUS02657,4,EMP0087,Fawry,Cancelled,160.0,70.0
ORD0005131,2024-07-12,20240712,CUS01924,10,EMP0158,Credit Card,Completed,732.0,390.0
ORD0003049,2024-07-12,20240712,CUS00537,11,,  Cash  ,Completed,350.0,170.0
ORD0009805,2024-07-12,20240712,CUS02211,11,EMP0168,  Cash  ,Completed,3240.0,2800.0
ORD0008921,2024-07-12,20240712,CUS01715,11,EMP0166,Cash,Completed,606.0,320.0
ORD0008162,2024-07-12,20240712,CUS01624,3,EMP0069,  Vodafone Cash  ,Returned,119.0,70.0
ORD0003971,2024-07-12,20240712,CUS01389,2,EMP0032,Fawry,Completed,12460.0,14200.0
ORD0004627,2024-07-12,20240712,CUS01772,12,EMP0184,Vodafone Cash,Completed,545.0,330.0
ORD0006286,2024-07-13,20240713,CUS02544,9,EMP0145,Debit Card,Completed,3080.0,1520.0
ORD0007070,2024-07-13,20240713,CUS00748,13,EMP0187,  InstaPay  ,Completed,874.5,510.0
ORD0010752,2024-07-13,20240713,CUS01192,3,EMP0066,Debit Card,Completed,498.0,240.0
ORD0008982,2024-07-13,20240713,CUS00701,1,EMP0028,Credit Card,Completed,300.0,140.0
ORD0002257,2024-07-13,20240713,CUS01345,1,EMP0020,InstaPay,Completed,14826.0,12280.0
ORD0011515,2024-07-14,20240714,CUS00894,4,EMP0081,Fawry,Completed,170.0,100.0
ORD0004034,2024-07-14,20240714,CUS00201,6,EMP0120,  Vodafone Cash  ,Returned,1962.0,950.0
ORD0008000,2024-07-14,20240714,CUS01395,6,EMP0125,InstaPay,Returned,24768.0,25880.0
ORD0007554,2024-07-14,20240714,CUS00694,6,EMP0117,Credit Card,Completed,360.0,170.0
ORD0000880,2024-07-14,20240714,CUS02810,2,EMP0047,InstaPay,Completed,1090.0,530.0
ORD0009770,2024-07-14,20240714,CUS01758,3,EMP0069,InstaPay,Completed,1595.5,800.0
ORD0001649,2024-07-14,20240714,CUS00733,12,EMP0182,Fawry,Returned,14775.0,12190.0
ORD0001120,2024-07-14,20240714,CUS01502,9,,  InstaPay  ,Completed,790.0,380.0
ORD0002247,2024-07-14,20240714,CUS00124,11,,InstaPay,Completed,826.0,420.0
ORD0009764,2024-07-14,20240714,CUS02633,6,EMP0119,Cash,Cancelled,1641.0,820.0
ORD0001254,2024-07-15,20240715,CUS00817,5,EMP0097,Vodafone Cash,Completed,3816.0,3320.0
ORD0009090,2024-07-15,20240715,CUS00692,5,EMP0109,Debit Card,Completed,11880.0,10500.0
ORD0010900,2024-07-15,20240715,CUS02506,1,,Fawry,Completed,2986.0,1470.0
ORD0004267,2024-07-15,20240715,CUS01415,2,EMP0040,InstaPay,Cancelled,432.0,260.0
ORD0008701,2024-07-15,20240715,CUS01378,1,EMP0027,Credit Card,Completed,459.0,240.0
ORD0011798,2024-07-15,20240715,CUS01348,2,EMP0034,Vodafone Cash,Completed,1590.0,790.0
ORD0004219,2024-07-15,20240715,CUS00371,14,EMP0196,Fawry,Completed,936.0,500.0
ORD0010385,2024-07-15,20240715,CUS00281,4,EMP0083,  Credit Card  ,Completed,3900.0,3000.0
ORD0000326,2024-07-15,20240715,CUS02741,10,EMP0152,Cash,Completed,140.0,70.0
ORD0009082,2024-07-15,20240715,CUS00835,7,EMP0134,Debit Card,Completed,380.0,180.0
ORD0005893,2024-07-15,20240715,CUS00789,15,EMP0206,InstaPay,Completed,52910.5,42060.0
ORD0007609,2024-07-15,20240715,CUS01283,10,EMP0159,InstaPay,Completed,1500.0,1200.0
ORD0009850,2024-07-15,20240715,CUS00948,5,EMP0097,  Vodafone Cash  ,Completed,1062.0,580.0
ORD0005214,2024-07-15,20240715,CUS00695,6,EMP0125,InstaPay,Completed,1660.5,880.0
ORD0004667,2024-07-15,20240715,CUS02445,7,EMP0130,Credit Card,Completed,8224.0,6550.0
ORD0010517,2024-07-15,20240715,CUS02906,4,EMP0090,Vodafone Cash,Completed,2337.0,1260.0
ORD0001770,2024-07-16,20240716,CUS00268,3,EMP0075,Fawry,Completed,952.0,550.0
ORD0009374,2024-07-16,20240716,CUS00802,3,EMP0074,Debit Card,Completed,412.0,210.0
ORD0004623,2024-07-16,20240716,CUS02845,2,EMP0030,Debit Card,Completed,7863.0,7760.0
ORD0009726,2024-07-16,20240716,CUS02355,13,EMP0185,  InstaPay  ,Completed,760.0,360.0
ORD0009789,2024-07-16,20240716,CUS02318,4,EMP0087,Cash,Completed,921.0,520.0
ORD0003032,2024-07-16,20240716,CUS02288,3,EMP0063,Debit Card,Completed,1573.0,730.0
ORD0005572,2024-07-16,20240716,CUS01147,4,EMP0087,  Credit Card  ,Completed,52800.0,42000.0
ORD0011208,2024-07-17,20240717,CUS01407,12,EMP0184,Debit Card,Completed,1277.0,670.0
ORD0005953,2024-07-17,20240717,CUS01008,1,EMP0005,  Fawry  ,Completed,90.0,40.0
ORD0003197,2024-07-17,20240717,CUS02514,2,EMP0042,  Cash  ,Completed,320.0,140.0
ORD0000933,2024-07-18,20240718,CUS01659,6,EMP0116,  Credit Card  ,Completed,1923.0,970.0
ORD0008382,2024-07-18,20240718,CUS02213,10,EMP0160,InstaPay,Completed,855.0,440.0
ORD0006498,2024-07-18,20240718,CUS02196,4,EMP0083,Fawry,Completed,721.0,410.0
ORD0001461,2024-07-18,20240718,CUS01510,4,EMP0085,Fawry,Returned,15494.0,12200.0
ORD0010432,2024-07-18,20240718,CUS00426,14,EMP0195,  InstaPay  ,Completed,1425.0,1200.0
ORD0011528,2024-07-18,20240718,CUS00879,3,EMP0072,Fawry,Completed,8585.0,8100.0
ORD0006703,2024-07-18,20240718,CUS00356,9,EMP0145,  Debit Card  ,Completed,340.0,160.0
ORD0004949,2024-07-18,20240718,CUS00097,14,EMP0199,Debit Card,Completed,305.0,180.0
ORD0008298,2024-07-18,20240718,CUS01700,1,EMP0024,Cash,Cancelled,420.0,200.0
ORD0010802,2024-07-18,20240718,CUS00148,1,EMP0017,Debit Card,Completed,1188.0,640.0
ORD0005309,2024-07-18,20240718,CUS02429,4,EMP0088,Fawry,Completed,3936.0,2970.0
ORD0003566,2024-07-19,20240719,CUS02861,3,EMP0069,Credit Card,Completed,1730.0,910.0
ORD0003184,2024-07-19,20240719,CUS00396,14,EMP0195,Credit Card,Completed,6105.0,4940.0
ORD0004162,2024-07-19,20240719,CUS00413,4,EMP0094,  Cash  ,Completed,33970.0,31650.0
ORD0003527,2024-07-19,20240719,CUS01636,1,EMP0001,Cash,Completed,1403.5,790.0
ORD0011892,2024-07-19,20240719,CUS01299,4,EMP0092,InstaPay,Completed,614.0,350.0
ORD0011615,2024-07-19,20240719,CUS02078,5,EMP0095,InstaPay,Completed,204.0,120.0
ORD0003515,2024-07-19,20240719,CUS00406,5,EMP0111,Debit Card,Completed,72.0,40.0
ORD0011269,2024-07-19,20240719,CUS01573,13,EMP0189,Vodafone Cash,Returned,33133.5,26350.0
ORD0000492,2024-07-19,20240719,CUS02342,6,EMP0118,Credit Card,Completed,578.0,320.0
ORD0003488,2024-07-19,20240719,CUS02133,3,EMP0071,Vodafone Cash,Completed,1056.0,510.0
ORD0002181,2024-07-20,20240720,CUS02797,4,EMP0083,Cash,Completed,570.0,270.0
ORD0004921,2024-07-20,20240720,CUS02310,7,EMP0134,Fawry,Completed,924.0,510.0
ORD0009670,2024-07-20,20240720,CUS00018,1,EMP0007,Debit Card,Completed,680.0,320.0
ORD0004113,2024-07-20,20240720,CUS01032,4,EMP0089,InstaPay,Completed,2495.0,1820.0
ORD0000927,2024-07-20,20240720,CUS02169,6,EMP0116,Cash,Completed,683.0,350.0
ORD0008998,2024-07-20,20240720,CUS02234,3,,Fawry,Completed,1540.0,760.0
ORD0009356,2024-07-20,20240720,CUS02592,2,EMP0029,  InstaPay  ,Completed,510.0,280.0
ORD0009598,2024-07-21,20240721,CUS01252,4,EMP0094,Vodafone Cash,Completed,14565.0,11230.0
ORD0008464,2024-07-21,20240721,CUS01743,3,EMP0072,Vodafone Cash,Completed,630.0,310.0
ORD0004656,2024-07-21,20240721,CUS02633,10,EMP0159,Debit Card,Returned,3049.0,1830.0
ORD0002290,2024-07-21,20240721,CUS02191,9,EMP0149,InstaPay,Completed,7607.5,5800.0
ORD0010691,2024-07-21,20240721,CUS01270,5,EMP0102,Vodafone Cash,Completed,60374.0,48020.0
ORD0000901,2024-07-21,20240721,CUS01389,4,EMP0082,Fawry,Completed,365.0,190.0
ORD0006320,2024-07-21,20240721,CUS00553,9,EMP0146,  Fawry  ,Completed,326.0,150.0
ORD0010687,2024-07-21,20240721,CUS01509,6,EMP0113,InstaPay,Completed,1362.0,690.0
ORD0005461,2024-07-21,20240721,CUS00784,14,EMP0195,Debit Card,Returned,2927.0,1470.0
ORD0006542,2024-07-21,20240721,CUS02481,3,EMP0060,Fawry,Completed,1147.5,570.0
ORD0006001,2024-07-21,20240721,CUS01734,13,EMP0191,Credit Card,Completed,818.5,390.0
ORD0010109,2024-07-21,20240721,CUS01227,14,EMP0196,Vodafone Cash,Completed,500.0,250.0
ORD0009705,2024-07-21,20240721,CUS00036,2,EMP0052,InstaPay,Completed,480.0,230.0
ORD0007484,2024-07-21,20240721,CUS01917,2,EMP0047,  Fawry  ,Completed,992.5,870.0
ORD0003006,2024-07-21,20240721,CUS02202,14,EMP0194,Vodafone Cash,Completed,778.5,450.0
ORD0010084,2024-07-22,20240722,CUS02280,8,EMP0139,Debit Card,Returned,1890.0,1230.0
ORD0009739,2024-07-22,20240722,CUS01548,13,EMP0189,  InstaPay  ,Completed,288.0,140.0
ORD0011310,2024-07-22,20240722,CUS01228,2,EMP0036,Vodafone Cash,Completed,680.0,600.0
ORD0003173,2024-07-22,20240722,CUS01576,1,EMP0017,Cash,Cancelled,2399.0,1700.0
ORD0006431,2024-07-22,20240722,CUS01700,11,EMP0166,Debit Card,Returned,17575.0,14800.0
ORD0004103,2024-07-22,20240722,CUS02437,14,EMP0200,Vodafone Cash,Completed,468.0,250.0
ORD0006251,2024-07-22,20240722,CUS00891,1,EMP0028,InstaPay,Completed,740.0,360.0
ORD0004026,2024-07-22,20240722,CUS01417,5,EMP0103,InstaPay,Completed,204.0,120.0
ORD0007957,2024-07-22,20240722,CUS00086,4,EMP0087,InstaPay,Cancelled,468.0,260.0
ORD0009461,2024-07-22,20240722,CUS02601,2,EMP0041,  Cash  ,Completed,352.0,210.0
ORD0009584,2024-07-22,20240722,CUS01424,11,EMP0166,Vodafone Cash,Completed,775.0,380.0
ORD0007992,2024-07-23,20240723,CUS02076,6,EMP0118,Debit Card,Completed,25080.0,21000.0
ORD0000892,2024-07-23,20240723,CUS02323,5,EMP0105,  Cash  ,Completed,1804.0,970.0
ORD0007019,2024-07-23,20240723,CUS02573,1,EMP0009,Vodafone Cash,Completed,1080.0,530.0
ORD0001189,2024-07-23,20240723,CUS01985,8,EMP0138,Cash,Completed,351.5,180.0
ORD0008108,2024-07-23,20240723,CUS00493,5,EMP0107,Debit Card,Completed,342.0,170.0
ORD0007764,2024-07-23,20240723,CUS02666,2,EMP0031,Vodafone Cash,Completed,3243.0,1710.0
ORD0000449,2024-07-23,20240723,CUS01042,6,EMP0124,Credit Card,Completed,2695.0,2160.0
ORD0009428,2024-07-23,20240723,CUS01319,6,EMP0114,InstaPay,Completed,15725.0,16440.0
ORD0001755,2024-07-23,20240723,CUS01875,12,EMP0180,InstaPay,Completed,297.5,150.0
ORD0010282,2024-07-23,20240723,CUS00598,1,EMP0018,  Fawry  ,Completed,714.0,360.0
ORD0004658,2024-07-23,20240723,CUS01543,7,EMP0132,Cash,Completed,360.0,180.0
ORD0010245,2024-07-24,20240724,CUS00107,9,EMP0149,Cash,Completed,468.0,260.0
ORD0003083,2024-07-24,20240724,CUS01106,3,EMP0063,  Fawry  ,Completed,1040.0,520.0
ORD0004813,2024-07-24,20240724,CUS01663,1,EMP0012,  Cash  ,Completed,780.0,390.0
ORD0009769,2024-07-24,20240724,CUS02287,3,EMP0076,Cash,Returned,10640.0,8900.0
ORD0000711,2024-07-24,20240724,CUS01568,1,EMP0004,Fawry,Completed,1310.0,700.0
ORD0009400,2024-07-24,20240724,CUS01998,2,EMP0054,  Vodafone Cash  ,Returned,1449.5,850.0
ORD0003707,2024-07-24,20240724,CUS00368,13,EMP0187,Debit Card,Completed,558.0,300.0
ORD0008988,2024-07-24,20240724,CUS02481,2,EMP0029,InstaPay,Completed,135.0,80.0
ORD0010246,2024-07-25,20240725,CUS02212,8,,  Vodafone Cash  ,Completed,1888.0,1030.0
ORD0011980,2024-07-25,20240725,CUS01631,9,EMP0148,Debit Card,Completed,357.0,180.0
ORD0004648,2024-07-25,20240725,CUS01202,2,EMP0046,Credit Card,Completed,2080.0,1020.0
ORD0002538,2024-07-25,20240725,CUS01933,12,,InstaPay,Completed,870.0,440.0
ORD0003561,2024-07-25,20240725,CUS02562,2,EMP0054,InstaPay,Completed,432.0,200.0
ORD0008240,2024-07-25,20240725,CUS01835,3,EMP0055,InstaPay,Completed,150.0,70.0
ORD0002922,2024-07-25,20240725,CUS01915,14,EMP0198,  Cash  ,Completed,889.5,460.0
ORD0009498,2024-07-25,20240725,CUS00362,5,EMP0106,InstaPay,Completed,3624.0,1910.0
ORD0009702,2024-07-25,20240725,CUS02987,2,EMP0031,Debit Card,Completed,280.0,140.0
ORD0010158,2024-07-25,20240725,CUS02424,1,EMP0022,  Cash  ,Returned,207.0,110.0
ORD0006959,2024-07-25,20240725,CUS02885,7,EMP0132,Fawry,Completed,1110.0,540.0
ORD0007810,2024-07-25,20240725,CUS00182,6,EMP0114,Fawry,Completed,238.0,140.0
ORD0003618,2024-07-26,20240726,CUS01211,3,EMP0060,Cash,Completed,1080.0,720.0
ORD0003509,2024-07-26,20240726,CUS01101,12,EMP0180,Cash,Completed,229.5,130.0
ORD0000558,2024-07-26,20240726,CUS00981,5,EMP0109,Debit Card,Completed,1930.0,980.0
ORD0006447,2024-07-26,20240726,CUS02323,15,EMP0212,Fawry,Completed,2963.5,1800.0
ORD0005352,2024-07-26,20240726,CUS00435,1,EMP0018,InstaPay,Completed,16120.0,12810.0
ORD0008248,2024-07-26,20240726,CUS02555,3,EMP0073,InstaPay,Completed,699.0,390.0
ORD0009753,2024-07-26,20240726,CUS00075,2,EMP0035,Vodafone Cash,Completed,140.0,70.0
ORD0003386,2024-07-26,20240726,CUS00482,7,EMP0136,InstaPay,Completed,1427.5,750.0
ORD0001331,2024-07-26,20240726,CUS01253,3,EMP0074,Vodafone Cash,Returned,456.0,230.0
ORD0009322,2024-07-26,20240726,CUS02323,14,EMP0198,Vodafone Cash,Completed,26641.0,20830.0
ORD0001670,2024-07-26,20240726,CUS01156,8,EMP0138,Debit Card,Completed,230.0,110.0
ORD0010255,2024-07-26,20240726,CUS00286,2,EMP0052,Debit Card,Returned,153.0,80.0
ORD0000229,2024-07-26,20240726,CUS02660,1,EMP0022,Vodafone Cash,Completed,1089.0,630.0
ORD0000117,2024-07-26,20240726,CUS01168,9,EMP0149,InstaPay,Completed,700.0,330.0
ORD0010328,2024-07-27,20240727,CUS01869,3,EMP0065,Cash,Completed,256.0,150.0
ORD0002104,2024-07-27,20240727,CUS02591,3,EMP0072,Vodafone Cash,Completed,240.0,120.0
ORD0004719,2024-07-27,20240727,CUS00978,4,EMP0093,Credit Card,Returned,8010.0,7100.0
ORD0002457,2024-07-27,20240727,CUS02469,3,EMP0066,InstaPay,Completed,21240.0,18800.0
ORD0004565,2024-07-27,20240727,CUS02166,5,EMP0098,Cash,Completed,3970.5,2060.0
ORD0001737,2024-07-27,20240727,CUS00727,5,EMP0108,Vodafone Cash,Completed,2419.0,1210.0
ORD0007158,2024-07-27,20240727,CUS01279,2,EMP0036,Credit Card,Completed,902.5,470.0
ORD0003788,2024-07-27,20240727,CUS01088,11,EMP0168,Cash,Completed,673.5,340.0
ORD0008208,2024-07-27,20240727,CUS00386,2,EMP0029,  Debit Card  ,Completed,402.0,250.0
ORD0000704,2024-07-27,20240727,CUS01122,12,EMP0174,Vodafone Cash,Completed,795.0,440.0
ORD0000063,2024-07-27,20240727,CUS00747,6,EMP0113,Fawry,Completed,280.0,170.0
ORD0004515,2024-07-27,20240727,CUS01522,6,EMP0120,Cash,Completed,7841.0,5490.0
ORD0000649,2024-07-28,20240728,CUS00766,6,EMP0119,  Vodafone Cash  ,Completed,1080.0,510.0
ORD0006685,2024-07-28,20240728,CUS02144,5,EMP0105,Vodafone Cash,Completed,13410.0,11900.0
ORD0011767,2024-07-28,20240728,CUS02192,4,EMP0085,  Vodafone Cash  ,Completed,540.0,260.0
ORD0009515,2024-07-28,20240728,CUS01162,11,EMP0171,Cash,Completed,184.0,110.0
ORD0005787,2024-07-28,20240728,CUS00973,5,EMP0110,  Vodafone Cash  ,Completed,1200.0,600.0
ORD0002304,2024-07-28,20240728,CUS02659,13,EMP0186,Credit Card,Completed,2288.0,1170.0
ORD0006204,2024-07-28,20240728,CUS02627,5,EMP0106,Vodafone Cash,Completed,533.0,270.0
ORD0005141,2024-07-29,20240729,CUS02104,1,EMP0001,  Fawry  ,Completed,2725.5,1430.0
ORD0006341,2024-07-29,20240729,CUS01015,8,EMP0141,  Vodafone Cash  ,Cancelled,1914.0,1050.0
ORD0011288,2024-07-29,20240729,CUS01618,12,EMP0180,Credit Card,Completed,18180.5,13920.0
ORD0004251,2024-07-29,20240729,CUS02785,12,EMP0177,Vodafone Cash,Completed,210.0,100.0
ORD0010953,2024-07-29,20240729,CUS00362,15,EMP0212,Cash,Completed,891.0,510.0
ORD0011668,2024-07-29,20240729,CUS01672,5,EMP0095,Cash,Returned,1612.0,880.0
ORD0003327,2024-07-29,20240729,CUS00920,14,EMP0202,Vodafone Cash,Returned,1088.0,570.0
ORD0007155,2024-07-29,20240729,CUS02027,11,EMP0167,  Fawry  ,Completed,360.0,180.0
ORD0011200,2024-07-29,20240729,CUS02684,6,,Vodafone Cash,Completed,333.0,180.0
ORD0001069,2024-07-29,20240729,CUS01759,8,EMP0141,Vodafone Cash,Completed,4680.0,4100.0
ORD0008908,2024-07-29,20240729,CUS02735,5,EMP0100,InstaPay,Completed,1338.0,700.0
ORD0004135,2024-07-29,20240729,CUS00572,5,EMP0110,  InstaPay  ,Completed,387.0,220.0
ORD0008259,2024-07-30,20240730,CUS01442,13,EMP0193,Credit Card,Completed,328.0,180.0
ORD0000131,2024-07-30,20240730,CUS01362,11,EMP0173,Credit Card,Completed,1639.5,860.0
ORD0007521,2024-07-30,20240730,CUS00766,5,EMP0100,  InstaPay  ,Completed,2080.0,1000.0
ORD0010429,2024-07-30,20240730,CUS02173,2,,InstaPay,Cancelled,120.0,80.0
ORD0005690,2024-07-30,20240730,CUS02081,2,EMP0053,Vodafone Cash,Completed,10310.0,9420.0
ORD0003734,2024-07-30,20240730,CUS02413,3,EMP0067,Credit Card,Completed,1494.0,820.0
ORD0002091,2024-07-30,20240730,CUS00825,1,EMP0027,Credit Card,Cancelled,2820.0,1390.0
ORD0006805,2024-07-30,20240730,CUS01610,6,EMP0114,Vodafone Cash,Completed,606.0,310.0
ORD0001689,2024-07-30,20240730,CUS02031,5,EMP0096,Vodafone Cash,Completed,1632.0,820.0
ORD0010849,2024-07-30,20240730,CUS02377,5,EMP0109,Vodafone Cash,Returned,480.0,220.0
ORD0009200,2024-07-30,20240730,CUS02427,8,EMP0139,Credit Card,Completed,15133.0,12400.0
ORD0008148,2024-07-30,20240730,CUS01470,3,EMP0071,  Cash  ,Cancelled,1443.0,830.0
ORD0003481,2024-07-30,20240730,CUS00315,6,EMP0119,  Cash  ,Completed,465.0,240.0
ORD0003975,2024-07-30,20240730,CUS01538,5,EMP0101,Vodafone Cash,Returned,2744.0,1430.0
ORD0004356,2024-07-31,20240731,CUS02159,10,EMP0155,Credit Card,Completed,772.0,400.0
ORD0000255,2024-07-31,20240731,CUS02042,3,EMP0064,Debit Card,Completed,882.0,420.0
ORD0000987,2024-07-31,20240731,CUS00618,1,EMP0025,Cash,Completed,144.0,70.0
ORD0002524,2024-07-31,20240731,CUS01134,4,EMP0094,Credit Card,Completed,44202.0,35110.0
ORD0003611,2024-07-31,20240731,CUS01600,12,EMP0174,InstaPay,Completed,530.0,280.0
ORD0010418,2024-07-31,20240731,CUS00149,14,EMP0203,Cash,Completed,1080.0,540.0
ORD0007726,2024-07-31,20240731,CUS02251,4,EMP0084,Fawry,Completed,2047.5,1020.0
ORD0011955,2024-07-31,20240731,CUS00582,6,EMP0123,Fawry,Completed,11175.0,11900.0
ORD0009748,2024-08-01,20240801,CUS00189,10,EMP0156,Vodafone Cash,Completed,13480.0,10670.0
ORD0011553,2024-08-01,20240801,CUS00683,10,EMP0160,InstaPay,Completed,450.0,240.0
ORD0009284,2024-08-01,20240801,CUS02896,4,EMP0083,  InstaPay  ,Completed,10982.0,9000.0
ORD0006863,2024-08-01,20240801,CUS01958,14,EMP0200,Credit Card,Completed,610.0,300.0
ORD0007851,2024-08-01,20240801,CUS02256,5,EMP0104,  Debit Card  ,Completed,1117.0,590.0
ORD0003700,2024-08-01,20240801,CUS01583,3,EMP0064,Cash,Completed,1351.5,770.0
ORD0005015,2024-08-01,20240801,CUS02196,8,EMP0141,Debit Card,Completed,85.5,40.0
ORD0004961,2024-08-01,20240801,CUS00186,12,EMP0182,Cash,Completed,400.0,200.0
ORD0007520,2024-08-01,20240801,CUS00479,8,EMP0139,  Cash  ,Completed,1140.0,600.0
ORD0007771,2024-08-02,20240802,CUS02714,4,EMP0090,InstaPay,Completed,1410.0,750.0
ORD0008260,2024-08-02,20240802,CUS02380,3,EMP0078,Vodafone Cash,Completed,1204.0,640.0
ORD0010329,2024-08-02,20240802,CUS01947,3,EMP0065,Debit Card,Completed,2295.0,1210.0
ORD0004478,2024-08-02,20240802,CUS00780,1,EMP0024,Credit Card,Completed,948.0,540.0
ORD0006971,2024-08-02,20240802,CUS00111,1,EMP0023,Cash,Completed,15515.0,12460.0
ORD0001441,2024-08-02,20240802,CUS02643,12,EMP0175,  Debit Card  ,Completed,288.0,140.0
ORD0004087,2024-08-02,20240802,CUS02158,7,EMP0134,Cash,Completed,18870.0,15500.0
ORD0004093,2024-08-02,20240802,CUS02818,8,EMP0142,  Debit Card  ,Completed,680.0,390.0
ORD0007683,2024-08-02,20240802,CUS00161,2,EMP0042,Credit Card,Completed,1660.0,820.0
ORD0008789,2024-08-02,20240802,CUS01168,4,EMP0094,Vodafone Cash,Completed,4815.0,2410.0
ORD0001001,2024-08-02,20240802,CUS01113,6,EMP0126,Vodafone Cash,Completed,3207.0,1770.0
ORD0004649,2024-08-02,20240802,CUS01080,3,EMP0076,Debit Card,Completed,22603.5,17840.0
ORD0002750,2024-08-02,20240802,CUS02948,8,EMP0140,Cash,Completed,756.0,420.0
ORD0001050,2024-08-02,20240802,CUS01202,2,EMP0043,Cash,Completed,11100.0,9900.0
ORD0000150,2024-08-02,20240802,CUS01493,4,EMP0087,InstaPay,Completed,498.0,280.0
ORD0007835,2024-08-03,20240803,CUS02634,5,EMP0105,  Fawry  ,Completed,195.5,110.0
ORD0000397,2024-08-03,20240803,CUS02158,11,EMP0172,InstaPay,Completed,16568.0,13800.0
ORD0001182,2024-08-03,20240803,CUS01438,7,EMP0134,  Vodafone Cash  ,Completed,1158.5,580.0
ORD0009580,2024-08-03,20240803,CUS02771,1,EMP0008,Cash,Completed,81.0,40.0
ORD0000625,2024-08-03,20240803,CUS01383,2,EMP0048,Debit Card,Completed,520.5,290.0
ORD0009727,2024-08-03,20240803,CUS00014,11,EMP0173,Fawry,Completed,960.0,530.0
ORD0010480,2024-08-04,20240804,CUS01868,12,EMP0180,Credit Card,Completed,608.0,280.0
ORD0000231,2024-08-04,20240804,CUS01994,5,,InstaPay,Returned,720.0,360.0
ORD0009640,2024-08-04,20240804,CUS01810,10,EMP0161,Vodafone Cash,Returned,4425.0,4700.0
ORD0009944,2024-08-04,20240804,CUS02699,10,EMP0161,Cash,Completed,629.0,360.0
ORD0006016,2024-08-04,20240804,CUS02477,1,EMP0013,Vodafone Cash,Completed,723.0,370.0
ORD0003791,2024-08-04,20240804,CUS01554,11,EMP0164,Debit Card,Returned,1934.0,950.0
ORD0011964,2024-08-04,20240804,CUS02248,1,EMP0016,Cash,Completed,406.5,210.0
ORD0006237,2024-08-04,20240804,CUS01152,1,EMP0023,Vodafone Cash,Completed,12070.0,10330.0
ORD0003215,2024-08-04,20240804,CUS00375,10,EMP0163,Vodafone Cash,Completed,1302.0,790.0
ORD0011371,2024-08-05,20240805,CUS02726,12,EMP0177,  Cash  ,Completed,420.0,200.0
ORD0005726,2024-08-05,20240805,CUS02114,9,EMP0151,Debit Card,Completed,1437.0,710.0
ORD0003113,2024-08-05,20240805,CUS02224,13,EMP0192,InstaPay,Completed,490.0,230.0
ORD0006263,2024-08-05,20240805,CUS02989,8,EMP0139,  Fawry  ,Completed,370.0,180.0
ORD0002106,2024-08-05,20240805,CUS01377,1,EMP0005,Vodafone Cash,Completed,2192.0,2180.0
ORD0003616,2024-08-05,20240805,CUS01475,9,EMP0146,Cash,Completed,170.0,80.0
ORD0011464,2024-08-05,20240805,CUS00575,1,EMP0024,Cash,Completed,180.0,80.0
ORD0005813,2024-08-05,20240805,CUS00191,12,,Fawry,Returned,11071.0,8790.0
ORD0001534,2024-08-05,20240805,CUS01765,3,EMP0068,Debit Card,Completed,270.0,140.0
ORD0008360,2024-08-05,20240805,CUS01232,6,EMP0126,Cash,Completed,504.0,330.0
ORD0000849,2024-08-06,20240806,CUS02910,9,EMP0147,Credit Card,Completed,1174.5,580.0
ORD0008990,2024-08-06,20240806,CUS00554,14,,  Cash  ,Completed,1210.5,760.0
ORD0001096,2024-08-06,20240806,CUS00539,4,EMP0092,Vodafone Cash,Completed,548.0,310.0
ORD0004232,2024-08-06,20240806,CUS02422,4,EMP0084,Fawry,Completed,16840.0,15470.0
ORD0003841,2024-08-06,20240806,CUS01495,13,EMP0191,Debit Card,Completed,2836.5,1400.0
ORD0000176,2024-08-06,20240806,CUS01956,2,EMP0035,  Fawry  ,Completed,300.0,140.0
ORD0008461,2024-08-06,20240806,CUS01414,2,EMP0039,  Credit Card  ,Completed,1958.0,1000.0
ORD0001915,2024-08-06,20240806,CUS01635,2,EMP0051,Vodafone Cash,Completed,140.0,60.0
ORD0007108,2024-08-06,20240806,CUS02135,5,EMP0108,InstaPay,Completed,500.0,250.0
ORD0008467,2024-08-06,20240806,CUS01926,1,EMP0025,Debit Card,Completed,884.0,440.0
ORD0001608,2024-08-06,20240806,CUS02854,2,,Cash,Completed,420.0,200.0
ORD0003756,2024-08-06,20240806,CUS01687,4,EMP0085,Debit Card,Completed,144.0,70.0
ORD0002881,2024-08-06,20240806,CUS01149,2,,InstaPay,Completed,360.0,160.0
ORD0009058,2024-08-06,20240806,CUS02975,4,EMP0094,InstaPay,Completed,756.0,400.0
ORD0004011,2024-08-07,20240807,CUS01847,2,EMP0036,InstaPay,Completed,11699.0,11110.0
ORD0008947,2024-08-07,20240807,CUS00144,3,EMP0070,Cash,Returned,480.0,240.0
ORD0009437,2024-08-07,20240807,CUS02236,5,EMP0095,  Fawry  ,Completed,2128.0,1570.0
ORD0004067,2024-08-07,20240807,CUS01790,1,EMP0025,Debit Card,Completed,550.0,320.0
ORD0007537,2024-08-07,20240807,CUS02033,3,EMP0069,Credit Card,Completed,576.0,320.0
ORD0011743,2024-08-07,20240807,CUS00997,11,EMP0173,  Debit Card  ,Returned,1322.5,730.0
ORD0002277,2024-08-07,20240807,CUS02064,2,EMP0046,InstaPay,Completed,1332.0,740.0
ORD0010153,2024-08-08,20240808,CUS02332,1,EMP0021,  Cash  ,Completed,140.0,60.0
ORD0004018,2024-08-08,20240808,CUS02519,1,EMP0001,Credit Card,Completed,260.0,120.0
ORD0005179,2024-08-08,20240808,CUS00914,1,EMP0010,Cash,Completed,1416.0,870.0
ORD0009330,2024-08-08,20240808,CUS02766,2,,InstaPay,Completed,1640.0,790.0
ORD0011073,2024-08-08,20240808,CUS00814,3,EMP0057,  Vodafone Cash  ,Completed,1297.0,660.0
ORD0011842,2024-08-08,20240808,CUS02995,3,EMP0060,Credit Card,Completed,2880.0,2800.0
ORD0005789,2024-08-08,20240808,CUS02431,1,EMP0002,  InstaPay  ,Returned,19800.0,21200.0
ORD0008610,2024-08-08,20240808,CUS00230,3,EMP0058,Cash,Completed,716.5,440.0
ORD0004287,2024-08-08,20240808,CUS02481,5,EMP0101,  Cash  ,Cancelled,443.5,200.0
ORD0009364,2024-08-09,20240809,CUS00879,1,EMP0017,Credit Card,Completed,990.0,500.0
ORD0007004,2024-08-09,20240809,CUS02244,6,EMP0116,Credit Card,Completed,150.0,70.0
ORD0001843,2024-08-09,20240809,CUS00336,3,EMP0076,  InstaPay  ,Completed,480.0,220.0
ORD0002343,2024-08-09,20240809,CUS01281,1,EMP0020,Fawry,Completed,256.5,130.0
ORD0006043,2024-08-09,20240809,CUS00137,15,EMP0211,Cash,Completed,2187.0,1200.0
ORD0006982,2024-08-09,20240809,CUS00288,6,EMP0121,Vodafone Cash,Completed,350.0,170.0
ORD0007644,2024-08-10,20240810,CUS01621,14,EMP0198,InstaPay,Completed,142.5,70.0
ORD0007321,2024-08-10,20240810,CUS00749,5,EMP0102,  Vodafone Cash  ,Completed,290.0,140.0
ORD0002924,2024-08-10,20240810,CUS02506,7,EMP0135,Debit Card,Completed,470.0,230.0
ORD0011474,2024-08-10,20240810,CUS02138,12,EMP0174,Fawry,Completed,2553.0,1320.0
ORD0003243,2024-08-10,20240810,CUS01541,5,EMP0107,Debit Card,Completed,285.0,140.0
ORD0006987,2024-08-10,20240810,CUS00553,3,EMP0056,Vodafone Cash,Completed,680.0,320.0
ORD0009976,2024-08-10,20240810,CUS02717,8,EMP0142,InstaPay,Completed,150.0,70.0
ORD0009068,2024-08-10,20240810,CUS01418,15,EMP0211,InstaPay,Completed,19940.0,15580.0
ORD0010812,2024-08-10,20240810,CUS00836,1,EMP0004,  InstaPay  ,Completed,102.0,60.0
ORD0000380,2024-08-10,20240810,CUS00027,8,EMP0141,  InstaPay  ,Completed,2592.0,1600.0
ORD0009144,2024-08-11,20240811,CUS00082,2,EMP0037,  Fawry  ,Completed,414.0,220.0
ORD0010273,2024-08-11,20240811,CUS00949,2,EMP0043,  Debit Card  ,Returned,7983.0,7320.0
ORD0009450,2024-08-11,20240811,CUS00614,3,EMP0062,Credit Card,Completed,6597.5,5770.0
ORD0002037,2024-08-11,20240811,CUS00600,6,EMP0125,Credit Card,Completed,288.0,170.0
ORD0011330,2024-08-11,20240811,CUS02220,2,EMP0037,Cash,Completed,1130.0,550.0
ORD0006734,2024-08-11,20240811,CUS02655,10,EMP0153,Credit Card,Completed,852.5,470.0
ORD0010540,2024-08-11,20240811,CUS02009,3,EMP0070,  Credit Card  ,Completed,666.0,330.0
ORD0009096,2024-08-11,20240811,CUS00096,2,EMP0039,Vodafone Cash,Cancelled,2862.0,1670.0
ORD0006254,2024-08-11,20240811,CUS02911,3,EMP0056,Fawry,Completed,673.0,400.0
ORD0011659,2024-08-11,20240811,CUS02232,2,EMP0029,InstaPay,Completed,17418.0,15180.0
ORD0007195,2024-08-11,20240811,CUS00908,2,EMP0036,  Vodafone Cash  ,Completed,1462.5,760.0
ORD0000431,2024-08-11,20240811,CUS00791,6,EMP0117,Fawry,Completed,1747.0,1020.0
ORD0002275,2024-08-11,20240811,CUS00917,4,EMP0091,InstaPay,Cancelled,26700.0,21300.0
ORD0005470,2024-08-12,20240812,CUS00995,1,EMP0016,Cash,Cancelled,740.0,360.0
ORD0009813,2024-08-12,20240812,CUS01312,3,EMP0068,Vodafone Cash,Completed,1387.0,720.0
ORD0001332,2024-08-12,20240812,CUS00288,1,EMP0011,Cash,Completed,681.0,350.0
ORD0003565,2024-08-12,20240812,CUS02005,2,EMP0035,InstaPay,Completed,1738.5,900.0
ORD0003221,2024-08-12,20240812,CUS00316,11,EMP0164,InstaPay,Completed,655.5,340.0
ORD0009546,2024-08-12,20240812,CUS01388,1,EMP0010,Debit Card,Completed,1197.5,580.0
ORD0010394,2024-08-12,20240812,CUS01403,12,EMP0177,  Vodafone Cash  ,Completed,1214.0,590.0
ORD0009645,2024-08-12,20240812,CUS00033,3,EMP0063,Cash,Completed,1459.0,730.0
ORD0004825,2024-08-12,20240812,CUS02666,4,EMP0088,Fawry,Completed,24525.0,26100.0
ORD0008125,2024-08-12,20240812,CUS02785,1,EMP0023,Cash,Completed,306.0,160.0
ORD0007875,2024-08-12,20240812,CUS02926,13,EMP0191,Vodafone Cash,Completed,2080.5,1210.0
ORD0010205,2024-08-13,20240813,CUS00586,5,EMP0109,Credit Card,Completed,160.0,70.0
ORD0005700,2024-08-13,20240813,CUS02154,6,EMP0125,InstaPay,Returned,494.0,240.0
ORD0009250,2024-08-13,20240813,CUS00474,14,EMP0195,Debit Card,Completed,4850.0,3630.0
ORD0004665,2024-08-13,20240813,CUS01234,3,,  Cash  ,Completed,492.0,280.0
ORD0002961,2024-08-13,20240813,CUS02296,4,EMP0083,Credit Card,Completed,1281.0,900.0
ORD0006403,2024-08-13,20240813,CUS01181,6,EMP0123,Debit Card,Completed,18732.5,14950.0
ORD0006154,2024-08-13,20240813,CUS00189,5,EMP0101,Cash,Completed,598.0,360.0
ORD0011450,2024-08-13,20240813,CUS00731,14,EMP0201,  Vodafone Cash  ,Completed,816.0,440.0
ORD0003619,2024-08-13,20240813,CUS01450,5,EMP0105,InstaPay,Completed,100.0,40.0
ORD0000401,2024-08-13,20240813,CUS02364,1,EMP0020,  Fawry  ,Completed,152.0,70.0
ORD0008858,2024-08-13,20240813,CUS01973,3,EMP0060,Cash,Completed,510.5,270.0
ORD0001629,2024-08-14,20240814,CUS01633,7,,InstaPay,Completed,1440.0,880.0
ORD0003360,2024-08-14,20240814,CUS02423,8,EMP0138,Credit Card,Completed,2433.5,1250.0
ORD0002001,2024-08-14,20240814,CUS00898,4,EMP0089,  Debit Card  ,Completed,1412.0,700.0
ORD0009890,2024-08-14,20240814,CUS01115,10,EMP0162,Fawry,Completed,1970.0,980.0
ORD0006414,2024-08-14,20240814,CUS00142,1,EMP0003,Vodafone Cash,Completed,900.0,450.0
ORD0007699,2024-08-14,20240814,CUS01878,9,EMP0148,InstaPay,Completed,262.5,170.0
ORD0004534,2024-08-14,20240814,CUS01757,5,,  Cash  ,Completed,1600.0,940.0
ORD0002958,2024-08-14,20240814,CUS01135,3,EMP0078,Credit Card,Completed,306.0,170.0
ORD0006203,2024-08-14,20240814,CUS02768,6,EMP0118,Credit Card,Completed,440.0,200.0
ORD0007227,2024-08-14,20240814,CUS00406,8,EMP0137,InstaPay,Completed,322.0,220.0
ORD0000707,2024-08-14,20240814,CUS00823,9,EMP0148,  Cash  ,Completed,510.0,280.0
ORD0006674,2024-08-14,20240814,CUS02921,2,EMP0039,Fawry,Completed,470.0,230.0
ORD0003207,2024-08-14,20240814,CUS00098,2,EMP0046,Fawry,Completed,607.5,350.0
ORD0002100,2024-08-15,20240815,CUS00725,1,EMP0009,  Cash  ,Completed,18810.0,14950.0
ORD0003816,2024-08-15,20240815,CUS02724,1,EMP0016,Vodafone Cash,Completed,300.0,140.0
ORD0005723,2024-08-15,20240815,CUS00442,2,EMP0039,  Debit Card  ,Returned,2932.0,2260.0
ORD0008151,2024-08-15,20240815,CUS01163,1,EMP0004,Cash,Completed,90.0,40.0
ORD0006521,2024-08-15,20240815,CUS00363,3,EMP0067,Cash,Completed,360.0,170.0
ORD0006441,2024-08-15,20240815,CUS02460,2,EMP0054,Fawry,Completed,819.0,420.0
ORD0010916,2024-08-15,20240815,CUS02948,10,EMP0158,Credit Card,Completed,238.0,140.0
ORD0006574,2024-08-15,20240815,CUS02568,1,EMP0007,Debit Card,Completed,1920.0,930.0
ORD0007529,2024-08-15,20240815,CUS00401,13,EMP0192,Credit Card,Completed,418.0,200.0
ORD0001971,2024-08-15,20240815,CUS02108,4,EMP0088,InstaPay,Completed,1050.0,540.0
ORD0005943,2024-08-15,20240815,CUS02953,12,EMP0176,Vodafone Cash,Completed,4131.0,3330.0
ORD0008410,2024-08-15,20240815,CUS01399,4,EMP0087,Credit Card,Completed,260.0,120.0
ORD0007511,2024-08-15,20240815,CUS02313,1,EMP0021,  Fawry  ,Completed,15000.0,12000.0
ORD0006209,2024-08-15,20240815,CUS01489,10,EMP0153,Credit Card,Completed,12165.5,10640.0
ORD0003411,2024-08-15,20240815,CUS01634,1,EMP0013,Debit Card,Completed,456.0,230.0
ORD0010551,2024-08-15,20240815,CUS01118,3,EMP0055,  Cash  ,Completed,365.0,170.0
ORD0007240,2024-08-15,20240815,CUS02198,3,EMP0063,  Debit Card  ,Completed,2482.0,1270.0
ORD0002954,2024-08-15,20240815,CUS02252,6,EMP0126,  InstaPay  ,Cancelled,8945.0,6730.0
ORD0005867,2024-08-16,20240816,CUS02436,4,EMP0094,Credit Card,Completed,476.0,280.0
ORD0009794,2024-08-16,20240816,CUS01591,14,,Vodafone Cash,Returned,480.0,210.0
ORD0007684,2024-08-16,20240816,CUS00397,9,EMP0147,  Debit Card  ,Completed,420.0,200.0
ORD0000513,2024-08-16,20240816,CUS00807,15,EMP0212,Vodafone Cash,Completed,28461.0,23890.0
ORD0007082,2024-08-16,20240816,CUS01256,6,EMP0116,InstaPay,Completed,16855.0,13900.0
ORD0010071,2024-08-16,20240816,CUS01349,4,EMP0091,  Vodafone Cash  ,Completed,3792.0,1980.0
ORD0001952,2024-08-16,20240816,CUS02775,1,EMP0013,Credit Card,Completed,10822.0,8470.0
ORD0000444,2024-08-16,20240816,CUS00700,15,EMP0204,Fawry,Returned,150.0,70.0
ORD0010377,2024-08-16,20240816,CUS02634,13,EMP0188,Credit Card,Completed,3489.0,1860.0
ORD0005912,2024-08-16,20240816,CUS01336,10,EMP0163,Fawry,Completed,360.0,160.0
ORD0000212,2024-08-16,20240816,CUS02642,8,EMP0137,InstaPay,Completed,221.0,130.0
ORD0009299,2024-08-16,20240816,CUS02202,1,EMP0011,Debit Card,Completed,630.0,300.0
ORD0005541,2024-08-17,20240817,CUS02714,6,EMP0118,Debit Card,Completed,3257.5,1810.0
ORD0008585,2024-08-17,20240817,CUS02238,7,EMP0133,  Vodafone Cash  ,Completed,224.0,140.0
ORD0002883,2024-08-17,20240817,CUS00007,3,EMP0057,Debit Card,Returned,9045.0,7320.0
ORD0002224,2024-08-17,20240817,CUS01282,3,EMP0069,Fawry,Completed,951.0,500.0
ORD0007796,2024-08-17,20240817,CUS01831,3,EMP0059,Cash,Completed,1928.0,960.0
ORD0004076,2024-08-17,20240817,CUS02911,2,EMP0049,Fawry,Completed,5038.0,4150.0
ORD0007601,2024-08-17,20240817,CUS00175,2,,Cash,Completed,241.5,140.0
ORD0010264,2024-08-18,20240818,CUS02154,9,EMP0145,InstaPay,Completed,640.0,320.0
ORD0004963,2024-08-18,20240818,CUS00223,1,EMP0023,Debit Card,Completed,189.0,100.0
ORD0004190,2024-08-18,20240818,CUS01818,6,EMP0125,Vodafone Cash,Completed,14156.5,12650.0
ORD0009347,2024-08-18,20240818,CUS00889,2,,InstaPay,Completed,130.0,60.0
ORD0005248,2024-08-18,20240818,CUS02667,6,EMP0113,Credit Card,Returned,20689.0,16700.0
ORD0008967,2024-08-18,20240818,CUS00008,12,EMP0184,  Vodafone Cash  ,Completed,750.5,380.0
ORD0001625,2024-08-18,20240818,CUS00012,14,EMP0196,  Vodafone Cash  ,Completed,2210.0,1130.0
ORD0007436,2024-08-18,20240818,CUS01863,3,EMP0058,Cash,Completed,140.0,60.0
ORD0007584,2024-08-18,20240818,CUS01617,5,EMP0107,Cash,Completed,640.0,280.0
ORD0005967,2024-08-18,20240818,CUS02010,6,EMP0118,InstaPay,Completed,228.0,120.0
ORD0004446,2024-08-18,20240818,CUS00128,8,,Credit Card,Completed,1700.0,830.0
ORD0008279,2024-08-18,20240818,CUS02681,11,EMP0165,Cash,Returned,238.0,120.0
ORD0004474,2024-08-18,20240818,CUS01042,5,EMP0096,InstaPay,Completed,931.0,510.0
ORD0007549,2024-08-18,20240818,CUS00821,3,EMP0057,Credit Card,Completed,1260.0,680.0
ORD0008207,2024-08-18,20240818,CUS02747,10,EMP0158,Cash,Completed,480.0,220.0
ORD0009110,2024-08-18,20240818,CUS01720,2,EMP0052,InstaPay,Completed,430.0,200.0
ORD0010701,2024-08-19,20240819,CUS02625,14,EMP0195,InstaPay,Completed,1320.5,670.0
ORD0008848,2024-08-19,20240819,CUS01356,11,EMP0171,Vodafone Cash,Completed,4546.5,2300.0
ORD0006050,2024-08-19,20240819,CUS01611,5,EMP0109,Vodafone Cash,Completed,560.0,390.0
ORD0004784,2024-08-19,20240819,CUS02626,1,EMP0028,  Cash  ,Cancelled,634.5,360.0
ORD0000850,2024-08-19,20240819,CUS02792,1,EMP0026,InstaPay,Completed,90.0,40.0
ORD0005343,2024-08-19,20240819,CUS02272,2,EMP0046,Fawry,Completed,1440.0,1400.0
ORD0000080,2024-08-19,20240819,CUS00702,14,EMP0196,Fawry,Completed,1870.5,1070.0
ORD0011393,2024-08-19,20240819,CUS02006,1,EMP0023,Vodafone Cash,Completed,229.5,120.0
ORD0001826,2024-08-19,20240819,CUS00880,2,EMP0047,Cash,Completed,461.5,230.0
ORD0004684,2024-08-19,20240819,CUS02066,5,EMP0101,Credit Card,Returned,468.0,260.0
ORD0011021,2024-08-19,20240819,CUS02138,11,EMP0168,Fawry,Completed,675.0,360.0
ORD0004645,2024-08-19,20240819,CUS00362,2,EMP0037,Vodafone Cash,Completed,12540.0,10500.0
ORD0009570,2024-08-19,20240819,CUS01226,1,EMP0018,Cash,Returned,5414.5,4930.0
ORD0001620,2024-08-19,20240819,CUS01923,12,EMP0182,  Cash  ,Completed,8799.0,6800.0
ORD0010141,2024-08-19,20240819,CUS02364,14,EMP0194,Vodafone Cash,Returned,747.0,410.0
ORD0011262,2024-08-19,20240819,CUS02046,11,EMP0167,Debit Card,Completed,8339.5,6260.0
ORD0003262,2024-08-20,20240820,CUS00467,12,EMP0177,Credit Card,Completed,306.0,170.0
ORD0003132,2024-08-20,20240820,CUS02243,10,EMP0162,Vodafone Cash,Completed,408.0,220.0
ORD0000277,2024-08-20,20240820,CUS02363,12,EMP0174,Debit Card,Completed,396.0,220.0
ORD0003684,2024-08-20,20240820,CUS01983,3,EMP0058,Debit Card,Completed,396.0,220.0
ORD0001997,2024-08-20,20240820,CUS01758,1,EMP0026,Cash,Completed,306.0,160.0
ORD0000947,2024-08-20,20240820,CUS02717,7,EMP0134,InstaPay,Completed,112.0,70.0
ORD0002440,2024-08-20,20240820,CUS00488,12,EMP0177,Credit Card,Completed,437.0,230.0
ORD0008896,2024-08-20,20240820,CUS01491,3,,Cash,Completed,2322.0,1460.0
ORD0006675,2024-08-20,20240820,CUS00362,4,EMP0094,  Cash  ,Completed,1271.5,630.0
ORD0002507,2024-08-20,20240820,CUS01927,5,EMP0104,Cash,Completed,28920.0,25540.0
ORD0001018,2024-08-20,20240820,CUS02311,13,EMP0193,InstaPay,Returned,1112.0,670.0
ORD0001800,2024-08-21,20240821,CUS00813,7,EMP0130,Cash,Completed,230.0,110.0
ORD0006193,2024-08-21,20240821,CUS02559,14,EMP0197,  Cash  ,Completed,1280.0,780.0
ORD0010300,2024-08-21,20240821,CUS02950,1,EMP0012,Credit Card,Returned,351.5,180.0
ORD0002115,2024-08-21,20240821,CUS02890,3,EMP0064,Debit Card,Completed,19230.0,15240.0
ORD0007748,2024-08-21,20240821,CUS02045,12,EMP0183,  Debit Card  ,Completed,640.0,280.0
ORD0008647,2024-08-21,20240821,CUS01001,3,EMP0074,Vodafone Cash,Completed,263.5,150.0
ORD0004013,2024-08-21,20240821,CUS00821,3,EMP0077,  Cash  ,Completed,234.0,130.0
ORD0004106,2024-08-21,20240821,CUS00373,1,EMP0005,  Credit Card  ,Completed,1900.0,960.0
ORD0004325,2024-08-21,20240821,CUS02859,1,EMP0016,Cash,Completed,1632.0,900.0
ORD0009765,2024-08-21,20240821,CUS01302,10,EMP0160,Debit Card,Completed,747.0,390.0
ORD0006837,2024-08-21,20240821,CUS00813,12,EMP0177,Fawry,Completed,714.0,420.0
ORD0007654,2024-08-21,20240821,CUS00410,6,EMP0126,Vodafone Cash,Completed,810.0,390.0
ORD0007317,2024-08-22,20240822,CUS01759,5,EMP0100,InstaPay,Completed,200.0,100.0
ORD0004661,2024-08-22,20240822,CUS00720,1,EMP0027,InstaPay,Completed,250.0,120.0
ORD0001743,2024-08-22,20240822,CUS01382,1,EMP0011,InstaPay,Completed,7435.0,6360.0
ORD0010737,2024-08-22,20240822,CUS02202,13,EMP0190,  Credit Card  ,Completed,860.0,420.0
ORD0007351,2024-08-22,20240822,CUS00214,6,EMP0120,Fawry,Completed,228.0,120.0
ORD0006602,2024-08-22,20240822,CUS02923,10,EMP0153,Credit Card,Completed,900.0,450.0
ORD0009314,2024-08-22,20240822,CUS00594,3,EMP0063,  Debit Card  ,Completed,1285.0,760.0
ORD0009376,2024-08-22,20240822,CUS02394,10,EMP0159,Fawry,Completed,527.0,300.0
ORD0004487,2024-08-22,20240822,CUS01996,4,EMP0080,Credit Card,Completed,351.0,180.0
ORD0004548,2024-08-22,20240822,CUS00201,2,EMP0035,Cash,Cancelled,140.0,70.0
ORD0009003,2024-08-22,20240822,CUS01137,2,EMP0041,Debit Card,Completed,2525.0,1340.0
ORD0009309,2024-08-22,20240822,CUS01000,2,EMP0046,  Debit Card  ,Completed,171.0,80.0
ORD0005598,2024-08-22,20240822,CUS02531,3,EMP0067,Vodafone Cash,Completed,840.0,410.0
ORD0000736,2024-08-22,20240822,CUS00303,4,EMP0088,  Cash  ,Cancelled,1521.0,880.0
ORD0001347,2024-08-23,20240823,CUS01824,11,EMP0168,  Credit Card  ,Completed,345.0,190.0
ORD0011511,2024-08-23,20240823,CUS01798,14,EMP0201,Cash,Completed,530.0,250.0
ORD0007637,2024-08-23,20240823,CUS02427,4,EMP0084,Credit Card,Completed,1142.0,920.0
ORD0001311,2024-08-23,20240823,CUS02442,3,,Credit Card,Completed,1004.0,540.0
ORD0011442,2024-08-23,20240823,CUS01840,4,EMP0079,Cash,Completed,546.5,260.0
ORD0007805,2024-08-23,20240823,CUS02533,15,EMP0215,Fawry,Completed,152.0,90.0
ORD0003491,2024-08-23,20240823,CUS00610,6,EMP0117,InstaPay,Completed,13361.5,10580.0
ORD0009149,2024-08-23,20240823,CUS01040,1,EMP0014,Debit Card,Completed,1982.0,1060.0
ORD0002149,2024-08-23,20240823,CUS00192,6,EMP0115,InstaPay,Completed,691.5,380.0
ORD0002972,2024-08-23,20240823,CUS00155,2,EMP0029,  Credit Card  ,Completed,320.0,140.0
ORD0003795,2024-08-23,20240823,CUS01379,4,EMP0094,InstaPay,Returned,473.0,220.0
ORD0004102,2024-08-23,20240823,CUS00201,2,EMP0052,InstaPay,Completed,330.0,160.0
ORD0008640,2024-08-24,20240824,CUS01174,4,EMP0094,Fawry,Completed,1700.0,960.0
ORD0010319,2024-08-24,20240824,CUS02368,12,EMP0184,  Debit Card  ,Completed,140.0,60.0
ORD0005992,2024-08-24,20240824,CUS00607,2,EMP0047,Credit Card,Completed,984.0,570.0
ORD0006409,2024-08-24,20240824,CUS01859,2,EMP0042,Debit Card,Completed,1835.0,910.0
ORD0007765,2024-08-24,20240824,CUS00805,11,EMP0167,Fawry,Completed,1011.5,540.0
ORD0001448,2024-08-24,20240824,CUS01348,11,EMP0167,Cash,Returned,551.0,280.0
ORD0011282,2024-08-24,20240824,CUS01802,7,EMP0136,Vodafone Cash,Completed,597.0,310.0
ORD0006767,2024-08-24,20240824,CUS01451,7,EMP0127,InstaPay,Completed,24047.0,19620.0
ORD0004986,2024-08-24,20240824,CUS02733,10,EMP0155,Credit Card,Completed,140.0,70.0
ORD0009860,2024-08-24,20240824,CUS00845,2,,InstaPay,Completed,535.5,290.0
ORD0001022,2024-08-24,20240824,CUS01767,2,EMP0050,  Debit Card  ,Completed,171.0,90.0
ORD0006768,2024-08-24,20240824,CUS00559,10,EMP0159,Cash,Completed,345.0,220.0
ORD0006885,2024-08-24,20240824,CUS00223,1,EMP0027,Credit Card,Completed,131.5,80.0
ORD0008311,2024-08-24,20240824,CUS02356,1,EMP0013,Credit Card,Completed,2256.0,1170.0
ORD0009667,2024-08-24,20240824,CUS02279,11,EMP0164,Debit Card,Completed,642.0,360.0
ORD0010988,2024-08-24,20240824,CUS00213,3,EMP0066,Debit Card,Completed,882.0,480.0
ORD0005898,2024-08-25,20240825,CUS01041,6,EMP0116,Debit Card,Returned,1967.0,1020.0
ORD0005829,2024-08-25,20240825,CUS02496,4,EMP0080,Credit Card,Cancelled,936.0,500.0
ORD0010486,2024-08-25,20240825,CUS02063,15,EMP0210,InstaPay,Completed,430.0,210.0
ORD0006716,2024-08-25,20240825,CUS00608,5,EMP0105,Debit Card,Completed,1530.5,820.0
ORD0003158,2024-08-25,20240825,CUS00685,9,EMP0145,Fawry,Completed,14065.5,10940.0
ORD0009458,2024-08-25,20240825,CUS01220,4,EMP0090,InstaPay,Completed,9336.0,7330.0
ORD0003907,2024-08-25,20240825,CUS01043,2,EMP0054,Debit Card,Returned,1504.0,770.0
ORD0008476,2024-08-26,20240826,CUS00344,2,EMP0044,  Debit Card  ,Completed,366.0,190.0
ORD0002777,2024-08-26,20240826,CUS00488,7,EMP0129,Cash,Completed,1180.0,660.0
ORD0002526,2024-08-26,20240826,CUS01241,1,EMP0022,Fawry,Completed,16805.0,12900.0
ORD0003602,2024-08-26,20240826,CUS02981,6,EMP0119,Fawry,Completed,240.0,120.0
ORD0009803,2024-08-26,20240826,CUS02317,8,EMP0142,Debit Card,Completed,3117.5,2080.0
ORD0009402,2024-08-26,20240826,CUS02834,5,EMP0104,Vodafone Cash,Completed,1206.0,680.0
ORD0006825,2024-08-26,20240826,CUS00272,5,EMP0095,  Credit Card  ,Completed,263.5,150.0
ORD0000826,2024-08-26,20240826,CUS01528,1,EMP0021,Credit Card,Completed,2080.0,1000.0
ORD0005642,2024-08-26,20240826,CUS01744,4,,Debit Card,Completed,690.0,330.0
ORD0002215,2024-08-26,20240826,CUS02479,4,EMP0094,InstaPay,Completed,320.0,140.0
ORD0001851,2024-08-26,20240826,CUS01279,15,EMP0215,  Fawry  ,Completed,1224.0,620.0
ORD0002610,2024-08-27,20240827,CUS00527,4,EMP0089,Credit Card,Completed,1840.0,880.0
ORD0010455,2024-08-27,20240827,CUS02880,4,EMP0093,Credit Card,Completed,1860.0,1020.0
ORD0005872,2024-08-27,20240827,CUS01783,1,EMP0027,Credit Card,Completed,19920.0,15560.0
ORD0009552,2024-08-27,20240827,CUS01348,1,EMP0017,  Credit Card  ,Completed,42775.0,35520.0
ORD0011318,2024-08-27,20240827,CUS00601,1,EMP0005,  Cash  ,Completed,14849.0,12690.0
ORD0005185,2024-08-27,20240827,CUS02213,3,EMP0067,Debit Card,Completed,1254.0,640.0
ORD0010315,2024-08-27,20240827,CUS02397,5,EMP0108,Fawry,Returned,926.0,520.0
ORD0006007,2024-08-27,20240827,CUS02392,3,,  Cash  ,Returned,581.0,410.0
ORD0004905,2024-08-27,20240827,CUS00100,1,EMP0001,InstaPay,Completed,1939.0,980.0
ORD0006791,2024-08-27,20240827,CUS01189,2,EMP0035,Debit Card,Completed,595.0,290.0
ORD0006643,2024-08-27,20240827,CUS00788,3,EMP0069,Fawry,Completed,324.0,170.0
ORD0007889,2024-08-27,20240827,CUS02046,11,EMP0173,Fawry,Returned,270.0,130.0
ORD0008838,2024-08-27,20240827,CUS02799,10,EMP0158,Fawry,Completed,708.0,390.0
ORD0011635,2024-08-27,20240827,CUS02348,6,EMP0115,Fawry,Completed,762.0,390.0
ORD0009524,2024-08-27,20240827,CUS00633,4,EMP0080,InstaPay,Completed,33338.0,27630.0
ORD0011296,2024-08-27,20240827,CUS01432,10,EMP0162,Credit Card,Completed,2154.0,1070.0
ORD0007144,2024-08-27,20240827,CUS00463,4,EMP0079,Fawry,Completed,788.0,420.0
ORD0001590,2024-08-27,20240827,CUS00352,9,EMP0145,Fawry,Completed,1555.5,900.0
ORD0009834,2024-08-27,20240827,CUS01055,4,EMP0086,Cash,Returned,1687.5,830.0
ORD0009553,2024-08-27,20240827,CUS01541,3,EMP0066,Cash,Completed,7607.0,5620.0
ORD0005987,2024-08-28,20240828,CUS01868,3,EMP0057,Fawry,Cancelled,259.0,180.0
ORD0004898,2024-08-28,20240828,CUS02220,5,EMP0109,InstaPay,Completed,22765.0,20030.0
ORD0000895,2024-08-28,20240828,CUS02527,9,EMP0147,  InstaPay  ,Completed,468.0,260.0
ORD0009472,2024-08-28,20240828,CUS00946,8,EMP0141,  Fawry  ,Completed,424.0,220.0
ORD0005621,2024-08-28,20240828,CUS01515,15,EMP0210,InstaPay,Returned,270.0,130.0
ORD0009815,2024-08-28,20240828,CUS01577,1,,Cash,Completed,1259.0,660.0
ORD0009240,2024-08-28,20240828,CUS02485,15,EMP0204,Credit Card,Completed,44935.5,37610.0
ORD0001349,2024-08-28,20240828,CUS00290,11,EMP0170,  Cash  ,Completed,127.5,70.0
ORD0006479,2024-08-28,20240828,CUS02606,3,EMP0067,Credit Card,Returned,855.0,420.0
ORD0010935,2024-08-28,20240828,CUS01402,6,EMP0126,  Vodafone Cash  ,Returned,29460.0,23130.0
ORD0011562,2024-08-28,20240828,CUS01272,1,EMP0006,InstaPay,Completed,18420.0,14700.0
ORD0003594,2024-08-28,20240828,CUS01447,12,EMP0182,Fawry,Completed,1015.0,520.0
ORD0000452,2024-08-28,20240828,CUS02760,8,EMP0144,Debit Card,Cancelled,290.0,140.0
ORD0007761,2024-08-29,20240829,CUS01468,1,EMP0026,InstaPay,Completed,1534.5,840.0
ORD0008854,2024-08-29,20240829,CUS00150,10,EMP0155,Debit Card,Completed,920.0,460.0
ORD0011174,2024-08-29,20240829,CUS02328,11,EMP0167,Debit Card,Completed,18237.0,15200.0
ORD0004165,2024-08-29,20240829,CUS02627,8,EMP0142,  InstaPay  ,Completed,1434.0,710.0
ORD0001632,2024-08-29,20240829,CUS00762,3,EMP0065,Vodafone Cash,Completed,2824.0,1520.0
ORD0006467,2024-08-29,20240829,CUS00962,13,EMP0187,Debit Card,Completed,200.0,90.0
ORD0006688,2024-08-29,20240829,CUS02785,3,EMP0067,Fawry,Completed,20729.0,15640.0
ORD0011584,2024-08-29,20240829,CUS01492,4,EMP0087,Cash,Completed,546.0,260.0
ORD0010462,2024-08-29,20240829,CUS01916,2,EMP0033,  Debit Card  ,Completed,640.0,300.0
ORD0009277,2024-08-29,20240829,CUS01844,9,EMP0147,Credit Card,Completed,7313.5,5150.0
ORD0008893,2024-08-29,20240829,CUS01358,1,EMP0014,Fawry,Completed,212.0,110.0
ORD0001626,2024-08-29,20240829,CUS01237,8,EMP0142,InstaPay,Completed,590.0,290.0
ORD0005550,2024-08-29,20240829,CUS02323,1,EMP0023,Fawry,Completed,1680.0,1080.0
ORD0000420,2024-08-29,20240829,CUS01760,1,,InstaPay,Completed,2610.0,1280.0
ORD0005437,2024-08-30,20240830,CUS01394,4,EMP0082,InstaPay,Completed,910.5,460.0
ORD0000398,2024-08-30,20240830,CUS02021,12,EMP0178,Fawry,Completed,20456.5,17810.0
ORD0010818,2024-08-30,20240830,CUS00820,5,EMP0112,Credit Card,Completed,970.0,480.0
ORD0002867,2024-08-30,20240830,CUS02214,9,EMP0150,Cash,Completed,1190.5,650.0
ORD0011420,2024-08-30,20240830,CUS02627,2,EMP0041,  Fawry  ,Returned,1225.5,630.0
ORD0008612,2024-08-30,20240830,CUS00747,2,EMP0045,Vodafone Cash,Completed,1952.0,1200.0
ORD0001900,2024-08-31,20240831,CUS02661,13,EMP0190,Debit Card,Completed,870.0,420.0
ORD0003142,2024-08-31,20240831,CUS02276,3,EMP0059,InstaPay,Completed,514.0,240.0
ORD0007000,2024-08-31,20240831,CUS02224,2,EMP0054,Vodafone Cash,Completed,16986.5,15040.0
ORD0007759,2024-08-31,20240831,CUS00414,3,,Cash,Completed,540.0,300.0
ORD0010890,2024-08-31,20240831,CUS00737,8,EMP0137,Vodafone Cash,Returned,976.0,480.0
ORD0006492,2024-08-31,20240831,CUS02735,1,EMP0004,Cash,Completed,26356.0,20610.0
ORD0003632,2024-08-31,20240831,CUS01162,1,EMP0006,Debit Card,Returned,2193.0,1120.0
ORD0005805,2024-08-31,20240831,CUS00657,8,EMP0143,Debit Card,Completed,4138.5,2060.0
ORD0007523,2024-08-31,20240831,CUS02222,12,EMP0183,Debit Card,Completed,640.0,280.0
ORD0001122,2024-08-31,20240831,CUS01290,5,EMP0106,Cash,Completed,728.0,520.0
ORD0011893,2024-09-01,20240901,CUS00171,1,EMP0023,Credit Card,Completed,1117.5,640.0
ORD0007826,2024-09-01,20240901,CUS02830,5,EMP0108,Debit Card,Completed,1062.0,560.0
ORD0010757,2024-09-01,20240901,CUS01268,3,EMP0069,Debit Card,Completed,593.0,330.0
ORD0004629,2024-09-01,20240901,CUS02470,13,EMP0187,InstaPay,Completed,900.0,440.0
ORD0009754,2024-09-01,20240901,CUS00187,1,EMP0006,Credit Card,Completed,792.0,390.0
ORD0009828,2024-09-01,20240901,CUS00999,1,EMP0002,Fawry,Completed,450.0,200.0
ORD0000019,2024-09-02,20240902,CUS00817,1,EMP0020,InstaPay,Completed,2346.0,1200.0
ORD0009535,2024-09-02,20240902,CUS02182,2,EMP0049,Cash,Returned,838.0,410.0
ORD0003102,2024-09-02,20240902,CUS01235,9,EMP0146,Debit Card,Completed,11843.0,9560.0
ORD0009033,2024-09-02,20240902,CUS02970,10,EMP0163,Debit Card,Completed,1804.0,1100.0
ORD0003806,2024-09-02,20240902,CUS02744,11,EMP0170,Debit Card,Completed,22946.0,18280.0
ORD0001418,2024-09-02,20240902,CUS01310,1,EMP0005,Credit Card,Completed,3644.0,1810.0
ORD0009127,2024-09-02,20240902,CUS02242,3,EMP0064,Cash,Returned,10094.0,8320.0
ORD0008706,2024-09-02,20240902,CUS02322,7,EMP0132,Debit Card,Completed,238.0,140.0
ORD0011609,2024-09-02,20240902,CUS02888,5,EMP0107,  Cash  ,Completed,160.0,70.0
ORD0004426,2024-09-02,20240902,CUS00567,3,EMP0058,  Vodafone Cash  ,Returned,10392.0,8800.0
ORD0000049,2024-09-03,20240903,CUS00366,4,EMP0092,Cash,Completed,432.0,230.0
ORD0005629,2024-09-03,20240903,CUS01776,3,EMP0075,Credit Card,Completed,510.0,310.0
ORD0011958,2024-09-03,20240903,CUS01519,11,EMP0168,Fawry,Completed,10563.5,8290.0
ORD0009013,2024-09-03,20240903,CUS01355,12,EMP0178,Cash,Completed,600.0,280.0
ORD0000519,2024-09-03,20240903,CUS02708,1,,Credit Card,Completed,272.0,150.0
ORD0004184,2024-09-03,20240903,CUS00833,10,EMP0154,Cash,Completed,1300.0,640.0
ORD0002760,2024-09-03,20240903,CUS02328,3,EMP0069,Vodafone Cash,Completed,2718.0,1400.0
ORD0010852,2024-09-03,20240903,CUS01958,6,EMP0126,Debit Card,Completed,1350.0,1200.0
ORD0005246,2024-09-03,20240903,CUS01984,7,EMP0133,Debit Card,Completed,929.0,510.0
ORD0007735,2024-09-03,20240903,CUS01619,3,EMP0078,Fawry,Completed,9830.0,8160.0
ORD0004246,2024-09-03,20240903,CUS02850,1,EMP0025,Fawry,Completed,468.0,240.0
ORD0004357,2024-09-03,20240903,CUS01660,15,EMP0213,Debit Card,Completed,216.0,110.0
ORD0001759,2024-09-03,20240903,CUS00250,4,EMP0085,InstaPay,Completed,4775.0,3840.0
ORD0010530,2024-09-03,20240903,CUS01078,1,EMP0005,Cash,Completed,1660.0,820.0
ORD0011740,2024-09-03,20240903,CUS01602,3,EMP0056,InstaPay,Completed,1138.0,620.0
ORD0008497,2024-09-03,20240903,CUS01960,1,EMP0025,  Vodafone Cash  ,Completed,69930.0,55650.0
ORD0004150,2024-09-04,20240904,CUS01101,6,EMP0113,  Vodafone Cash  ,Completed,232.0,140.0
ORD0005295,2024-09-04,20240904,CUS00621,10,EMP0157,  Credit Card  ,Completed,782.0,480.0
ORD0010835,2024-09-04,20240904,CUS01003,4,EMP0093,Fawry,Cancelled,195.0,120.0
ORD0004591,2024-09-04,20240904,CUS01509,2,EMP0044,Cash,Completed,2509.5,1280.0
ORD0010784,2024-09-04,20240904,CUS02432,3,EMP0063,Fawry,Completed,36040.0,32250.0
ORD0007967,2024-09-04,20240904,CUS00182,2,EMP0030,Vodafone Cash,Cancelled,322.0,220.0
ORD0011327,2024-09-04,20240904,CUS01307,4,EMP0081,Credit Card,Completed,126.0,60.0
ORD0010317,2024-09-04,20240904,CUS02324,2,,Debit Card,Completed,824.0,450.0
ORD0010296,2024-09-04,20240904,CUS01069,2,EMP0054,Vodafone Cash,Completed,40140.0,32060.0
ORD0008043,2024-09-04,20240904,CUS00629,13,EMP0188,InstaPay,Returned,766.5,460.0
ORD0009505,2024-09-04,20240904,CUS02369,3,EMP0070,Cash,Completed,150.0,70.0
ORD0010572,2024-09-04,20240904,CUS01848,1,EMP0005,Debit Card,Returned,747.5,430.0
ORD0004653,2024-09-04,20240904,CUS01654,1,EMP0016,Cash,Completed,136.0,80.0
ORD0005577,2024-09-04,20240904,CUS02114,8,EMP0142,Cash,Completed,576.5,270.0
ORD0011142,2024-09-04,20240904,CUS02775,8,EMP0144,Credit Card,Completed,324.0,180.0
ORD0006794,2024-09-05,20240905,CUS02401,2,EMP0044,Credit Card,Completed,171.0,80.0
ORD0000342,2024-09-05,20240905,CUS02060,6,EMP0116,Cash,Completed,967.0,480.0
ORD0009703,2024-09-05,20240905,CUS02197,10,EMP0158,  Cash  ,Completed,800.0,490.0
ORD0005420,2024-09-05,20240905,CUS00776,2,EMP0054,Fawry,Completed,1692.0,1000.0
ORD0003897,2024-09-05,20240905,CUS01871,11,EMP0168,Cash,Completed,504.0,310.0
ORD0004560,2024-09-05,20240905,CUS01403,11,EMP0172,Vodafone Cash,Completed,147.0,100.0
ORD0002816,2024-09-05,20240905,CUS02630,1,EMP0003,Vodafone Cash,Completed,16020.0,14200.0
ORD0003641,2024-09-05,20240905,CUS00868,10,EMP0156,Debit Card,Completed,1600.0,1400.0
ORD0006607,2024-09-05,20240905,CUS02836,11,EMP0169,Credit Card,Completed,570.0,280.0
ORD0006549,2024-09-05,20240905,CUS00711,4,EMP0094,Debit Card,Completed,1352.0,700.0
ORD0004742,2024-09-05,20240905,CUS00621,2,EMP0054,Cash,Completed,3508.5,2510.0
ORD0009876,2024-09-05,20240905,CUS02045,4,EMP0087,InstaPay,Completed,874.0,420.0
ORD0000363,2024-09-06,20240906,CUS01625,8,EMP0141,Vodafone Cash,Completed,26603.0,21050.0
ORD0007094,2024-09-06,20240906,CUS02634,12,EMP0183,Credit Card,Completed,1431.0,760.0
ORD0008205,2024-09-06,20240906,CUS01534,13,,  Vodafone Cash  ,Completed,1020.0,530.0
ORD0004521,2024-09-06,20240906,CUS00770,3,EMP0056,  Debit Card  ,Completed,1752.0,1080.0
ORD0010603,2024-09-06,20240906,CUS02428,4,EMP0084,  Cash  ,Completed,1768.5,900.0
ORD0011630,2024-09-06,20240906,CUS01252,1,EMP0013,Vodafone Cash,Completed,360.0,170.0
ORD0001416,2024-09-06,20240906,CUS00726,5,EMP0105,Credit Card,Completed,423.0,200.0
ORD0007883,2024-09-06,20240906,CUS02588,4,EMP0079,InstaPay,Completed,6275.0,5130.0
ORD0002312,2024-09-06,20240906,CUS02072,6,EMP0120,Cash,Completed,1280.5,630.0
ORD0004090,2024-09-06,20240906,CUS00512,1,EMP0009,Credit Card,Completed,9166.0,7240.0
ORD0011328,2024-09-06,20240906,CUS00782,3,EMP0060,Cash,Completed,152.0,90.0
ORD0000169,2024-09-06,20240906,CUS00587,10,EMP0156,InstaPay,Completed,1815.0,960.0
ORD0003730,2024-09-06,20240906,CUS02667,11,EMP0165,Vodafone Cash,Completed,1609.0,800.0
ORD0004336,2024-09-06,20240906,CUS01527,2,EMP0038,InstaPay,Completed,315.0,170.0
ORD0000727,2024-09-06,20240906,CUS01800,1,EMP0010,Credit Card,Completed,1750.0,910.0
ORD0001080,2024-09-06,20240906,CUS01640,2,EMP0031,InstaPay,Completed,1098.0,590.0
ORD0005595,2024-09-06,20240906,CUS00126,9,EMP0150,Credit Card,Completed,2080.0,1000.0
ORD0010061,2024-09-07,20240907,CUS01040,11,EMP0168,Cash,Cancelled,1824.0,920.0
ORD0000465,2024-09-07,20240907,CUS01116,2,EMP0038,Debit Card,Completed,1070.0,510.0
ORD0011207,2024-09-07,20240907,CUS02349,4,EMP0086,  InstaPay  ,Completed,242.0,120.0
ORD0010392,2024-09-07,20240907,CUS00344,3,EMP0071,Cash,Completed,85.5,40.0
ORD0008690,2024-09-07,20240907,CUS01428,7,EMP0133,Fawry,Cancelled,3309.0,1850.0
ORD0009396,2024-09-08,20240908,CUS00749,3,EMP0069,Credit Card,Completed,240.0,110.0
ORD0003148,2024-09-08,20240908,CUS00788,5,EMP0099,Credit Card,Cancelled,15000.0,12000.0
ORD0008042,2024-09-08,20240908,CUS02301,8,EMP0138,Cash,Completed,314.5,180.0
ORD0003505,2024-09-08,20240908,CUS00738,1,EMP0009,Cash,Completed,570.0,280.0
ORD0001262,2024-09-08,20240908,CUS02730,12,EMP0181,Cash,Completed,26997.0,27690.0
ORD0009342,2024-09-09,20240909,CUS00426,3,EMP0056,  Vodafone Cash  ,Completed,1062.0,550.0
ORD0004615,2024-09-09,20240909,CUS00199,2,EMP0038,Cash,Completed,4500.0,4000.0
ORD0002077,2024-09-09,20240909,CUS02039,6,EMP0122,Vodafone Cash,Completed,2150.0,1050.0
ORD0002652,2024-09-09,20240909,CUS01617,8,,Vodafone Cash,Completed,417.0,250.0
ORD0010077,2024-09-09,20240909,CUS00458,11,EMP0167,  InstaPay  ,Completed,3534.0,1730.0
ORD0006511,2024-09-09,20240909,CUS02586,5,EMP0105,  InstaPay  ,Completed,514.5,290.0
ORD0004053,2024-09-09,20240909,CUS02385,13,EMP0192,Credit Card,Completed,11172.0,9120.0
ORD0008168,2024-09-09,20240909,CUS00519,2,EMP0040,  Vodafone Cash  ,Completed,2485.0,1350.0
ORD0000319,2024-09-09,20240909,CUS01641,11,EMP0173,Cash,Completed,1780.0,910.0
ORD0000308,2024-09-09,20240909,CUS02992,1,EMP0021,InstaPay,Cancelled,31800.0,25400.0
ORD0005039,2024-09-09,20240909,CUS01244,3,EMP0076,Credit Card,Completed,112.5,70.0
ORD0003085,2024-09-10,20240910,CUS02938,2,EMP0040,Fawry,Completed,1578.0,810.0
ORD0005551,2024-09-10,20240910,CUS01854,13,EMP0188,Fawry,Completed,3816.0,2740.0
ORD0005482,2024-09-10,20240910,CUS01650,2,EMP0041,Cash,Completed,171.0,80.0
ORD0005464,2024-09-10,20240910,CUS01499,11,EMP0167,Vodafone Cash,Completed,1062.0,540.0
ORD0009386,2024-09-10,20240910,CUS02229,2,EMP0036,Debit Card,Completed,8940.0,8240.0
ORD0004218,2024-09-10,20240910,CUS00189,9,EMP0148,Cash,Returned,1246.5,740.0
ORD0010074,2024-09-10,20240910,CUS00411,5,EMP0112,InstaPay,Completed,576.0,280.0
ORD0001861,2024-09-10,20240910,CUS00527,7,EMP0133,Credit Card,Returned,2500.0,1720.0
ORD0001102,2024-09-11,20240911,CUS00706,4,EMP0092,Debit Card,Completed,477.5,260.0
ORD0005305,2024-09-11,20240911,CUS01217,1,EMP0019,Cash,Returned,420.0,210.0
ORD0002291,2024-09-11,20240911,CUS02626,3,EMP0060,Debit Card,Completed,374.0,210.0
ORD0000330,2024-09-11,20240911,CUS00156,7,EMP0131,Vodafone Cash,Completed,17700.0,14100.0
ORD0009307,2024-09-11,20240911,CUS01482,5,EMP0100,Cash,Completed,585.0,320.0
ORD0005613,2024-09-11,20240911,CUS01998,15,EMP0210,Credit Card,Completed,18528.5,15800.0
ORD0010137,2024-09-11,20240911,CUS02425,14,EMP0198,InstaPay,Completed,1732.0,890.0
ORD0008826,2024-09-11,20240911,CUS01762,3,EMP0074,Debit Card,Completed,22795.0,20690.0
ORD0002796,2024-09-11,20240911,CUS02566,11,EMP0173,Vodafone Cash,Completed,880.0,440.0
ORD0008269,2024-09-12,20240912,CUS00532,14,EMP0199,Debit Card,Completed,180.0,110.0
ORD0011704,2024-09-12,20240912,CUS02849,6,EMP0120,Fawry,Completed,843.0,460.0
ORD0002300,2024-09-12,20240912,CUS02457,1,EMP0009,  InstaPay  ,Completed,350.0,250.0
ORD0006220,2024-09-12,20240912,CUS00209,1,EMP0021,InstaPay,Cancelled,1864.0,1000.0
ORD0006468,2024-09-12,20240912,CUS02311,13,EMP0188,  Vodafone Cash  ,Completed,135.0,70.0
ORD0002025,2024-09-12,20240912,CUS01910,13,EMP0188,Cash,Completed,1370.0,670.0
ORD0002820,2024-09-12,20240912,CUS02566,5,EMP0100,Credit Card,Completed,620.0,310.0
ORD0009758,2024-09-12,20240912,CUS02389,12,,Vodafone Cash,Completed,990.0,480.0
ORD0002792,2024-09-12,20240912,CUS01097,7,EMP0133,Cash,Completed,2440.0,1220.0
ORD0008363,2024-09-12,20240912,CUS01888,10,EMP0155,Vodafone Cash,Completed,1437.5,760.0
ORD0010148,2024-09-12,20240912,CUS00708,6,EMP0120,  Cash  ,Completed,520.0,250.0
ORD0003126,2024-09-12,20240912,CUS00134,10,EMP0154,Cash,Returned,765.0,420.0
ORD0007189,2024-09-12,20240912,CUS02103,2,EMP0031,Vodafone Cash,Completed,380.0,180.0
ORD0010487,2024-09-12,20240912,CUS02236,5,EMP0098,Cash,Completed,21960.0,19600.0
ORD0008284,2024-09-13,20240913,CUS02472,1,EMP0007,Cash,Completed,27451.5,22040.0
ORD0000674,2024-09-13,20240913,CUS00554,1,EMP0019,  InstaPay  ,Cancelled,520.0,310.0
ORD0007476,2024-09-13,20240913,CUS02643,4,EMP0079,InstaPay,Completed,1158.5,590.0
ORD0000357,2024-09-13,20240913,CUS00467,8,EMP0139,Fawry,Completed,693.0,380.0
ORD0004776,2024-09-13,20240913,CUS01838,1,EMP0017,Debit Card,Completed,855.0,450.0
ORD0005697,2024-09-13,20240913,CUS00396,14,EMP0198,Cash,Completed,976.0,490.0
ORD0007946,2024-09-14,20240914,CUS01779,8,EMP0144,Credit Card,Completed,2157.0,1110.0
ORD0005119,2024-09-14,20240914,CUS01801,2,EMP0050,  Debit Card  ,Completed,10046.0,8610.0
ORD0003881,2024-09-14,20240914,CUS02362,10,EMP0157,Cash,Completed,782.0,400.0
ORD0006037,2024-09-14,20240914,CUS01053,1,EMP0009,Vodafone Cash,Completed,189.0,100.0
ORD0004196,2024-09-14,20240914,CUS00780,5,EMP0111,Cash,Returned,263.5,120.0
ORD0006596,2024-09-14,20240914,CUS01745,3,EMP0057,InstaPay,Completed,13200.0,10600.0
ORD0003751,2024-09-14,20240914,CUS02477,3,EMP0059,Fawry,Completed,450.0,210.0
ORD0006714,2024-09-14,20240914,CUS01578,2,EMP0054,Vodafone Cash,Cancelled,33908.0,29910.0
ORD0006950,2024-09-14,20240914,CUS02351,4,EMP0079,Cash,Completed,720.0,330.0
ORD0002112,2024-09-14,20240914,CUS00694,12,EMP0175,Cash,Completed,872.0,480.0
ORD0005557,2024-09-14,20240914,CUS00768,1,EMP0010,Cash,Completed,3468.0,1740.0
ORD0009733,2024-09-14,20240914,CUS01735,7,EMP0130,Credit Card,Completed,1046.0,590.0
ORD0010830,2024-09-14,20240914,CUS00106,4,EMP0085,Debit Card,Completed,437.0,220.0
ORD0007181,2024-09-14,20240914,CUS01171,8,EMP0142,Vodafone Cash,Completed,152.0,80.0
ORD0002460,2024-09-14,20240914,CUS00174,14,EMP0198,Vodafone Cash,Cancelled,1260.0,620.0
ORD0009233,2024-09-15,20240915,CUS00865,1,EMP0001,Fawry,Completed,2742.5,1490.0
ORD0004420,2024-09-15,20240915,CUS02181,9,,Debit Card,Completed,470.0,230.0
ORD0008439,2024-09-15,20240915,CUS00655,12,EMP0183,Vodafone Cash,Completed,3680.0,2870.0
ORD0002015,2024-09-15,20240915,CUS02212,2,EMP0050,Fawry,Completed,878.0,480.0
ORD0010899,2024-09-15,20240915,CUS00446,14,,  Credit Card  ,Completed,60000.0,48000.0
ORD0011541,2024-09-15,20240915,CUS00826,3,EMP0063,Vodafone Cash,Returned,288.0,140.0
ORD0007943,2024-09-15,20240915,CUS02877,3,EMP0069,Fawry,Completed,1422.0,870.0
ORD0001133,2024-09-15,20240915,CUS00840,7,EMP0128,  Debit Card  ,Completed,337.5,220.0
ORD0006658,2024-09-15,20240915,CUS02621,2,EMP0037,Vodafone Cash,Completed,5944.0,4670.0
ORD0006325,2024-09-15,20240915,CUS00294,2,EMP0040,Fawry,Returned,720.0,360.0
ORD0010850,2024-09-15,20240915,CUS01975,2,EMP0046,InstaPay,Completed,1096.5,630.0
ORD0003445,2024-09-15,20240915,CUS01873,6,EMP0122,Vodafone Cash,Returned,530.0,250.0
ORD0003319,2024-09-15,20240915,CUS00348,7,EMP0136,  Cash  ,Returned,360.0,200.0
ORD0005415,2024-09-16,20240916,CUS01659,1,EMP0013,InstaPay,Completed,1840.0,880.0
ORD0001933,2024-09-16,20240916,CUS02404,14,EMP0196,  Fawry  ,Completed,1679.0,820.0
ORD0010228,2024-09-16,20240916,CUS01384,9,EMP0150,Fawry,Completed,1320.0,640.0
ORD0002376,2024-09-16,20240916,CUS00355,11,EMP0173,Cash,Completed,480.0,280.0
ORD0010964,2024-09-16,20240916,CUS02461,1,EMP0011,Credit Card,Completed,720.0,350.0
ORD0011381,2024-09-16,20240916,CUS00042,14,EMP0203,Credit Card,Completed,10880.0,10300.0
ORD0007410,2024-09-16,20240916,CUS02156,2,EMP0044,Vodafone Cash,Completed,5100.0,4800.0
ORD0007674,2024-09-17,20240917,CUS02306,2,EMP0039,Debit Card,Returned,1435.5,910.0
ORD0007632,2024-09-17,20240917,CUS02176,9,EMP0149,  Fawry  ,Completed,251.5,120.0
ORD0003139,2024-09-17,20240917,CUS00514,7,EMP0136,InstaPay,Completed,280.0,140.0
ORD0011706,2024-09-17,20240917,CUS01570,5,EMP0110,  Cash  ,Cancelled,1842.0,900.0
ORD0006571,2024-09-17,20240917,CUS01822,4,EMP0087,Debit Card,Completed,840.0,400.0
ORD0011539,2024-09-17,20240917,CUS01256,12,EMP0176,Vodafone Cash,Completed,30738.0,24450.0
ORD0002302,2024-09-17,20240917,CUS02103,1,EMP0008,  InstaPay  ,Completed,1920.0,920.0
ORD0009822,2024-09-17,20240917,CUS01416,5,EMP0107,Debit Card,Completed,1500.0,850.0
ORD0005148,2024-09-17,20240917,CUS01506,13,EMP0189,  Fawry  ,Completed,690.0,340.0
ORD0005360,2024-09-17,20240917,CUS01963,2,EMP0047,Fawry,Completed,14729.0,11370.0
ORD0001676,2024-09-17,20240917,CUS02514,12,EMP0179,InstaPay,Completed,270.0,140.0
ORD0001481,2024-09-17,20240917,CUS00429,2,EMP0034,  Fawry  ,Completed,1752.0,900.0
ORD0000173,2024-09-18,20240918,CUS02266,2,,Fawry,Completed,1381.0,700.0
ORD0002823,2024-09-18,20240918,CUS02479,8,EMP0138,InstaPay,Completed,136.0,80.0
ORD0001064,2024-09-18,20240918,CUS01750,2,EMP0045,Cash,Completed,756.0,460.0
ORD0005783,2024-09-18,20240918,CUS01110,3,EMP0076,InstaPay,Completed,1110.0,540.0
ORD0007721,2024-09-18,20240918,CUS01966,8,EMP0139,Credit Card,Completed,33438.0,27020.0
ORD0003447,2024-09-18,20240918,CUS00252,14,EMP0203,Cash,Completed,730.0,350.0
ORD0003084,2024-09-18,20240918,CUS02695,2,EMP0048,Cash,Completed,1620.0,880.0
ORD0006729,2024-09-18,20240918,CUS01059,2,EMP0049,Credit Card,Completed,1571.0,810.0
ORD0009216,2024-09-18,20240918,CUS01640,4,,Vodafone Cash,Completed,300.0,140.0
ORD0004692,2024-09-18,20240918,CUS00372,12,EMP0181,InstaPay,Completed,2400.0,1260.0
ORD0011178,2024-09-18,20240918,CUS00874,6,EMP0123,Credit Card,Completed,26702.0,21120.0
ORD0008906,2024-09-18,20240918,CUS01339,10,EMP0162,Fawry,Completed,300.0,140.0
ORD0000676,2024-09-18,20240918,CUS00147,3,EMP0074,InstaPay,Completed,48549.0,45280.0
ORD0008703,2024-09-19,20240919,CUS01767,1,EMP0004,Vodafone Cash,Completed,2241.0,1230.0
ORD0008583,2024-09-19,20240919,CUS00110,13,EMP0189,Credit Card,Completed,16079.0,13220.0
ORD0000882,2024-09-19,20240919,CUS02230,9,EMP0146,Credit Card,Completed,1077.0,520.0
ORD0009028,2024-09-19,20240919,CUS01582,6,EMP0114,Cash,Completed,1750.0,840.0
ORD0006185,2024-09-20,20240920,CUS02370,8,EMP0141,InstaPay,Completed,340.0,160.0
ORD0001864,2024-09-20,20240920,CUS01503,3,EMP0076,Vodafone Cash,Completed,1365.0,700.0
ORD0005751,2024-09-20,20240920,CUS01414,6,EMP0120,InstaPay,Completed,634.0,330.0
ORD0008432,2024-09-20,20240920,CUS01591,7,EMP0133,Credit Card,Returned,16783.0,16200.0
ORD0011716,2024-09-20,20240920,CUS01982,1,EMP0011,Fawry,Completed,1230.0,580.0
ORD0002012,2024-09-20,20240920,CUS02907,8,,Fawry,Completed,760.0,360.0
ORD0004698,2024-09-20,20240920,CUS00741,8,EMP0143,  Cash  ,Completed,11109.0,9450.0
ORD0007780,2024-09-20,20240920,CUS02375,2,EMP0030,Debit Card,Completed,792.0,420.0
ORD0011153,2024-09-21,20240921,CUS00477,4,EMP0091,Fawry,Completed,2086.5,1210.0
ORD0006383,2024-09-21,20240921,CUS01946,6,EMP0116,Vodafone Cash,Completed,210.0,100.0
ORD0000922,2024-09-21,20240921,CUS01514,4,EMP0082,Vodafone Cash,Completed,1220.0,820.0
ORD0008835,2024-09-21,20240921,CUS00469,5,EMP0108,Fawry,Completed,8466.0,7410.0
ORD0011089,2024-09-21,20240921,CUS00896,1,EMP0027,InstaPay,Returned,11326.5,8730.0
ORD0009866,2024-09-21,20240921,CUS01456,10,EMP0160,Fawry,Completed,246.5,140.0
ORD0002373,2024-09-21,20240921,CUS02787,4,EMP0094,Vodafone Cash,Completed,150.0,70.0
ORD0001214,2024-09-21,20240921,CUS02287,2,EMP0037,Debit Card,Returned,1380.0,670.0
ORD0001129,2024-09-21,20240921,CUS01524,3,EMP0055,  Fawry  ,Completed,552.0,330.0
ORD0010659,2024-09-22,20240922,CUS02732,2,EMP0041,Cash,Returned,1372.0,700.0
ORD0005289,2024-09-22,20240922,CUS02391,1,EMP0020,  Cash  ,Returned,14700.0,11800.0
ORD0010624,2024-09-22,20240922,CUS01817,6,EMP0113,Credit Card,Completed,252.0,140.0
ORD0003500,2024-09-22,20240922,CUS00718,10,EMP0158,Credit Card,Completed,332.0,180.0
ORD0006827,2024-09-22,20240922,CUS00522,5,EMP0095,Vodafone Cash,Completed,1904.0,940.0
ORD0000418,2024-09-22,20240922,CUS02803,7,EMP0129,Fawry,Completed,246.5,140.0
ORD0001999,2024-09-22,20240922,CUS01635,11,EMP0165,Fawry,Completed,449.0,230.0
ORD0007599,2024-09-22,20240922,CUS00735,1,EMP0011,Credit Card,Completed,994.0,530.0
ORD0003870,2024-09-22,20240922,CUS00515,14,EMP0194,  Cash  ,Completed,1266.5,630.0
ORD0009310,2024-09-22,20240922,CUS02273,9,EMP0149,Vodafone Cash,Completed,14228.5,11820.0
ORD0003239,2024-09-22,20240922,CUS01218,12,EMP0177,Fawry,Completed,967.5,520.0
ORD0009381,2024-09-22,20240922,CUS00743,3,EMP0060,Vodafone Cash,Completed,480.0,230.0
ORD0003310,2024-09-22,20240922,CUS01410,11,EMP0164,Debit Card,Completed,665.0,350.0
ORD0008045,2024-09-22,20240922,CUS01879,3,,Fawry,Completed,1008.0,620.0
ORD0007397,2024-09-22,20240922,CUS01803,5,EMP0104,Cash,Completed,1140.0,580.0
ORD0006617,2024-09-22,20240922,CUS02406,8,EMP0140,Vodafone Cash,Completed,610.0,290.0
ORD0002574,2024-09-22,20240922,CUS01656,7,EMP0131,InstaPay,Cancelled,10100.0,8100.0
ORD0000211,2024-09-23,20240923,CUS01254,2,EMP0047,  Credit Card  ,Completed,840.0,420.0
ORD0004176,2024-09-23,20240923,CUS02502,5,EMP0095,  InstaPay  ,Completed,90.0,40.0
ORD0008652,2024-09-23,20240923,CUS02373,6,EMP0117,Vodafone Cash,Completed,1513.0,1160.0
ORD0004046,2024-09-23,20240923,CUS01224,3,EMP0068,Vodafone Cash,Completed,12070.5,11070.0
ORD0011191,2024-09-23,20240923,CUS00373,4,EMP0091,  Credit Card  ,Completed,976.0,520.0
ORD0004432,2024-09-23,20240923,CUS02617,4,EMP0087,Credit Card,Completed,260.0,120.0
ORD0008231,2024-09-23,20240923,CUS02352,11,EMP0172,  Fawry  ,Completed,939.0,520.0
ORD0004536,2024-09-23,20240923,CUS00053,8,EMP0143,Debit Card,Completed,779.0,420.0
ORD0009760,2024-09-23,20240923,CUS02864,3,EMP0061,Cash,Returned,28377.5,23840.0
ORD0007210,2024-09-23,20240923,CUS00376,7,,  Vodafone Cash  ,Completed,218.5,110.0
ORD0009607,2024-09-23,20240923,CUS01695,6,EMP0117,  Debit Card  ,Completed,2365.5,1230.0
ORD0001642,2024-09-24,20240924,CUS02675,3,EMP0061,  Vodafone Cash  ,Completed,308.0,180.0
ORD0011349,2024-09-24,20240924,CUS00823,2,EMP0041,Vodafone Cash,Completed,637.5,420.0
ORD0009836,2024-09-24,20240924,CUS02571,7,EMP0133,Vodafone Cash,Completed,2157.5,1150.0
ORD0006095,2024-09-24,20240924,CUS02120,5,EMP0107,Debit Card,Completed,12100.0,9520.0
ORD0010580,2024-09-24,20240924,CUS00593,7,EMP0136,Debit Card,Completed,708.0,360.0
ORD0000210,2024-09-24,20240924,CUS01604,6,,Cash,Completed,127.5,70.0
ORD0000907,2024-09-24,20240924,CUS01440,5,EMP0100,Cash,Completed,842.0,460.0
ORD0006755,2024-09-24,20240924,CUS01592,2,EMP0042,Fawry,Completed,6853.0,6020.0
ORD0004995,2024-09-24,20240924,CUS02439,1,EMP0015,Credit Card,Completed,1868.0,1000.0
ORD0001244,2024-09-24,20240924,CUS01472,4,EMP0083,Fawry,Completed,127.5,70.0
ORD0009360,2024-09-24,20240924,CUS02515,4,EMP0084,Fawry,Completed,27116.0,21380.0
ORD0006458,2024-09-24,20240924,CUS00396,12,EMP0182,Cash,Completed,21441.0,21340.0
ORD0002771,2024-09-24,20240924,CUS00449,7,,Cash,Completed,1266.0,610.0
ORD0006133,2024-09-24,20240924,CUS00622,5,EMP0109,Debit Card,Completed,607.5,290.0
ORD0000055,2024-09-24,20240924,CUS00808,7,EMP0134,  Fawry  ,Completed,2302.0,1220.0
ORD0009728,2024-09-24,20240924,CUS00759,11,EMP0173,Credit Card,Completed,3933.5,2010.0
ORD0011428,2024-09-24,20240924,CUS00267,1,EMP0020,Cash,Completed,1010.0,480.0
ORD0011130,2024-09-24,20240924,CUS00467,3,EMP0072,Credit Card,Returned,22820.0,21180.0
ORD0010826,2024-09-24,20240924,CUS02135,2,,Fawry,Completed,1952.5,1020.0
ORD0009261,2024-09-24,20240924,CUS01726,15,EMP0209,Vodafone Cash,Completed,819.0,430.0
ORD0003436,2024-09-24,20240924,CUS00507,6,EMP0126,InstaPay,Completed,10240.0,10300.0
ORD0010821,2024-09-24,20240924,CUS02580,2,EMP0040,Cash,Completed,120.0,70.0
ORD0011517,2024-09-24,20240924,CUS02260,5,EMP0111,Fawry,Completed,1240.0,630.0
ORD0004345,2024-09-25,20240925,CUS00173,5,EMP0098,Credit Card,Completed,216.0,110.0
ORD0004328,2024-09-25,20240925,CUS02866,9,EMP0149,  InstaPay  ,Completed,306.0,170.0
ORD0007253,2024-09-25,20240925,CUS01371,1,EMP0005,  Debit Card  ,Completed,1620.0,810.0
ORD0011918,2024-09-25,20240925,CUS02096,3,EMP0069,Fawry,Completed,19741.0,16400.0
ORD0000226,2024-09-25,20240925,CUS02080,12,EMP0184,  Vodafone Cash  ,Completed,14384.0,14280.0
ORD0005543,2024-09-25,20240925,CUS00552,11,EMP0166,Cash,Completed,13050.0,11290.0
ORD0008624,2024-09-25,20240925,CUS00998,1,EMP0010,  InstaPay  ,Completed,776.0,380.0
ORD0005068,2024-09-25,20240925,CUS00816,3,EMP0064,Fawry,Completed,718.0,410.0
ORD0001953,2024-09-25,20240925,CUS00354,4,EMP0082,Cash,Completed,130.0,60.0
ORD0010538,2024-09-25,20240925,CUS02881,11,EMP0170,Debit Card,Completed,1471.0,760.0
ORD0000685,2024-09-25,20240925,CUS00904,8,EMP0137,Vodafone Cash,Completed,288.0,140.0
ORD0004393,2024-09-25,20240925,CUS00266,11,EMP0166,Debit Card,Cancelled,1609.0,950.0
ORD0001296,2024-09-25,20240925,CUS02864,3,EMP0058,Debit Card,Completed,240.0,120.0
ORD0004384,2024-09-26,20240926,CUS00419,6,EMP0119,Credit Card,Completed,900.0,600.0
ORD0003761,2024-09-26,20240926,CUS00432,3,EMP0071,Credit Card,Completed,1528.0,780.0
ORD0010558,2024-09-26,20240926,CUS01517,10,EMP0159,Vodafone Cash,Completed,1600.0,1600.0
ORD0001633,2024-09-26,20240926,CUS00968,11,EMP0168,Cash,Returned,2235.0,1240.0
ORD0001698,2024-09-26,20240926,CUS01002,5,EMP0110,InstaPay,Returned,2340.0,1140.0
ORD0001187,2024-09-26,20240926,CUS00396,1,EMP0018,Debit Card,Completed,243.0,130.0
ORD0001193,2024-09-26,20240926,CUS01674,5,EMP0097,InstaPay,Cancelled,460.0,230.0
ORD0010943,2024-09-26,20240926,CUS01728,1,EMP0009,Debit Card,Completed,5000.0,4000.0
ORD0008403,2024-09-26,20240926,CUS02090,12,EMP0180,Vodafone Cash,Cancelled,3100.0,1580.0
ORD0006931,2024-09-26,20240926,CUS01242,11,EMP0170,Vodafone Cash,Completed,3060.0,1610.0
ORD0000096,2024-09-26,20240926,CUS02677,7,EMP0136,InstaPay,Returned,200.0,80.0
ORD0002204,2024-09-26,20240926,CUS02640,9,EMP0146,Debit Card,Completed,2440.0,1260.0
ORD0000830,2024-09-26,20240926,CUS02539,2,EMP0043,Cash,Completed,933.0,500.0
ORD0011757,2024-09-26,20240926,CUS01548,5,EMP0096,  Debit Card  ,Completed,1395.0,730.0
ORD0011547,2024-09-26,20240926,CUS00169,5,EMP0107,Vodafone Cash,Completed,70354.0,56570.0
ORD0002645,2024-09-26,20240926,CUS01534,6,EMP0123,Fawry,Completed,799.0,450.0
ORD0008803,2024-09-26,20240926,CUS00091,3,EMP0066,Credit Card,Completed,2072.0,1720.0
ORD0010654,2024-09-26,20240926,CUS02047,6,EMP0120,Vodafone Cash,Completed,24234.0,20270.0
ORD0011834,2024-09-26,20240926,CUS01305,4,EMP0090,Fawry,Returned,3582.5,1810.0
ORD0001959,2024-09-26,20240926,CUS02827,2,EMP0047,Debit Card,Completed,1645.0,860.0
ORD0008189,2024-09-26,20240926,CUS02711,3,EMP0060,Debit Card,Completed,360.0,180.0
ORD0007286,2024-09-27,20240927,CUS01293,1,EMP0015,Debit Card,Completed,848.5,430.0
ORD0010496,2024-09-27,20240927,CUS00321,3,EMP0061,Fawry,Cancelled,561.0,280.0
ORD0002359,2024-09-27,20240927,CUS01387,12,EMP0181,Vodafone Cash,Completed,147.0,100.0
ORD0010557,2024-09-27,20240927,CUS02340,2,EMP0036,Debit Card,Completed,192.0,120.0
ORD0001466,2024-09-27,20240927,CUS00153,4,EMP0088,  InstaPay  ,Completed,1078.5,520.0
ORD0003379,2024-09-27,20240927,CUS01905,14,EMP0199,  Debit Card  ,Completed,600.0,280.0
ORD0001767,2024-09-27,20240927,CUS01876,12,EMP0175,Vodafone Cash,Completed,382.5,220.0
ORD0000185,2024-09-27,20240927,CUS01042,5,,Vodafone Cash,Cancelled,1110.0,550.0
ORD0002934,2024-09-27,20240927,CUS00175,15,EMP0214,InstaPay,Completed,3766.0,2600.0
ORD0011812,2024-09-27,20240927,CUS02912,5,EMP0105,Debit Card,Completed,1388.0,700.0
ORD0009141,2024-09-28,20240928,CUS01894,6,,Debit Card,Cancelled,704.0,350.0
ORD0002539,2024-09-28,20240928,CUS02705,5,EMP0105,Credit Card,Completed,24466.0,20480.0
ORD0011188,2024-09-28,20240928,CUS00606,14,EMP0200,Debit Card,Completed,10900.0,8700.0
ORD0002063,2024-09-28,20240928,CUS02539,5,EMP0099,Fawry,Completed,1360.0,680.0
ORD0001902,2024-09-28,20240928,CUS00813,5,EMP0110,Credit Card,Completed,1540.0,770.0
ORD0001835,2024-09-28,20240928,CUS00565,5,EMP0106,Fawry,Completed,630.0,300.0
ORD0002161,2024-09-28,20240928,CUS00974,6,EMP0126,Debit Card,Completed,385.0,210.0
ORD0000608,2024-09-29,20240929,CUS00835,3,,Vodafone Cash,Completed,324.0,160.0
ORD0008287,2024-09-29,20240929,CUS02885,14,EMP0195,Debit Card,Completed,784.5,380.0
ORD0005129,2024-09-29,20240929,CUS01007,12,EMP0179,Credit Card,Cancelled,133.0,70.0
ORD0008364,2024-09-29,20240929,CUS02962,3,EMP0068,Fawry,Completed,1734.0,910.0
ORD0002086,2024-09-29,20240929,CUS02114,5,EMP0107,  Cash  ,Completed,263.0,130.0
ORD0005096,2024-09-29,20240929,CUS01195,13,EMP0185,Cash,Completed,2504.0,1310.0
ORD0010376,2024-09-29,20240929,CUS02561,6,EMP0117,InstaPay,Completed,1130.5,580.0
ORD0006947,2024-09-29,20240929,CUS00995,3,EMP0074,Vodafone Cash,Completed,1045.0,530.0
ORD0009373,2024-09-29,20240929,CUS00142,3,EMP0064,  Debit Card  ,Completed,612.0,340.0
ORD0006699,2024-09-29,20240929,CUS02992,5,EMP0099,Vodafone Cash,Completed,1716.0,900.0
ORD0003579,2024-09-29,20240929,CUS00255,3,EMP0073,Debit Card,Completed,123.5,60.0
ORD0006057,2024-09-29,20240929,CUS01009,12,EMP0178,  Vodafone Cash  ,Returned,13080.0,10760.0
ORD0005144,2024-09-29,20240929,CUS01853,3,EMP0070,Debit Card,Completed,178.5,100.0
ORD0005306,2024-09-29,20240929,CUS01977,2,EMP0030,Debit Card,Completed,430.0,210.0
ORD0011729,2024-09-29,20240929,CUS02329,14,EMP0197,Vodafone Cash,Completed,2724.0,2060.0
ORD0011728,2024-09-29,20240929,CUS02032,5,EMP0108,Fawry,Cancelled,270.0,130.0
ORD0002031,2024-09-29,20240929,CUS02387,3,EMP0056,Cash,Returned,1150.0,570.0
ORD0006048,2024-09-29,20240929,CUS02835,6,EMP0124,Fawry,Completed,1670.0,830.0
ORD0002662,2024-09-29,20240929,CUS00274,1,EMP0026,Debit Card,Completed,140.0,90.0
ORD0005165,2024-09-30,20240930,CUS01398,3,EMP0073,Vodafone Cash,Completed,2725.0,2170.0
ORD0000422,2024-09-30,20240930,CUS00270,6,EMP0113,Fawry,Completed,800.0,390.0
ORD0007238,2024-09-30,20240930,CUS02417,3,EMP0073,InstaPay,Completed,14114.0,9730.0
ORD0001528,2024-09-30,20240930,CUS01289,13,EMP0193,InstaPay,Completed,5400.0,4800.0
ORD0008426,2024-09-30,20240930,CUS00937,3,EMP0059,Debit Card,Completed,306.0,150.0
ORD0008999,2024-09-30,20240930,CUS00042,14,EMP0198,Debit Card,Returned,729.0,390.0
ORD0005040,2024-09-30,20240930,CUS01075,15,EMP0213,Fawry,Returned,437.0,220.0
ORD0001471,2024-09-30,20240930,CUS00901,13,EMP0186,Fawry,Completed,1596.5,800.0
ORD0002490,2024-09-30,20240930,CUS01291,13,EMP0189,  Credit Card  ,Completed,3040.0,1470.0
ORD0001894,2024-09-30,20240930,CUS01560,2,EMP0043,  Debit Card  ,Completed,1194.0,610.0
ORD0006956,2024-09-30,20240930,CUS01858,3,EMP0059,  Fawry  ,Completed,810.0,370.0
ORD0000590,2024-10-01,20241001,CUS02727,2,EMP0036,Credit Card,Completed,44935.5,44680.0
ORD0009430,2024-10-01,20241001,CUS01136,7,EMP0133,  Credit Card  ,Completed,20710.0,17400.0
ORD0007330,2024-10-01,20241001,CUS02003,12,EMP0179,InstaPay,Completed,4040.0,1960.0
ORD0010149,2024-10-01,20241001,CUS01803,9,,InstaPay,Completed,1209.0,650.0
ORD0005635,2024-10-01,20241001,CUS02086,3,EMP0065,Credit Card,Completed,282.0,140.0
ORD0000616,2024-10-01,20241001,CUS02909,1,EMP0008,  InstaPay  ,Completed,8365.0,6990.0
ORD0008570,2024-10-01,20241001,CUS01191,10,EMP0157,Fawry,Completed,7501.5,5730.0
ORD0006900,2024-10-01,20241001,CUS00816,1,EMP0013,Fawry,Completed,720.0,340.0
ORD0009995,2024-10-01,20241001,CUS00092,3,EMP0066,Vodafone Cash,Returned,456.0,240.0
ORD0004323,2024-10-02,20241002,CUS02842,5,EMP0095,Vodafone Cash,Completed,535.0,300.0
ORD0000371,2024-10-02,20241002,CUS00762,2,EMP0044,Fawry,Completed,1368.0,820.0
ORD0005606,2024-10-02,20241002,CUS01084,4,EMP0083,  Debit Card  ,Completed,6832.0,5590.0
ORD0007977,2024-10-02,20241002,CUS01792,14,EMP0196,Credit Card,Completed,1260.0,620.0
ORD0008022,2024-10-02,20241002,CUS01024,1,EMP0025,Credit Card,Completed,67.5,40.0
ORD0009551,2024-10-02,20241002,CUS02329,5,EMP0108,Cash,Completed,300.0,140.0
ORD0008941,2024-10-02,20241002,CUS02791,1,EMP0027,Debit Card,Completed,144.0,70.0
ORD0011169,2024-10-02,20241002,CUS00924,2,EMP0044,  Fawry  ,Completed,1112.0,530.0
ORD0009045,2024-10-02,20241002,CUS01979,9,EMP0147,  InstaPay  ,Completed,184.0,110.0
ORD0011990,2024-10-03,20241003,CUS00438,12,EMP0184,InstaPay,Completed,13725.0,11760.0
ORD0007660,2024-10-03,20241003,CUS02750,6,EMP0118,InstaPay,Completed,3202.0,1690.0
ORD0007148,2024-10-03,20241003,CUS00747,5,EMP0100,Fawry,Completed,1360.0,640.0
ORD0008406,2024-10-03,20241003,CUS00680,6,EMP0113,Credit Card,Completed,142.5,90.0
ORD0006821,2024-10-03,20241003,CUS02290,7,EMP0128,Debit Card,Completed,17257.5,15090.0
ORD0007913,2024-10-03,20241003,CUS02731,2,EMP0035,Credit Card,Completed,693.0,380.0
ORD0007629,2024-10-03,20241003,CUS01072,2,EMP0051,Fawry,Completed,1350.5,750.0
ORD0004508,2024-10-03,20241003,CUS01806,3,EMP0066,InstaPay,Cancelled,81.0,40.0
ORD0001732,2024-10-03,20241003,CUS00392,1,EMP0007,InstaPay,Returned,520.0,260.0
ORD0008237,2024-10-03,20241003,CUS01014,5,EMP0102,Credit Card,Completed,1595.5,820.0
ORD0005718,2024-10-04,20241004,CUS02486,8,EMP0144,InstaPay,Completed,365.5,210.0
ORD0002301,2024-10-04,20241004,CUS02828,10,EMP0158,Vodafone Cash,Completed,144.0,70.0
ORD0002811,2024-10-04,20241004,CUS02672,2,EMP0035,  Debit Card  ,Completed,1500.0,720.0
ORD0005378,2024-10-04,20241004,CUS01445,2,EMP0045,  Debit Card  ,Completed,648.0,320.0
ORD0004125,2024-10-04,20241004,CUS00766,4,EMP0087,Vodafone Cash,Completed,2537.0,1540.0
ORD0001899,2024-10-04,20241004,CUS02355,1,EMP0025,Vodafone Cash,Completed,594.0,320.0
ORD0000237,2024-10-04,20241004,CUS02297,2,EMP0043,Cash,Completed,1635.0,770.0
ORD0006425,2024-10-04,20241004,CUS01144,14,EMP0195,Credit Card,Completed,1708.5,940.0
ORD0006819,2024-10-05,20241005,CUS00898,3,EMP0077,  Fawry  ,Completed,24475.0,18840.0
ORD0006752,2024-10-05,20241005,CUS01304,1,EMP0007,Credit Card,Completed,1263.0,610.0
ORD0010234,2024-10-05,20241005,CUS02464,1,EMP0002,Cash,Completed,136.0,70.0
ORD0007570,2024-10-05,20241005,CUS01975,6,EMP0120,InstaPay,Completed,849.0,500.0
ORD0009877,2024-10-05,20241005,CUS01076,6,EMP0114,Credit Card,Completed,1647.0,900.0
ORD0003998,2024-10-05,20241005,CUS01601,13,EMP0192,Cash,Completed,1055.0,570.0
ORD0005586,2024-10-06,20241006,CUS01011,4,EMP0084,  InstaPay  ,Completed,150.0,70.0
ORD0000623,2024-10-06,20241006,CUS01404,2,EMP0054,Credit Card,Completed,922.0,510.0
ORD0010007,2024-10-06,20241006,CUS01620,15,EMP0211,Fawry,Completed,2736.0,1400.0
ORD0011085,2024-10-06,20241006,CUS02185,2,,Cash,Completed,19100.0,15150.0
ORD0008804,2024-10-06,20241006,CUS01272,15,EMP0207,Credit Card,Completed,486.0,260.0
ORD0011604,2024-10-06,20241006,CUS00002,3,EMP0056,InstaPay,Completed,989.0,700.0
ORD0005375,2024-10-06,20241006,CUS00907,6,EMP0121,Fawry,Completed,2406.5,1640.0
ORD0007368,2024-10-06,20241006,CUS00713,3,EMP0060,Cash,Completed,6076.0,4940.0
ORD0006914,2024-10-06,20241006,CUS01233,6,EMP0118,Cash,Completed,272.0,160.0
ORD0002704,2024-10-06,20241006,CUS01790,2,EMP0048,Credit Card,Returned,144.0,80.0
ORD0001403,2024-10-06,20241006,CUS01538,2,EMP0042,  InstaPay  ,Returned,504.0,280.0
ORD0010592,2024-10-06,20241006,CUS02073,4,,Fawry,Completed,315.0,200.0
ORD0010685,2024-10-06,20241006,CUS02471,10,EMP0158,InstaPay,Completed,799.0,400.0
ORD0000070,2024-10-06,20241006,CUS00295,8,EMP0141,  Credit Card  ,Completed,221.0,130.0
ORD0001134,2024-10-06,20241006,CUS01818,7,EMP0127,Vodafone Cash,Completed,549.0,300.0
ORD0011731,2024-10-06,20241006,CUS02941,14,EMP0195,Credit Card,Completed,14608.0,11500.0
ORD0008268,2024-10-06,20241006,CUS02006,2,EMP0033,Cash,Completed,660.0,350.0
ORD0002805,2024-10-06,20241006,CUS02140,3,EMP0058,Credit Card,Completed,2953.0,1560.0
ORD0009217,2024-10-07,20241007,CUS01978,5,,  Debit Card  ,Completed,473.0,230.0
ORD0009887,2024-10-07,20241007,CUS00198,3,EMP0062,Debit Card,Completed,19405.0,16030.0
ORD0000769,2024-10-07,20241007,CUS02115,2,EMP0050,Fawry,Completed,474.5,250.0
ORD0006470,2024-10-07,20241007,CUS01934,3,,Debit Card,Completed,324.0,160.0
ORD0009118,2024-10-07,20241007,CUS01296,11,EMP0166,Credit Card,Completed,29070.0,24300.0
ORD0006257,2024-10-07,20241007,CUS02189,2,EMP0041,InstaPay,Completed,68.0,40.0
ORD0010622,2024-10-07,20241007,CUS01854,3,EMP0065,Cash,Cancelled,3046.0,1500.0
ORD0004119,2024-10-07,20241007,CUS01430,8,EMP0143,Debit Card,Completed,458.0,260.0
ORD0008743,2024-10-07,20241007,CUS02508,3,EMP0059,InstaPay,Completed,1076.0,530.0
ORD0005458,2024-10-07,20241007,CUS02897,3,EMP0057,Vodafone Cash,Returned,693.0,380.0
ORD0004283,2024-10-07,20241007,CUS02146,2,EMP0040,Credit Card,Completed,812.5,380.0
ORD0005753,2024-10-07,20241007,CUS00216,2,EMP0035,Credit Card,Completed,780.0,360.0
ORD0000334,2024-10-08,20241008,CUS00786,2,,Debit Card,Completed,2516.0,1640.0
ORD0005701,2024-10-08,20241008,CUS02270,13,EMP0190,Fawry,Completed,450.0,250.0
ORD0009590,2024-10-08,20241008,CUS01733,9,EMP0146,Cash,Completed,801.0,460.0
ORD0004788,2024-10-08,20241008,CUS00538,13,EMP0192,Credit Card,Completed,2255.0,1170.0
ORD0000253,2024-10-08,20241008,CUS00385,6,EMP0120,  InstaPay  ,Completed,851.0,390.0
ORD0010129,2024-10-08,20241008,CUS01002,8,,Vodafone Cash,Completed,1290.0,650.0
ORD0010565,2024-10-08,20241008,CUS02704,4,,Cash,Completed,1960.5,1060.0
ORD0004156,2024-10-08,20241008,CUS00822,11,EMP0172,  Cash  ,Completed,2158.0,1060.0
ORD0008399,2024-10-08,20241008,CUS01408,3,EMP0063,InstaPay,Completed,490.0,240.0
ORD0009994,2024-10-08,20241008,CUS02530,1,EMP0022,InstaPay,Completed,10800.0,8300.0
ORD0011058,2024-10-08,20241008,CUS00963,11,EMP0173,Cash,Completed,255.0,140.0
ORD0000297,2024-10-08,20241008,CUS00791,7,EMP0132,  Vodafone Cash  ,Completed,2370.0,1200.0
ORD0003313,2024-10-08,20241008,CUS02872,7,EMP0134,Vodafone Cash,Returned,459.5,230.0
ORD0004639,2024-10-08,20241008,CUS02160,1,EMP0026,Cash,Completed,18150.0,14320.0
ORD0011871,2024-10-08,20241008,CUS01689,2,EMP0030,Credit Card,Completed,378.0,210.0
ORD0005312,2024-10-08,20241008,CUS00538,3,EMP0068,Credit Card,Completed,30220.0,29840.0
ORD0003017,2024-10-09,20241009,CUS02979,1,EMP0023,Debit Card,Completed,256.0,160.0
ORD0010917,2024-10-09,20241009,CUS02722,11,EMP0172,InstaPay,Completed,3260.0,2220.0
ORD0003373,2024-10-09,20241009,CUS02620,14,EMP0198,Vodafone Cash,Completed,1330.0,700.0
ORD0002019,2024-10-09,20241009,CUS01494,6,EMP0114,Cash,Completed,1482.0,760.0
ORD0005526,2024-10-09,20241009,CUS02950,1,EMP0008,Debit Card,Completed,2004.0,1000.0
ORD0003307,2024-10-09,20241009,CUS00778,3,EMP0077,Credit Card,Completed,1176.0,720.0
ORD0001561,2024-10-09,20241009,CUS00623,9,EMP0145,  Debit Card  ,Completed,441.0,240.0
ORD0003010,2024-10-09,20241009,CUS00222,2,EMP0033,Debit Card,Completed,1834.0,980.0
ORD0010842,2024-10-09,20241009,CUS02098,5,EMP0104,  Credit Card  ,Completed,72.0,40.0
ORD0006849,2024-10-09,20241009,CUS02404,6,EMP0115,InstaPay,Completed,340.0,170.0
ORD0001128,2024-10-10,20241010,CUS00905,14,EMP0197,Cash,Completed,150.0,70.0
ORD0006855,2024-10-10,20241010,CUS00928,12,EMP0178,Debit Card,Completed,3871.5,2200.0
ORD0000924,2024-10-10,20241010,CUS02090,2,EMP0040,Credit Card,Completed,9160.0,8070.0
ORD0001338,2024-10-10,20241010,CUS02848,13,EMP0193,  Credit Card  ,Completed,90.0,40.0
ORD0000581,2024-10-10,20241010,CUS01617,5,EMP0102,Fawry,Completed,10402.5,8470.0
ORD0010563,2024-10-10,20241010,CUS01452,6,EMP0122,Vodafone Cash,Completed,327.0,170.0
ORD0004481,2024-10-10,20241010,CUS00137,3,EMP0064,Credit Card,Completed,1020.0,500.0
ORD0010537,2024-10-11,20241011,CUS00653,3,EMP0075,Fawry,Completed,1838.0,1050.0
ORD0000130,2024-10-11,20241011,CUS01591,11,EMP0166,  InstaPay  ,Completed,821.0,480.0
ORD0002352,2024-10-11,20241011,CUS02818,15,EMP0207,  InstaPay  ,Completed,314.0,180.0
ORD0002541,2024-10-11,20241011,CUS02843,1,EMP0020,InstaPay,Completed,1946.0,990.0
ORD0006071,2024-10-11,20241011,CUS00030,12,EMP0183,InstaPay,Completed,430.0,210.0
ORD0004792,2024-10-11,20241011,CUS00200,2,EMP0054,Cash,Completed,715.0,370.0
ORD0002879,2024-10-11,20241011,CUS00709,4,EMP0087,Fawry,Completed,352.0,190.0
ORD0005508,2024-10-11,20241011,CUS00611,6,EMP0115,Credit Card,Completed,934.0,510.0
ORD0000087,2024-10-11,20241011,CUS00125,4,EMP0085,  Fawry  ,Cancelled,951.0,500.0
ORD0001411,2024-10-12,20241012,CUS00304,1,EMP0026,InstaPay,Completed,450.0,220.0
ORD0008642,2024-10-12,20241012,CUS02232,11,EMP0172,Cash,Returned,432.0,240.0
ORD0011199,2024-10-12,20241012,CUS01222,9,EMP0148,Debit Card,Returned,608.0,300.0
ORD0007234,2024-10-12,20241012,CUS02923,4,EMP0084,  Vodafone Cash  ,Completed,1406.0,650.0
ORD0001353,2024-10-12,20241012,CUS02191,4,EMP0087,Cash,Completed,133.0,70.0
ORD0005065,2024-10-12,20241012,CUS02063,14,EMP0198,InstaPay,Completed,735.5,380.0
ORD0008397,2024-10-12,20241012,CUS01044,10,EMP0158,Vodafone Cash,Completed,9399.0,8490.0
ORD0003737,2024-10-12,20241012,CUS00157,14,EMP0194,Cash,Completed,19572.0,16750.0
ORD0000526,2024-10-12,20241012,CUS01535,2,EMP0051,Credit Card,Completed,315.0,210.0
ORD0002979,2024-10-12,20241012,CUS01884,5,EMP0110,Fawry,Completed,2350.0,2080.0
ORD0005478,2024-10-12,20241012,CUS01622,7,EMP0130,  Fawry  ,Completed,2248.5,1210.0
ORD0009930,2024-10-12,20241012,CUS00342,11,EMP0172,InstaPay,Cancelled,81.0,40.0
ORD0003666,2024-10-12,20241012,CUS00365,10,EMP0152,Cash,Completed,14028.0,11470.0
ORD0011536,2024-10-12,20241012,CUS00199,2,EMP0050,InstaPay,Cancelled,3852.0,2700.0
ORD0002400,2024-10-12,20241012,CUS01990,12,EMP0174,Fawry,Completed,64797.0,51390.0
ORD0000510,2024-10-12,20241012,CUS02585,1,EMP0009,InstaPay,Completed,266.0,140.0
ORD0006049,2024-10-12,20241012,CUS00860,14,EMP0195,Fawry,Completed,32440.0,31870.0
ORD0008102,2024-10-13,20241013,CUS00242,12,EMP0183,Cash,Completed,940.0,470.0
ORD0010466,2024-10-13,20241013,CUS02275,6,EMP0121,Cash,Completed,630.0,300.0
ORD0008828,2024-10-13,20241013,CUS00356,14,EMP0197,  Vodafone Cash  ,Completed,15692.0,13440.0
ORD0008919,2024-10-13,20241013,CUS01299,2,EMP0053,Debit Card,Completed,1330.0,1040.0
ORD0004601,2024-10-13,20241013,CUS00443,7,EMP0130,Fawry,Completed,1224.0,690.0
ORD0004634,2024-10-13,20241013,CUS02235,15,EMP0207,Vodafone Cash,Completed,4226.0,2310.0
ORD0002443,2024-10-13,20241013,CUS01394,1,EMP0002,Cash,Completed,392.5,210.0
ORD0005824,2024-10-14,20241014,CUS00703,1,EMP0020,  Debit Card  ,Completed,480.0,220.0
ORD0001545,2024-10-14,20241014,CUS02130,4,EMP0080,Debit Card,Completed,13722.5,10800.0
ORD0008966,2024-10-14,20241014,CUS02923,4,,Fawry,Cancelled,1615.0,940.0
ORD0008973,2024-10-14,20241014,CUS02265,4,EMP0094,  Cash  ,Completed,18133.5,14340.0
ORD0005018,2024-10-14,20241014,CUS01991,6,EMP0120,InstaPay,Completed,620.0,290.0
ORD0009081,2024-10-14,20241014,CUS01999,6,,Fawry,Completed,2040.0,1260.0
ORD0006694,2024-10-14,20241014,CUS00987,12,EMP0184,Credit Card,Returned,3994.0,2120.0
ORD0005886,2024-10-15,20241015,CUS01281,8,EMP0142,Credit Card,Completed,1477.0,860.0
ORD0011985,2024-10-15,20241015,CUS02678,10,EMP0153,Vodafone Cash,Returned,180.0,80.0
ORD0005833,2024-10-15,20241015,CUS00966,9,EMP0147,Credit Card,Completed,462.0,250.0
ORD0008922,2024-10-15,20241015,CUS00222,2,EMP0029,Vodafone Cash,Completed,12015.0,10040.0
ORD0005925,2024-10-15,20241015,CUS00977,2,EMP0048,Cash,Completed,228.0,120.0
ORD0008153,2024-10-15,20241015,CUS01235,3,EMP0063,Debit Card,Completed,622.5,350.0
ORD0000490,2024-10-15,20241015,CUS01624,4,EMP0094,Cash,Completed,100.0,40.0
ORD0010791,2024-10-15,20241015,CUS00095,2,EMP0031,  Debit Card  ,Completed,918.0,500.0
ORD0006978,2024-10-16,20241016,CUS00778,11,EMP0172,Debit Card,Completed,252.0,140.0
ORD0006747,2024-10-16,20241016,CUS02202,11,EMP0166,Credit Card,Completed,280.0,140.0
ORD0009857,2024-10-16,20241016,CUS00050,11,EMP0167,Cash,Completed,120.0,70.0
ORD0002697,2024-10-16,20241016,CUS00381,4,EMP0082,InstaPay,Returned,2360.0,1140.0
ORD0004439,2024-10-16,20241016,CUS01765,3,EMP0063,Vodafone Cash,Completed,1498.0,780.0
ORD0011571,2024-10-16,20241016,CUS01732,2,EMP0048,  Fawry  ,Completed,10752.5,9190.0
ORD0006906,2024-10-16,20241016,CUS02866,4,EMP0091,Vodafone Cash,Completed,1124.0,570.0
ORD0005142,2024-10-16,20241016,CUS00913,8,EMP0137,  Vodafone Cash  ,Completed,1710.0,850.0
ORD0002138,2024-10-16,20241016,CUS01747,1,EMP0019,Vodafone Cash,Completed,5549.0,4420.0
ORD0000508,2024-10-16,20241016,CUS01403,4,EMP0093,Vodafone Cash,Completed,39600.0,31500.0
ORD0004207,2024-10-16,20241016,CUS02196,2,EMP0049,InstaPay,Completed,846.0,420.0
ORD0005047,2024-10-16,20241016,CUS01980,8,EMP0143,Vodafone Cash,Completed,12520.0,9280.0
ORD0003087,2024-10-17,20241017,CUS01424,10,EMP0158,InstaPay,Completed,85.5,40.0
ORD0011853,2024-10-17,20241017,CUS02614,10,EMP0154,Credit Card,Returned,1530.5,750.0
ORD0005193,2024-10-17,20241017,CUS01925,3,EMP0075,Vodafone Cash,Completed,1330.0,680.0
ORD0010662,2024-10-17,20241017,CUS02832,2,EMP0030,Cash,Completed,270.0,140.0
ORD0003326,2024-10-17,20241017,CUS02311,2,EMP0054,Cash,Cancelled,826.0,530.0
ORD0008113,2024-10-17,20241017,CUS01052,1,EMP0021,InstaPay,Completed,384.0,240.0
ORD0004470,2024-10-17,20241017,CUS01150,3,EMP0063,Debit Card,Completed,800.0,600.0
ORD0008568,2024-10-17,20241017,CUS02519,5,EMP0098,Cash,Completed,909.5,460.0
ORD0003892,2024-10-17,20241017,CUS02631,13,EMP0189,Cash,Completed,720.0,360.0
ORD0009654,2024-10-17,20241017,CUS01762,4,EMP0094,Vodafone Cash,Completed,1220.0,610.0
ORD0007818,2024-10-17,20241017,CUS00062,8,EMP0144,Debit Card,Cancelled,294.5,150.0
ORD0003642,2024-10-18,20241018,CUS01350,11,EMP0173,Debit Card,Completed,171.0,90.0
ORD0011569,2024-10-18,20241018,CUS01814,10,EMP0153,Cash,Completed,15000.0,12000.0
ORD0003458,2024-10-18,20241018,CUS00856,4,EMP0084,Cash,Completed,687.5,400.0
ORD0008613,2024-10-18,20241018,CUS02302,2,EMP0049,Debit Card,Completed,23583.0,20870.0
ORD0011074,2024-10-18,20241018,CUS00474,14,EMP0203,Credit Card,Completed,12780.0,13190.0
ORD0010186,2024-10-18,20241018,CUS01215,12,EMP0179,Credit Card,Completed,1539.0,770.0
ORD0004455,2024-10-18,20241018,CUS01366,12,EMP0178,Cash,Completed,25809.0,19920.0
ORD0003608,2024-10-18,20241018,CUS00221,5,EMP0110,Cash,Completed,1512.0,800.0
ORD0007345,2024-10-19,20241019,CUS02609,13,EMP0185,InstaPay,Completed,297.5,150.0
ORD0003861,2024-10-19,20241019,CUS00433,1,EMP0022,Cash,Completed,1350.0,680.0
ORD0001362,2024-10-19,20241019,CUS02644,6,EMP0119,InstaPay,Completed,3232.5,1590.0
ORD0000552,2024-10-19,20241019,CUS01269,1,EMP0002,Vodafone Cash,Completed,364.0,220.0
ORD0004059,2024-10-19,20241019,CUS00365,13,EMP0187,InstaPay,Completed,304.0,180.0
ORD0009060,2024-10-19,20241019,CUS00706,6,EMP0123,Vodafone Cash,Completed,9963.0,10250.0
ORD0003354,2024-10-19,20241019,CUS00114,6,EMP0120,Cash,Completed,1820.0,960.0
ORD0009408,2024-10-19,20241019,CUS02302,2,EMP0043,Debit Card,Completed,140.0,70.0
ORD0010085,2024-10-19,20241019,CUS00210,2,EMP0036,Fawry,Completed,1764.0,960.0
ORD0008888,2024-10-19,20241019,CUS01200,3,EMP0056,InstaPay,Returned,30010.0,23900.0
ORD0003969,2024-10-20,20241020,CUS00260,7,EMP0128,Vodafone Cash,Completed,13982.0,10940.0
ORD0010991,2024-10-20,20241020,CUS01493,1,EMP0018,Fawry,Completed,19180.0,16620.0
ORD0011025,2024-10-20,20241020,CUS00779,6,EMP0118,Vodafone Cash,Completed,770.0,370.0
ORD0008860,2024-10-20,20241020,CUS00206,10,EMP0163,Vodafone Cash,Completed,5760.5,5060.0
ORD0000329,2024-10-20,20241020,CUS00482,2,EMP0054,Vodafone Cash,Returned,784.0,360.0
ORD0008759,2024-10-20,20241020,CUS01992,13,EMP0190,InstaPay,Completed,25961.0,22820.0
ORD0000752,2024-10-20,20241020,CUS01767,13,EMP0193,InstaPay,Returned,972.0,540.0
ORD0008465,2024-10-20,20241020,CUS02458,7,EMP0133,  Vodafone Cash  ,Completed,13116.0,11210.0
ORD0005326,2024-10-20,20241020,CUS00770,11,EMP0168,Credit Card,Completed,210.0,100.0
ORD0003277,2024-10-20,20241020,CUS00567,2,EMP0044,Credit Card,Completed,1504.0,720.0
ORD0011036,2024-10-20,20241020,CUS01140,10,,Vodafone Cash,Completed,1458.5,790.0
ORD0004023,2024-10-20,20241020,CUS00779,14,EMP0201,Debit Card,Completed,524.0,290.0
ORD0000456,2024-10-20,20241020,CUS02965,2,EMP0032,Credit Card,Completed,3002.0,1460.0
ORD0003963,2024-10-21,20241021,CUS01953,14,EMP0203,Vodafone Cash,Completed,882.5,510.0
ORD0008876,2024-10-21,20241021,CUS00758,14,EMP0197,  Cash  ,Completed,9579.0,9300.0
ORD0004552,2024-10-21,20241021,CUS01265,4,EMP0085,InstaPay,Completed,1268.0,820.0
ORD0006629,2024-10-21,20241021,CUS00071,1,EMP0017,Credit Card,Completed,673.0,340.0
ORD0011222,2024-10-21,20241021,CUS02055,15,EMP0214,Cash,Completed,5421.0,2810.0
ORD0001711,2024-10-21,20241021,CUS01282,4,EMP0082,Credit Card,Completed,1435.0,750.0
ORD0002372,2024-10-21,20241021,CUS02160,3,EMP0065,Credit Card,Completed,243.0,130.0
ORD0001836,2024-10-21,20241021,CUS02913,1,EMP0017,Fawry,Completed,700.0,340.0
ORD0006339,2024-10-21,20241021,CUS00659,3,EMP0070,Fawry,Completed,378.0,190.0
ORD0010261,2024-10-21,20241021,CUS01409,10,EMP0162,  Cash  ,Completed,272.0,160.0
ORD0002685,2024-10-21,20241021,CUS01668,2,,  InstaPay  ,Completed,25815.0,21520.0
ORD0003283,2024-10-22,20241022,CUS00078,10,,Debit Card,Completed,280.0,140.0
ORD0011721,2024-10-22,20241022,CUS01793,6,EMP0124,Vodafone Cash,Completed,2650.0,1820.0
ORD0002659,2024-10-22,20241022,CUS00284,14,EMP0197,Cash,Completed,5281.0,5240.0
ORD0010347,2024-10-22,20241022,CUS00477,5,EMP0101,Credit Card,Completed,600.0,270.0
ORD0000857,2024-10-22,20241022,CUS00212,3,EMP0072,Debit Card,Completed,5126.0,4420.0
ORD0000160,2024-10-22,20241022,CUS00691,3,EMP0068,Cash,Completed,1060.0,530.0
ORD0006378,2024-10-22,20241022,CUS00411,4,EMP0094,Fawry,Completed,2396.0,1310.0
ORD0002098,2024-10-22,20241022,CUS02233,2,EMP0039,Vodafone Cash,Completed,240.0,120.0
ORD0008188,2024-10-23,20241023,CUS00286,7,EMP0132,Fawry,Completed,3710.0,1830.0
ORD0004587,2024-10-23,20241023,CUS02107,4,EMP0089,Cash,Completed,41545.0,40320.0
ORD0008462,2024-10-23,20241023,CUS00225,1,EMP0001,Vodafone Cash,Completed,1368.0,720.0
ORD0001838,2024-10-23,20241023,CUS00273,4,EMP0079,Vodafone Cash,Returned,1860.0,1110.0
ORD0004039,2024-10-23,20241023,CUS00019,5,EMP0107,Cash,Completed,1099.0,560.0
ORD0009910,2024-10-23,20241023,CUS02048,12,EMP0183,Credit Card,Completed,234.0,120.0
ORD0011249,2024-10-23,20241023,CUS01775,4,EMP0085,Credit Card,Completed,200.0,100.0
ORD0011857,2024-10-23,20241023,CUS01948,5,EMP0106,Cash,Completed,330.0,160.0
ORD0002840,2024-10-23,20241023,CUS01616,7,EMP0127,Debit Card,Returned,1040.0,620.0
ORD0010660,2024-10-23,20241023,CUS02982,1,EMP0022,  Vodafone Cash  ,Completed,4000.0,3200.0
ORD0008633,2024-10-23,20241023,CUS00320,9,EMP0149,Fawry,Completed,2399.0,1430.0
ORD0010219,2024-10-23,20241023,CUS00109,11,EMP0164,Vodafone Cash,Completed,944.0,530.0
ORD0009513,2024-10-23,20241023,CUS01929,2,,Fawry,Completed,768.0,440.0
ORD0000482,2024-10-23,20241023,CUS02662,6,EMP0116,Fawry,Completed,345.0,170.0
ORD0003620,2024-10-23,20241023,CUS02241,9,EMP0145,Vodafone Cash,Completed,1368.0,690.0
ORD0001041,2024-10-24,20241024,CUS00314,12,EMP0179,  InstaPay  ,Completed,1300.0,640.0
ORD0004785,2024-10-24,20241024,CUS02677,14,EMP0199,InstaPay,Completed,2078.0,1350.0
ORD0003406,2024-10-24,20241024,CUS00262,12,,  Debit Card  ,Completed,1645.0,860.0
ORD0010474,2024-10-24,20241024,CUS01148,3,EMP0067,Cash,Completed,123.5,60.0
ORD0010110,2024-10-24,20241024,CUS01774,2,EMP0048,Vodafone Cash,Cancelled,6279.5,5590.0
ORD0005583,2024-10-24,20241024,CUS01905,12,EMP0178,InstaPay,Completed,380.0,180.0
ORD0003577,2024-10-25,20241025,CUS02075,13,EMP0186,  InstaPay  ,Completed,22464.0,18380.0
ORD0009256,2024-10-25,20241025,CUS01605,6,,Credit Card,Completed,1096.0,510.0
ORD0007541,2024-10-25,20241025,CUS01582,1,EMP0017,Cash,Completed,350.0,170.0
ORD0006259,2024-10-25,20241025,CUS01120,10,EMP0162,InstaPay,Completed,144.0,80.0
ORD0000266,2024-10-25,20241025,CUS02343,1,EMP0017,  Credit Card  ,Completed,279.0,150.0
ORD0011452,2024-10-25,20241025,CUS01405,2,EMP0033,InstaPay,Completed,289.0,160.0
ORD0000838,2024-10-25,20241025,CUS00962,1,EMP0021,  Fawry  ,Returned,1272.5,660.0
ORD0001012,2024-10-25,20241025,CUS02838,4,EMP0079,  Credit Card  ,Completed,240.0,120.0
ORD0002912,2024-10-25,20241025,CUS01878,13,EMP0188,Cash,Completed,2540.0,1600.0
ORD0002876,2024-10-25,20241025,CUS02897,2,EMP0050,Debit Card,Completed,1607.5,860.0
ORD0010438,2024-10-25,20241025,CUS02549,10,EMP0160,Vodafone Cash,Completed,655.0,320.0
ORD0011559,2024-10-25,20241025,CUS00440,7,EMP0127,Debit Card,Completed,74782.5,59810.0
ORD0002592,2024-10-26,20241026,CUS01087,5,EMP0111,  InstaPay  ,Returned,1904.5,1150.0
ORD0006599,2024-10-26,20241026,CUS02865,2,EMP0048,Vodafone Cash,Returned,2240.0,1560.0
ORD0010571,2024-10-26,20241026,CUS00973,2,EMP0051,Fawry,Completed,9140.5,8670.0
ORD0011270,2024-10-26,20241026,CUS01100,3,EMP0055,InstaPay,Completed,573.0,350.0
ORD0001130,2024-10-26,20241026,CUS00726,1,EMP0028,Vodafone Cash,Completed,228.0,120.0
ORD0000702,2024-10-26,20241026,CUS01651,8,EMP0141,Cash,Completed,1007.0,520.0
ORD0010987,2024-10-26,20241026,CUS01622,1,EMP0027,Vodafone Cash,Completed,1408.0,710.0
ORD0011289,2024-10-26,20241026,CUS02149,10,EMP0154,  Vodafone Cash  ,Completed,342.0,170.0
ORD0000810,2024-10-26,20241026,CUS00305,1,EMP0002,Fawry,Completed,888.0,460.0
ORD0003248,2024-10-26,20241026,CUS01207,11,EMP0166,Debit Card,Returned,180.0,80.0
ORD0002706,2024-10-26,20241026,CUS02899,2,EMP0046,Fawry,Cancelled,31844.0,29680.0
ORD0000487,2024-10-26,20241026,CUS01654,3,EMP0074,  Fawry  ,Completed,3323.0,1650.0
ORD0007329,2024-10-26,20241026,CUS02292,5,EMP0111,Fawry,Completed,480.0,240.0
ORD0007567,2024-10-26,20241026,CUS01824,12,EMP0175,  Fawry  ,Completed,5746.0,3100.0
ORD0002894,2024-10-26,20241026,CUS02053,2,EMP0040,Debit Card,Completed,666.0,370.0
ORD0008480,2024-10-27,20241027,CUS01534,11,EMP0167,Cash,Completed,360.0,160.0
ORD0004816,2024-10-27,20241027,CUS01869,5,EMP0107,Vodafone Cash,Completed,3616.0,1930.0
ORD0003968,2024-10-27,20241027,CUS01356,3,EMP0057,InstaPay,Returned,80.0,50.0
ORD0002717,2024-10-27,20241027,CUS02655,2,EMP0035,Cash,Completed,2414.5,1370.0
ORD0011959,2024-10-27,20241027,CUS00661,6,EMP0115,  Cash  ,Completed,150.0,70.0
ORD0000522,2024-10-27,20241027,CUS00853,4,EMP0088,Debit Card,Completed,9460.0,10550.0
ORD0011647,2024-10-27,20241027,CUS02304,12,EMP0177,Vodafone Cash,Completed,8054.0,6050.0
ORD0011551,2024-10-27,20241027,CUS02459,3,EMP0069,Debit Card,Completed,70680.0,59600.0
ORD0002320,2024-10-27,20241027,CUS00065,6,EMP0125,Debit Card,Completed,3570.0,4000.0
ORD0002081,2024-10-27,20241027,CUS01566,1,EMP0005,Fawry,Completed,935.0,540.0
ORD0001560,2024-10-28,20241028,CUS01157,15,EMP0211,Credit Card,Completed,13327.0,11270.0
ORD0003709,2024-10-28,20241028,CUS02346,7,,Debit Card,Completed,498.0,250.0
ORD0009266,2024-10-28,20241028,CUS00728,3,EMP0073,Credit Card,Completed,1674.0,870.0
ORD0007987,2024-10-28,20241028,CUS01686,1,EMP0027,Fawry,Completed,252.0,180.0
ORD0009163,2024-10-28,20241028,CUS02890,5,EMP0108,InstaPay,Completed,450.0,250.0
ORD0005190,2024-10-28,20241028,CUS00260,3,EMP0058,  Vodafone Cash  ,Completed,180.0,80.0
ORD0011858,2024-10-28,20241028,CUS00921,8,EMP0143,InstaPay,Completed,1057.0,520.0
ORD0007077,2024-10-28,20241028,CUS02916,2,EMP0042,InstaPay,Completed,773.0,370.0
ORD0007277,2024-10-28,20241028,CUS02859,6,EMP0116,Vodafone Cash,Completed,1794.0,890.0
ORD0007493,2024-10-28,20241028,CUS00921,2,EMP0033,Cash,Completed,221.0,130.0
ORD0005738,2024-10-28,20241028,CUS02215,1,EMP0021,Fawry,Completed,450.0,210.0
ORD0007489,2024-10-29,20241029,CUS01507,7,EMP0131,Credit Card,Completed,1358.0,690.0
ORD0010966,2024-10-29,20241029,CUS02912,9,EMP0146,Cash,Completed,4490.5,4310.0
ORD0005102,2024-10-29,20241029,CUS00583,15,EMP0215,  InstaPay  ,Completed,1686.0,860.0
ORD0003661,2024-10-29,20241029,CUS02512,6,EMP0125,Cash,Completed,1490.0,730.0
ORD0005480,2024-10-29,20241029,CUS02913,14,,Credit Card,Completed,720.0,440.0
ORD0002633,2024-10-29,20241029,CUS02040,2,EMP0048,Credit Card,Completed,3085.0,1720.0
ORD0001978,2024-10-29,20241029,CUS02240,2,EMP0043,Fawry,Completed,690.0,340.0
ORD0009431,2024-10-29,20241029,CUS00176,15,EMP0214,Vodafone Cash,Completed,128.0,70.0
ORD0004893,2024-10-29,20241029,CUS02546,11,,Cash,Completed,365.0,180.0
ORD0008072,2024-10-29,20241029,CUS01563,13,EMP0190,Cash,Completed,1190.0,590.0
ORD0000968,2024-10-29,20241029,CUS02273,1,EMP0015,Credit Card,Completed,487.5,250.0
ORD0010265,2024-10-29,20241029,CUS01720,6,EMP0116,  Fawry  ,Completed,95.0,40.0
ORD0004355,2024-10-30,20241030,CUS00159,2,EMP0046,Vodafone Cash,Completed,126.0,70.0
ORD0010195,2024-10-30,20241030,CUS00396,6,EMP0125,Credit Card,Completed,6033.0,4770.0
ORD0003502,2024-10-30,20241030,CUS01149,1,EMP0001,  Debit Card  ,Returned,126.0,70.0
ORD0001874,2024-10-30,20241030,CUS00688,2,EMP0029,InstaPay,Completed,1910.0,930.0
ORD0010570,2024-10-30,20241030,CUS02938,12,EMP0175,Vodafone Cash,Completed,870.0,410.0
ORD0000942,2024-10-30,20241030,CUS02438,13,EMP0191,Credit Card,Completed,954.0,530.0
ORD0010606,2024-10-30,20241030,CUS01406,2,EMP0040,Fawry,Returned,135.0,70.0
ORD0006803,2024-10-30,20241030,CUS02515,1,EMP0024,Fawry,Completed,640.0,400.0
ORD0007564,2024-10-30,20241030,CUS02838,2,EMP0041,Fawry,Completed,4018.0,3420.0
ORD0010323,2024-10-30,20241030,CUS02662,6,EMP0124,Fawry,Completed,1008.0,500.0
ORD0007930,2024-10-30,20241030,CUS01894,12,EMP0179,Credit Card,Completed,1122.0,640.0
ORD0001833,2024-10-30,20241030,CUS00162,7,EMP0131,Fawry,Completed,275.5,140.0
ORD0005086,2024-10-30,20241030,CUS01713,7,,  Fawry  ,Completed,540.0,400.0
ORD0006568,2024-10-31,20241031,CUS02368,12,EMP0181,Debit Card,Completed,2955.0,1500.0
ORD0006913,2024-10-31,20241031,CUS00560,1,EMP0001,Fawry,Completed,458.0,250.0
ORD0008782,2024-10-31,20241031,CUS00251,6,EMP0122,Fawry,Completed,150.0,70.0
ORD0010778,2024-10-31,20241031,CUS02022,6,EMP0119,Vodafone Cash,Completed,2022.0,990.0
ORD0008290,2024-10-31,20241031,CUS00444,8,EMP0144,InstaPay,Completed,501.0,250.0
ORD0011385,2024-10-31,20241031,CUS02876,11,EMP0165,Debit Card,Completed,342.0,180.0
ORD0010671,2024-10-31,20241031,CUS02031,2,EMP0036,Cash,Completed,234.0,130.0
ORD0009564,2024-10-31,20241031,CUS00155,13,EMP0189,Fawry,Completed,1174.0,630.0
ORD0004148,2024-10-31,20241031,CUS02209,2,EMP0038,Cash,Completed,1051.0,520.0
ORD0001866,2024-10-31,20241031,CUS00765,7,EMP0131,Vodafone Cash,Completed,431.0,250.0
ORD0011113,2024-10-31,20241031,CUS01500,2,EMP0035,Fawry,Completed,72.0,40.0
ORD0005404,2024-10-31,20241031,CUS00197,5,EMP0107,Debit Card,Completed,320.0,140.0
ORD0006439,2024-10-31,20241031,CUS02571,1,EMP0012,Fawry,Completed,1660.0,830.0
ORD0003701,2024-10-31,20241031,CUS01336,6,EMP0118,Fawry,Completed,1885.5,900.0
ORD0010749,2024-10-31,20241031,CUS00023,9,EMP0147,Vodafone Cash,Completed,441.0,220.0
ORD0008669,2024-10-31,20241031,CUS01621,8,EMP0139,Cash,Completed,342.0,180.0
ORD0000203,2024-10-31,20241031,CUS00288,2,,Cash,Completed,563.0,290.0
ORD0011203,2024-10-31,20241031,CUS00224,10,EMP0162,Cash,Completed,153.0,90.0
ORD0009401,2024-10-31,20241031,CUS01591,10,EMP0159,Vodafone Cash,Returned,1870.0,1050.0
ORD0004079,2024-11-01,20241101,CUS00987,6,EMP0114,Credit Card,Completed,1179.0,580.0
ORD0003276,2024-11-01,20241101,CUS01896,7,EMP0134,Cash,Completed,11200.0,8900.0
ORD0002036,2024-11-01,20241101,CUS02585,3,EMP0066,Vodafone Cash,Completed,238.0,140.0
ORD0001472,2024-11-01,20241101,CUS00617,15,EMP0210,Cash,Completed,342.0,180.0
ORD0005208,2024-11-01,20241101,CUS00011,1,EMP0007,Fawry,Completed,2125.0,1100.0
ORD0006287,2024-11-01,20241101,CUS01740,6,EMP0117,  Credit Card  ,Completed,162.0,80.0
ORD0001792,2024-11-01,20241101,CUS01462,14,EMP0197,Cash,Returned,1167.0,580.0
ORD0000904,2024-11-01,20241101,CUS00746,2,EMP0053,Debit Card,Completed,1724.0,890.0
ORD0006336,2024-11-01,20241101,CUS00717,2,EMP0051,Credit Card,Completed,190.0,90.0
ORD0001061,2024-11-01,20241101,CUS02085,3,EMP0069,Credit Card,Completed,959.0,480.0
ORD0005325,2024-11-01,20241101,CUS02246,1,EMP0003,Credit Card,Completed,190.0,80.0
ORD0009112,2024-11-01,20241101,CUS00936,9,EMP0146,Vodafone Cash,Completed,864.0,540.0
ORD0007617,2024-11-01,20241101,CUS00245,13,EMP0190,Fawry,Completed,1620.0,880.0
ORD0008313,2024-11-01,20241101,CUS01108,4,EMP0091,Vodafone Cash,Completed,645.0,330.0
ORD0010044,2024-11-02,20241102,CUS00999,11,EMP0170,Debit Card,Completed,876.5,470.0
ORD0008901,2024-11-02,20241102,CUS02817,1,EMP0020,InstaPay,Returned,152.0,70.0
ORD0007940,2024-11-02,20241102,CUS02678,1,EMP0026,Cash,Completed,680.0,330.0
ORD0001921,2024-11-02,20241102,CUS01187,14,EMP0199,Cash,Returned,460.0,220.0
ORD0000271,2024-11-02,20241102,CUS01249,2,EMP0046,Vodafone Cash,Completed,272.5,140.0
ORD0003110,2024-11-02,20241102,CUS01161,14,EMP0201,Vodafone Cash,Completed,473.5,240.0
ORD0006374,2024-11-02,20241102,CUS01900,12,EMP0179,Cash,Completed,1557.0,820.0
ORD0001996,2024-11-02,20241102,CUS00255,13,EMP0187,Debit Card,Completed,1566.0,840.0
ORD0010325,2024-11-03,20241103,CUS01082,7,EMP0128,Cash,Completed,5400.0,4800.0
ORD0000046,2024-11-03,20241103,CUS00891,8,EMP0141,Debit Card,Completed,1107.5,600.0
ORD0004112,2024-11-03,20241103,CUS01800,13,,Debit Card,Completed,561.0,320.0
ORD0004198,2024-11-03,20241103,CUS00891,10,EMP0153,  Fawry  ,Cancelled,480.0,230.0
ORD0006386,2024-11-03,20241103,CUS02355,12,EMP0182,Fawry,Completed,800.0,600.0
ORD0011600,2024-11-03,20241103,CUS00611,15,EMP0213,Cash,Cancelled,1056.0,660.0
ORD0006985,2024-11-03,20241103,CUS00775,12,EMP0181,  Fawry  ,Completed,1500.0,720.0
ORD0007022,2024-11-04,20241104,CUS01002,1,EMP0001,Credit Card,Completed,2382.0,1310.0
ORD0002409,2024-11-04,20241104,CUS00368,3,EMP0074,Credit Card,Completed,306.0,170.0
ORD0006219,2024-11-04,20241104,CUS02413,12,EMP0184,Vodafone Cash,Completed,7139.0,5610.0
ORD0005600,2024-11-04,20241104,CUS00134,7,EMP0136,Cash,Completed,310.0,150.0
ORD0003959,2024-11-04,20241104,CUS01011,8,EMP0137,InstaPay,Cancelled,136.0,80.0
ORD0008282,2024-11-04,20241104,CUS00659,2,EMP0042,Cash,Completed,2500.0,1200.0
ORD0001513,2024-11-04,20241104,CUS02440,1,EMP0002,Cash,Completed,2440.0,1260.0
ORD0006676,2024-11-05,20241105,CUS01824,6,EMP0125,Vodafone Cash,Completed,320.0,140.0
ORD0005057,2024-11-05,20241105,CUS02100,3,EMP0070,Credit Card,Completed,2245.0,1110.0
ORD0008532,2024-11-05,20241105,CUS01748,1,EMP0023,Debit Card,Completed,1649.0,790.0
ORD0009982,2024-11-05,20241105,CUS01744,5,EMP0102,  Fawry  ,Completed,981.0,520.0
ORD0009265,2024-11-05,20241105,CUS01766,10,EMP0154,Debit Card,Completed,1174.0,570.0
ORD0005731,2024-11-05,20241105,CUS00977,2,EMP0029,Cash,Completed,11800.0,9400.0
ORD0000555,2024-11-05,20241105,CUS02908,2,EMP0037,Cash,Returned,1114.5,550.0
ORD0003117,2024-11-05,20241105,CUS01699,7,EMP0130,Debit Card,Returned,31110.0,29400.0
ORD0007356,2024-11-05,20241105,CUS00618,1,EMP0011,Debit Card,Completed,12827.0,9980.0
ORD0001087,2024-11-05,20241105,CUS02786,1,EMP0020,Cash,Completed,1053.0,560.0
ORD0011182,2024-11-06,20241106,CUS01024,3,EMP0065,  Vodafone Cash  ,Completed,847.0,470.0
ORD0002416,2024-11-06,20241106,CUS02928,4,EMP0083,  Fawry  ,Completed,114.0,60.0
ORD0007350,2024-11-06,20241106,CUS02252,5,EMP0101,  Debit Card  ,Completed,1004.0,610.0
ORD0010295,2024-11-06,20241106,CUS01904,3,EMP0065,Cash,Cancelled,945.0,500.0
ORD0009664,2024-11-06,20241106,CUS00459,7,EMP0128,Fawry,Completed,325.0,190.0
ORD0009191,2024-11-06,20241106,CUS00036,6,EMP0116,InstaPay,Completed,329.0,170.0
ORD0008915,2024-11-06,20241106,CUS01270,13,EMP0191,Credit Card,Completed,1480.0,720.0
ORD0010240,2024-11-06,20241106,CUS00795,14,EMP0199,InstaPay,Completed,2619.5,1320.0
ORD0003218,2024-11-06,20241106,CUS01726,3,EMP0065,Fawry,Completed,7340.0,5760.0
ORD0008487,2024-11-06,20241106,CUS00393,3,EMP0068,InstaPay,Completed,811.0,420.0
ORD0006961,2024-11-06,20241106,CUS01860,6,EMP0119,Cash,Returned,456.0,230.0
ORD0011519,2024-11-06,20241106,CUS01936,14,EMP0197,InstaPay,Completed,256.0,140.0
ORD0003183,2024-11-06,20241106,CUS02219,1,EMP0021,Vodafone Cash,Completed,847.0,460.0
ORD0006377,2024-11-06,20241106,CUS00903,8,EMP0137,Cash,Completed,6350.0,6400.0
ORD0007838,2024-11-06,20241106,CUS00771,12,,Vodafone Cash,Completed,1140.0,600.0
ORD0007102,2024-11-06,20241106,CUS00280,6,EMP0121,Fawry,Completed,580.0,280.0
ORD0004668,2024-11-07,20241107,CUS00520,8,EMP0141,  Credit Card  ,Returned,1776.5,910.0
ORD0011771,2024-11-07,20241107,CUS01966,12,EMP0181,  InstaPay  ,Completed,779.0,440.0
ORD0002167,2024-11-07,20241107,CUS00018,2,EMP0034,InstaPay,Completed,2184.5,1080.0
ORD0003300,2024-11-07,20241107,CUS02317,3,EMP0064,Credit Card,Completed,123.5,60.0
ORD0009280,2024-11-07,20241107,CUS01880,4,EMP0084,Fawry,Returned,1660.0,830.0
ORD0010448,2024-11-07,20241107,CUS00146,6,EMP0119,  InstaPay  ,Completed,1810.0,980.0
ORD0006616,2024-11-07,20241107,CUS01644,12,EMP0184,Vodafone Cash,Completed,846.0,420.0
ORD0010755,2024-11-07,20241107,CUS00929,2,EMP0043,Cash,Completed,144.5,80.0
ORD0001605,2024-11-07,20241107,CUS01103,10,EMP0158,Vodafone Cash,Completed,606.0,330.0
ORD0003399,2024-11-07,20241107,CUS02639,4,EMP0093,Vodafone Cash,Completed,880.0,440.0
ORD0009886,2024-11-07,20241107,CUS02961,1,,Fawry,Completed,1022.5,540.0
ORD0011903,2024-11-07,20241107,CUS02524,1,EMP0028,  InstaPay  ,Completed,1390.0,660.0
ORD0011702,2024-11-07,20241107,CUS02955,1,EMP0015,Credit Card,Completed,510.0,280.0
ORD0001918,2024-11-07,20241107,CUS01251,3,EMP0073,InstaPay,Completed,560.0,280.0
ORD0007005,2024-11-07,20241107,CUS00429,5,EMP0098,Fawry,Completed,3120.0,1590.0
ORD0005903,2024-11-08,20241108,CUS01722,10,EMP0153,Debit Card,Completed,280.0,140.0
ORD0006168,2024-11-08,20241108,CUS01768,2,EMP0038,Credit Card,Completed,14900.0,11900.0
ORD0010875,2024-11-08,20241108,CUS00310,4,EMP0089,  Cash  ,Completed,1330.0,640.0
ORD0005184,2024-11-08,20241108,CUS01246,15,EMP0213,Debit Card,Cancelled,720.0,360.0
ORD0000303,2024-11-08,20241108,CUS00343,6,EMP0126,Credit Card,Completed,300.0,150.0
ORD0000509,2024-11-08,20241108,CUS02753,12,EMP0178,  Debit Card  ,Completed,432.0,230.0
ORD0006799,2024-11-08,20241108,CUS01860,4,EMP0079,  Debit Card  ,Completed,171.0,90.0
ORD0011488,2024-11-08,20241108,CUS01468,11,EMP0169,Vodafone Cash,Completed,255.0,140.0
ORD0007289,2024-11-08,20241108,CUS01128,6,EMP0121,Credit Card,Completed,9440.0,9400.0
ORD0002154,2024-11-08,20241108,CUS01873,10,EMP0155,InstaPay,Completed,360.0,180.0
ORD0011658,2024-11-08,20241108,CUS02364,8,EMP0140,  Fawry  ,Completed,451.0,220.0
ORD0007459,2024-11-08,20241108,CUS00913,1,EMP0001,  Credit Card  ,Completed,1648.0,890.0
ORD0004144,2024-11-08,20241108,CUS01474,2,EMP0052,InstaPay,Completed,674.0,340.0
ORD0004047,2024-11-08,20241108,CUS02487,9,EMP0150,Vodafone Cash,Cancelled,230.0,110.0
ORD0010561,2024-11-09,20241109,CUS01511,1,,Debit Card,Completed,3508.0,1830.0
ORD0001807,2024-11-09,20241109,CUS00930,1,EMP0016,  Cash  ,Completed,190.0,90.0
ORD0006056,2024-11-09,20241109,CUS01663,14,EMP0195,InstaPay,Returned,1657.0,1210.0
ORD0002168,2024-11-09,20241109,CUS01221,1,EMP0008,Cash,Completed,176.0,100.0
ORD0003563,2024-11-09,20241109,CUS02302,2,EMP0050,Cash,Completed,6230.0,7100.0
ORD0000814,2024-11-09,20241109,CUS00543,6,EMP0115,Cash,Cancelled,578.0,340.0
ORD0007622,2024-11-09,20241109,CUS00676,3,EMP0077,InstaPay,Completed,1128.0,580.0
ORD0007562,2024-11-09,20241109,CUS00776,14,EMP0194,  Cash  ,Completed,1742.0,950.0
ORD0010610,2024-11-09,20241109,CUS01576,4,EMP0082,  InstaPay  ,Completed,665.0,340.0
ORD0002333,2024-11-09,20241109,CUS00355,1,EMP0003,InstaPay,Completed,1155.0,600.0
ORD0007174,2024-11-09,20241109,CUS02390,2,EMP0040,Fawry,Completed,171.0,80.0
ORD0005123,2024-11-10,20241110,CUS02263,1,EMP0020,InstaPay,Completed,1420.0,1040.0
ORD0001960,2024-11-10,20241110,CUS00358,10,EMP0161,Debit Card,Completed,510.0,340.0
ORD0008587,2024-11-10,20241110,CUS02723,4,EMP0089,Credit Card,Completed,1438.0,720.0
ORD0004414,2024-11-10,20241110,CUS00001,11,EMP0165,Vodafone Cash,Completed,2730.0,1810.0
ORD0003697,2024-11-10,20241110,CUS01751,7,EMP0128,Vodafone Cash,Cancelled,3209.5,1740.0
ORD0002322,2024-11-10,20241110,CUS00157,3,,Cash,Completed,849.0,480.0
ORD0000272,2024-11-10,20241110,CUS01105,1,EMP0002,Cash,Completed,1038.0,600.0
ORD0007783,2024-11-10,20241110,CUS00375,13,EMP0190,Fawry,Cancelled,1214.0,820.0
ORD0009192,2024-11-10,20241110,CUS01587,2,EMP0031,Fawry,Completed,13160.0,10260.0
ORD0003305,2024-11-10,20241110,CUS00423,3,EMP0057,Fawry,Completed,488.5,260.0
ORD0007066,2024-11-10,20241110,CUS00688,7,EMP0128,Debit Card,Completed,707.0,410.0
ORD0005590,2024-11-10,20241110,CUS00418,7,EMP0135,Fawry,Completed,510.0,300.0
ORD0001514,2024-11-10,20241110,CUS02805,7,EMP0135,Vodafone Cash,Cancelled,31265.0,26840.0
ORD0006520,2024-11-11,20241111,CUS00268,4,EMP0080,  Fawry  ,Returned,731.5,380.0
ORD0003071,2024-11-11,20241111,CUS00035,14,EMP0197,  Debit Card  ,Completed,33258.0,26490.0
ORD0009444,2024-11-11,20241111,CUS01657,2,EMP0053,Debit Card,Completed,1519.0,830.0
ORD0009355,2024-11-11,20241111,CUS00240,5,EMP0097,Cash,Completed,1448.0,780.0
ORD0001142,2024-11-11,20241111,CUS02255,1,EMP0019,Debit Card,Completed,1215.0,660.0
ORD0008488,2024-11-11,20241111,CUS00467,4,EMP0086,Credit Card,Returned,430.0,190.0
ORD0007376,2024-11-11,20241111,CUS01416,5,,Cash,Completed,1700.0,860.0
ORD0010720,2024-11-11,20241111,CUS01812,1,EMP0021,Fawry,Completed,528.0,270.0
ORD0004556,2024-11-11,20241111,CUS00548,4,EMP0089,Credit Card,Completed,140.0,70.0
ORD0011109,2024-11-11,20241111,CUS02455,11,EMP0172,  Cash  ,Completed,324.0,170.0
ORD0006070,2024-11-12,20241112,CUS00612,1,EMP0007,  Credit Card  ,Completed,789.0,390.0
ORD0008412,2024-11-12,20241112,CUS02988,4,EMP0093,Cash,Completed,1105.0,520.0
ORD0007804,2024-11-12,20241112,CUS02482,14,EMP0198,Cash,Completed,484.0,280.0
ORD0007807,2024-11-12,20241112,CUS00087,3,EMP0061,Cash,Completed,1087.0,600.0
ORD0008877,2024-11-12,20241112,CUS01699,11,EMP0169,Debit Card,Completed,207.0,110.0
ORD0002050,2024-11-12,20241112,CUS02651,5,EMP0095,  Vodafone Cash  ,Returned,1498.0,720.0
ORD0007731,2024-11-12,20241112,CUS01838,3,EMP0070,Credit Card,Completed,712.0,410.0
ORD0000405,2024-11-12,20241112,CUS00992,10,EMP0158,Vodafone Cash,Returned,742.5,360.0
ORD0006655,2024-11-12,20241112,CUS00316,5,EMP0099,InstaPay,Completed,24990.0,23600.0
ORD0007276,2024-11-12,20241112,CUS01548,5,EMP0106,Credit Card,Completed,3156.0,1850.0
ORD0002326,2024-11-13,20241113,CUS02697,6,EMP0120,Fawry,Completed,39432.0,32770.0
ORD0007053,2024-11-13,20241113,CUS01072,13,EMP0185,Debit Card,Completed,3456.0,2170.0
ORD0011900,2024-11-13,20241113,CUS01575,4,EMP0085,Cash,Cancelled,210.0,100.0
ORD0006566,2024-11-13,20241113,CUS02415,3,EMP0074,InstaPay,Cancelled,1980.0,1030.0
ORD0009864,2024-11-14,20241114,CUS02427,4,EMP0079,Credit Card,Completed,16986.0,14190.0
ORD0003075,2024-11-14,20241114,CUS02152,3,EMP0074,InstaPay,Completed,135.0,70.0
ORD0006239,2024-11-14,20241114,CUS00358,5,EMP0105,  Cash  ,Completed,420.0,180.0
ORD0001891,2024-11-14,20241114,CUS01901,3,EMP0063,InstaPay,Completed,13056.5,12930.0
ORD0001121,2024-11-14,20241114,CUS02649,3,EMP0077,  Vodafone Cash  ,Completed,6087.5,5510.0
ORD0009950,2024-11-14,20241114,CUS00343,1,EMP0009,Vodafone Cash,Completed,3406.5,1680.0
ORD0006272,2024-11-14,20241114,CUS00895,5,EMP0106,Cash,Completed,1583.5,830.0
ORD0002708,2024-11-14,20241114,CUS01464,1,EMP0013,Cash,Completed,1971.0,970.0
ORD0008236,2024-11-14,20241114,CUS01454,5,EMP0109,  Credit Card  ,Completed,187.0,110.0
ORD0011725,2024-11-14,20241114,CUS00770,13,EMP0191,Credit Card,Completed,1296.0,810.0
ORD0002516,2024-11-15,20241115,CUS00445,10,EMP0163,Vodafone Cash,Returned,3070.0,1680.0
ORD0010674,2024-11-15,20241115,CUS01739,3,EMP0070,Credit Card,Completed,894.0,440.0
ORD0001539,2024-11-15,20241115,CUS02166,1,,Credit Card,Completed,150.0,70.0
ORD0000340,2024-11-15,20241115,CUS02564,7,EMP0136,Debit Card,Completed,425.0,240.0
ORD0002826,2024-11-15,20241115,CUS01582,3,EMP0066,Debit Card,Completed,570.0,270.0
ORD0002859,2024-11-15,20241115,CUS01179,1,EMP0022,Fawry,Completed,1350.0,680.0
ORD0002191,2024-11-15,20241115,CUS01173,3,EMP0070,Credit Card,Returned,735.0,380.0
ORD0001275,2024-11-15,20241115,CUS02505,6,EMP0115,Credit Card,Completed,280.0,140.0
ORD0009489,2024-11-16,20241116,CUS00578,2,EMP0040,Vodafone Cash,Completed,693.0,370.0
ORD0002690,2024-11-16,20241116,CUS02151,7,EMP0127,Fawry,Cancelled,800.0,400.0
ORD0008533,2024-11-16,20241116,CUS00453,13,EMP0187,Vodafone Cash,Completed,250.0,120.0
ORD0011496,2024-11-16,20241116,CUS00277,4,EMP0092,  InstaPay  ,Completed,375.5,180.0
ORD0002755,2024-11-16,20241116,CUS00091,13,EMP0185,Fawry,Completed,160.0,70.0
ORD0004626,2024-11-16,20241116,CUS02472,7,EMP0132,Credit Card,Completed,960.0,530.0
ORD0002356,2024-11-16,20241116,CUS02835,4,EMP0094,  Debit Card  ,Completed,540.0,270.0
ORD0003076,2024-11-16,20241116,CUS02259,1,EMP0026,InstaPay,Completed,428.0,220.0
ORD0001284,2024-11-16,20241116,CUS01385,1,EMP0005,Credit Card,Completed,510.0,280.0
ORD0003603,2024-11-16,20241116,CUS00754,3,EMP0064,  Vodafone Cash  ,Completed,2548.5,1570.0
ORD0000068,2024-11-16,20241116,CUS00489,14,EMP0199,InstaPay,Completed,190.0,90.0
ORD0009459,2024-11-16,20241116,CUS02727,4,EMP0090,Fawry,Completed,1418.0,720.0
ORD0010423,2024-11-16,20241116,CUS00270,11,EMP0167,Fawry,Completed,2001.5,990.0
ORD0010422,2024-11-17,20241117,CUS02538,2,EMP0054,Fawry,Returned,540.0,270.0
ORD0002868,2024-11-17,20241117,CUS01357,2,EMP0048,InstaPay,Completed,520.0,260.0
ORD0009035,2024-11-17,20241117,CUS02580,12,EMP0181,Vodafone Cash,Returned,620.0,410.0
ORD0007093,2024-11-17,20241117,CUS01586,3,EMP0062,Vodafone Cash,Completed,993.0,490.0
ORD0002838,2024-11-17,20241117,CUS01954,4,EMP0093,Debit Card,Cancelled,480.0,240.0
ORD0011260,2024-11-17,20241117,CUS00461,1,EMP0026,Fawry,Completed,2322.0,1210.0
ORD0006027,2024-11-17,20241117,CUS01800,6,EMP0118,  Cash  ,Completed,950.0,480.0
ORD0011120,2024-11-17,20241117,CUS01157,1,EMP0009,Debit Card,Completed,5496.0,3700.0
ORD0007824,2024-11-17,20241117,CUS02617,1,EMP0018,Debit Card,Completed,240.0,110.0
ORD0006562,2024-11-17,20241117,CUS01679,1,EMP0025,Debit Card,Returned,1930.0,1330.0
ORD0000353,2024-11-17,20241117,CUS02825,13,EMP0191,Fawry,Completed,1554.0,800.0
ORD0009349,2024-11-17,20241117,CUS01703,1,EMP0020,  Credit Card  ,Completed,300.0,140.0
ORD0008885,2024-11-17,20241117,CUS01454,9,EMP0150,Credit Card,Completed,2097.5,1220.0
ORD0009565,2024-11-17,20241117,CUS01714,3,EMP0055,Cash,Completed,1245.0,680.0
ORD0005773,2024-11-17,20241117,CUS00307,6,,Fawry,Completed,1844.5,880.0
ORD0006984,2024-11-17,20241117,CUS02384,13,EMP0189,  InstaPay  ,Completed,922.0,470.0
ORD0001261,2024-11-18,20241118,CUS02788,1,EMP0017,Fawry,Completed,600.0,280.0
ORD0001640,2024-11-18,20241118,CUS00388,11,EMP0164,Vodafone Cash,Completed,300.0,140.0
ORD0009601,2024-11-18,20241118,CUS01457,3,,Fawry,Completed,21276.0,17690.0
ORD0009460,2024-11-18,20241118,CUS01964,3,EMP0064,  Vodafone Cash  ,Completed,1440.0,700.0
ORD0005975,2024-11-18,20241118,CUS01024,4,EMP0089,Vodafone Cash,Completed,530.0,250.0
ORD0002801,2024-11-18,20241118,CUS00839,3,EMP0067,Credit Card,Completed,1497.5,730.0
ORD0002743,2024-11-18,20241118,CUS01895,11,EMP0166,Fawry,Completed,1642.5,1060.0
ORD0003939,2024-11-18,20241118,CUS02049,5,EMP0095,Credit Card,Completed,510.0,240.0
ORD0010086,2024-11-18,20241118,CUS00563,1,EMP0024,Fawry,Completed,2260.0,1200.0
ORD0008654,2024-11-18,20241118,CUS02815,2,EMP0039,Vodafone Cash,Completed,8216.0,6200.0
ORD0003191,2024-11-18,20241118,CUS02456,8,EMP0141,Cash,Completed,9660.0,9060.0
ORD0011162,2024-11-18,20241118,CUS02853,1,EMP0003,Cash,Completed,1155.0,680.0
ORD0003552,2024-11-18,20241118,CUS02081,5,EMP0099,Vodafone Cash,Completed,140.0,70.0
ORD0009451,2024-11-18,20241118,CUS00846,12,EMP0174,Fawry,Completed,960.0,460.0
ORD0002342,2024-11-18,20241118,CUS02635,14,EMP0195,Credit Card,Completed,2082.0,1160.0
ORD0001576,2024-11-19,20241119,CUS01981,3,EMP0069,Debit Card,Completed,1102.5,580.0
ORD0006545,2024-11-19,20241119,CUS01680,3,EMP0071,Credit Card,Completed,2984.0,1540.0
ORD0002670,2024-11-19,20241119,CUS01423,10,EMP0154,Vodafone Cash,Completed,135.0,70.0
ORD0010771,2024-11-19,20241119,CUS00818,6,EMP0120,Credit Card,Completed,1364.0,750.0
ORD0007205,2024-11-19,20241119,CUS02086,2,EMP0040,InstaPay,Completed,160.0,80.0
ORD0005735,2024-11-19,20241119,CUS02674,3,EMP0059,Vodafone Cash,Completed,540.0,280.0
ORD0003869,2024-11-19,20241119,CUS02475,6,EMP0118,Fawry,Completed,5622.0,3580.0
ORD0011855,2024-11-19,20241119,CUS02410,4,EMP0083,  Debit Card  ,Completed,1195.0,610.0
ORD0004962,2024-11-19,20241119,CUS01506,3,EMP0057,Vodafone Cash,Completed,1320.0,630.0
ORD0001695,2024-11-19,20241119,CUS02052,4,EMP0090,Cash,Completed,117.0,60.0
ORD0007336,2024-11-19,20241119,CUS02159,10,EMP0152,Vodafone Cash,Completed,15200.0,12800.0
ORD0006886,2024-11-19,20241119,CUS02787,8,,Credit Card,Completed,4800.0,4360.0
ORD0003260,2024-11-20,20241120,CUS00697,2,,Debit Card,Completed,133.0,60.0
ORD0003496,2024-11-20,20241120,CUS01197,1,EMP0014,Fawry,Completed,3222.0,1730.0
ORD0009517,2024-11-20,20241120,CUS00789,4,EMP0080,Credit Card,Returned,17830.0,15970.0
ORD0008738,2024-11-20,20241120,CUS00209,7,EMP0127,InstaPay,Completed,270.0,130.0
ORD0003534,2024-11-20,20241120,CUS01959,1,EMP0007,Debit Card,Completed,480.0,210.0
ORD0001113,2024-11-20,20241120,CUS02291,1,EMP0022,Cash,Completed,1014.0,560.0
ORD0008780,2024-11-20,20241120,CUS01941,8,EMP0142,  Vodafone Cash  ,Completed,180.5,90.0
ORD0010526,2024-11-20,20241120,CUS01933,12,EMP0181,Vodafone Cash,Completed,384.0,230.0
ORD0010049,2024-11-20,20241120,CUS02302,15,EMP0215,Credit Card,Returned,1608.0,1500.0
ORD0005471,2024-11-21,20241121,CUS00842,2,EMP0044,Cash,Completed,247.0,130.0
ORD0002464,2024-11-21,20241121,CUS01384,3,EMP0064,Fawry,Completed,663.0,330.0
ORD0008449,2024-11-21,20241121,CUS02446,1,EMP0003,Fawry,Completed,323.0,180.0
ORD0002347,2024-11-21,20241121,CUS00644,1,EMP0018,InstaPay,Completed,1134.0,580.0
ORD0005430,2024-11-21,20241121,CUS00597,1,,Credit Card,Completed,1690.0,800.0
ORD0002666,2024-11-21,20241121,CUS00863,10,EMP0156,Vodafone Cash,Completed,1989.0,1500.0
ORD0007915,2024-11-21,20241121,CUS00593,12,EMP0182,Vodafone Cash,Completed,360.0,180.0
ORD0007359,2024-11-21,20241121,CUS01040,1,EMP0020,  Credit Card  ,Completed,140.0,70.0
ORD0009312,2024-11-21,20241121,CUS02416,8,EMP0137,Fawry,Completed,768.0,450.0
ORD0010088,2024-11-21,20241121,CUS00231,14,EMP0194,Cash,Cancelled,351.5,180.0
ORD0009046,2024-11-21,20241121,CUS01117,1,EMP0003,InstaPay,Completed,579.5,300.0
ORD0010461,2024-11-21,20241121,CUS02321,15,EMP0208,Cash,Completed,1872.0,1040.0
ORD0008469,2024-11-21,20241121,CUS00462,2,EMP0029,InstaPay,Completed,522.0,280.0
ORD0006125,2024-11-21,20241121,CUS00959,4,EMP0091,  Cash  ,Completed,10450.0,9600.0
ORD0007423,2024-11-21,20241121,CUS02102,6,EMP0124,Fawry,Completed,1600.0,1400.0
ORD0004913,2024-11-22,20241122,CUS00286,5,EMP0098,Debit Card,Completed,512.0,280.0
ORD0008398,2024-11-22,20241122,CUS02027,8,EMP0142,Debit Card,Completed,20200.0,16200.0
ORD0006173,2024-11-22,20241122,CUS00147,1,EMP0014,Fawry,Completed,142.5,70.0
ORD0006867,2024-11-22,20241122,CUS02432,4,EMP0087,Vodafone Cash,Completed,7465.0,5330.0
ORD0003401,2024-11-22,20241122,CUS01411,8,EMP0144,Credit Card,Completed,1560.0,750.0
ORD0003609,2024-11-22,20241122,CUS01415,14,EMP0201,Vodafone Cash,Completed,128.0,80.0
ORD0003605,2024-11-22,20241122,CUS01420,5,EMP0100,  Debit Card  ,Completed,1030.0,480.0
ORD0006180,2024-11-23,20241123,CUS02887,1,EMP0015,  Vodafone Cash  ,Completed,1014.0,520.0
ORD0007080,2024-11-23,20241123,CUS02644,15,EMP0209,Debit Card,Completed,21788.0,18220.0
ORD0009039,2024-11-23,20241123,CUS01396,6,EMP0122,InstaPay,Completed,480.0,230.0
ORD0003811,2024-11-23,20241123,CUS00446,10,EMP0163,Vodafone Cash,Cancelled,1452.0,700.0
ORD0007246,2024-11-23,20241123,CUS01055,14,EMP0196,Credit Card,Completed,2637.0,1440.0
ORD0005315,2024-11-23,20241123,CUS02370,4,EMP0085,Cash,Completed,4658.5,2380.0
ORD0008611,2024-11-23,20241123,CUS02692,13,EMP0190,Vodafone Cash,Completed,128.0,70.0
ORD0000146,2024-11-23,20241123,CUS00253,3,EMP0063,Credit Card,Completed,252.0,120.0
ORD0007701,2024-11-23,20241123,CUS01431,2,,InstaPay,Completed,17068.0,13860.0
ORD0007335,2024-11-23,20241123,CUS01409,2,EMP0035,Fawry,Completed,738.0,450.0
ORD0010717,2024-11-23,20241123,CUS00161,6,EMP0122,  InstaPay  ,Completed,1240.5,740.0
ORD0009199,2024-11-23,20241123,CUS00279,3,EMP0072,  Vodafone Cash  ,Completed,437.0,220.0
ORD0004186,2024-11-23,20241123,CUS02244,13,EMP0192,Vodafone Cash,Completed,182.0,130.0
ORD0003771,2024-11-23,20241123,CUS01216,1,,Fawry,Completed,2794.0,1430.0
ORD0002522,2024-11-23,20241123,CUS02694,6,,Debit Card,Completed,937.5,480.0
ORD0006311,2024-11-24,20241124,CUS01764,2,EMP0039,  Fawry  ,Completed,2130.0,1710.0
ORD0009426,2024-11-24,20241124,CUS02212,11,EMP0168,Debit Card,Returned,1630.5,930.0
ORD0008294,2024-11-24,20241124,CUS01762,9,EMP0149,Fawry,Completed,957.0,520.0
ORD0002983,2024-11-24,20241124,CUS00749,14,EMP0200,Cash,Returned,912.0,450.0
ORD0009561,2024-11-24,20241124,CUS00712,10,EMP0154,  Credit Card  ,Completed,126.0,70.0
ORD0004189,2024-11-24,20241124,CUS00008,5,EMP0106,Cash,Completed,2374.0,1290.0
ORD0004576,2024-11-24,20241124,CUS02266,2,EMP0041,Credit Card,Completed,128.0,70.0
ORD0011446,2024-11-24,20241124,CUS01138,4,EMP0093,Credit Card,Completed,1700.0,840.0
ORD0003078,2024-11-25,20241125,CUS01101,5,EMP0109,Fawry,Completed,477.5,250.0
ORD0001067,2024-11-25,20241125,CUS01829,1,EMP0028,Debit Card,Completed,1661.5,930.0
ORD0007291,2024-11-25,20241125,CUS01634,5,EMP0112,  Debit Card  ,Completed,40500.0,36000.0
ORD0011880,2024-11-25,20241125,CUS01310,1,EMP0017,Fawry,Completed,140.0,70.0
ORD0007115,2024-11-25,20241125,CUS02162,1,EMP0024,  Credit Card  ,Completed,1749.5,880.0
ORD0000816,2024-11-25,20241125,CUS00317,6,EMP0118,Credit Card,Completed,5744.0,4570.0
ORD0011931,2024-11-25,20241125,CUS00146,1,EMP0010,  InstaPay  ,Completed,2085.0,1140.0
ORD0006101,2024-11-25,20241125,CUS00065,6,EMP0126,  Cash  ,Completed,602.0,420.0
ORD0006102,2024-11-25,20241125,CUS00261,10,EMP0159,InstaPay,Completed,969.0,490.0
ORD0007055,2024-11-25,20241125,CUS02486,5,EMP0105,Vodafone Cash,Completed,817.0,420.0
ORD0009339,2024-11-25,20241125,CUS02452,11,EMP0168,InstaPay,Completed,3411.0,1770.0
ORD0007217,2024-11-25,20241125,CUS00924,6,EMP0118,Debit Card,Completed,405.0,270.0
ORD0010512,2024-11-25,20241125,CUS00429,14,EMP0196,InstaPay,Completed,607.5,290.0
ORD0000684,2024-11-26,20241126,CUS02529,2,EMP0039,Credit Card,Completed,955.0,500.0
ORD0002206,2024-11-26,20241126,CUS01032,3,EMP0065,Cash,Completed,10210.0,9270.0
ORD0003358,2024-11-26,20241126,CUS00775,4,EMP0084,  InstaPay  ,Completed,1440.0,720.0
ORD0002462,2024-11-26,20241126,CUS00624,2,EMP0042,InstaPay,Completed,14535.0,12880.0
ORD0009148,2024-11-26,20241126,CUS00133,1,,Cash,Completed,26512.0,21070.0
ORD0006238,2024-11-26,20241126,CUS02979,1,EMP0003,Debit Card,Completed,152.0,70.0
ORD0006463,2024-11-26,20241126,CUS01107,9,EMP0145,  InstaPay  ,Returned,1076.0,540.0
ORD0011394,2024-11-26,20241126,CUS01502,7,EMP0129,InstaPay,Cancelled,972.0,540.0
ORD0006515,2024-11-26,20241126,CUS00232,7,EMP0127,Credit Card,Completed,950.0,440.0
ORD0000507,2024-11-26,20241126,CUS01283,15,EMP0204,  InstaPay  ,Completed,512.0,320.0
ORD0004964,2024-11-26,20241126,CUS02811,4,EMP0092,InstaPay,Completed,2792.0,1570.0
ORD0003997,2024-11-26,20241126,CUS02215,7,EMP0129,Credit Card,Returned,2996.0,1450.0
ORD0002344,2024-11-26,20241126,CUS00241,2,EMP0046,Debit Card,Completed,228.0,120.0
ORD0003873,2024-11-26,20241126,CUS00347,6,EMP0113,Cash,Completed,26836.5,21250.0
ORD0000054,2024-11-26,20241126,CUS00361,3,,  Vodafone Cash  ,Completed,11200.0,8900.0
ORD0011952,2024-11-26,20241126,CUS00259,2,EMP0043,Fawry,Completed,480.0,240.0
ORD0006744,2024-11-26,20241126,CUS02766,8,EMP0143,  Vodafone Cash  ,Completed,14817.0,11860.0
ORD0010975,2024-11-27,20241127,CUS02839,10,,Debit Card,Completed,1192.0,680.0
ORD0009193,2024-11-27,20241127,CUS01473,14,EMP0199,Cash,Completed,170.0,80.0
ORD0010827,2024-11-27,20241127,CUS02574,5,EMP0102,Cash,Completed,2000.0,1600.0
ORD0006120,2024-11-27,20241127,CUS00810,12,EMP0183,Fawry,Completed,1260.0,620.0
ORD0002314,2024-11-27,20241127,CUS00631,14,EMP0200,  Cash  ,Completed,1960.0,970.0
ORD0009399,2024-11-27,20241127,CUS02815,5,EMP0107,Fawry,Completed,1030.0,500.0
ORD0006136,2024-11-27,20241127,CUS00024,5,EMP0109,  Vodafone Cash  ,Completed,435.0,240.0
ORD0002198,2024-11-27,20241127,CUS00114,1,,Cash,Returned,95.0,40.0
ORD0003532,2024-11-27,20241127,CUS00596,13,EMP0185,  Cash  ,Completed,2728.0,1500.0
ORD0000896,2024-11-27,20241127,CUS00817,11,EMP0172,Credit Card,Completed,722.5,420.0
ORD0008203,2024-11-27,20241127,CUS01751,6,EMP0117,Credit Card,Completed,11590.0,9800.0
ORD0010136,2024-11-27,20241127,CUS00037,15,EMP0209,Debit Card,Cancelled,579.5,290.0
ORD0007265,2024-11-27,20241127,CUS00609,11,EMP0167,Credit Card,Completed,228.0,110.0
ORD0003443,2024-11-28,20241128,CUS00579,9,,Credit Card,Completed,380.0,180.0
ORD0000265,2024-11-28,20241128,CUS02490,11,EMP0167,Cash,Completed,977.0,520.0
ORD0005051,2024-11-28,20241128,CUS01380,1,EMP0016,Credit Card,Returned,1033.5,550.0
ORD0002052,2024-11-28,20241128,CUS02992,11,EMP0164,Vodafone Cash,Completed,2252.5,1240.0
ORD0003193,2024-11-28,20241128,CUS01502,10,EMP0158,  Cash  ,Completed,1920.0,950.0
ORD0001260,2024-11-28,20241128,CUS02932,4,EMP0083,  InstaPay  ,Completed,880.0,440.0
ORD0011457,2024-11-28,20241128,CUS01033,2,EMP0034,Credit Card,Returned,740.5,330.0
ORD0000461,2024-11-28,20241128,CUS01745,3,EMP0069,Fawry,Completed,2668.5,1370.0
ORD0001015,2024-11-28,20241128,CUS01911,7,EMP0130,Vodafone Cash,Completed,2586.0,1380.0
ORD0009370,2024-11-28,20241128,CUS00550,11,EMP0167,Fawry,Completed,787.5,430.0
ORD0004685,2024-11-29,20241129,CUS00124,1,EMP0027,Debit Card,Completed,247.0,130.0
ORD0009242,2024-11-29,20241129,CUS01675,1,EMP0018,Vodafone Cash,Completed,1996.0,1080.0
ORD0003324,2024-11-29,20241129,CUS00523,3,EMP0077,  Debit Card  ,Completed,899.0,450.0
ORD0007982,2024-11-29,20241129,CUS01301,6,EMP0123,  Vodafone Cash  ,Completed,8670.0,8100.0
ORD0005074,2024-11-29,20241129,CUS02116,8,EMP0137,Cash,Completed,430.0,210.0
ORD0005957,2024-11-29,20241129,CUS01392,7,EMP0135,Credit Card,Completed,954.0,530.0
ORD0011838,2024-11-29,20241129,CUS01139,10,EMP0154,  Vodafone Cash  ,Completed,1768.0,970.0
ORD0000879,2024-11-29,20241129,CUS00172,6,EMP0121,Credit Card,Completed,352.5,230.0
ORD0011546,2024-11-29,20241129,CUS02394,3,EMP0063,Fawry,Returned,12771.0,11030.0
ORD0002374,2024-11-29,20241129,CUS02360,10,EMP0158,  Cash  ,Completed,705.0,460.0
ORD0000040,2024-11-30,20241130,CUS00841,5,EMP0098,Debit Card,Completed,1060.0,720.0
ORD0004659,2024-11-30,20241130,CUS00084,5,EMP0104,InstaPay,Completed,501.5,290.0
ORD0009585,2024-11-30,20241130,CUS01311,2,EMP0054,Vodafone Cash,Completed,645.5,330.0
ORD0000905,2024-11-30,20241130,CUS02299,12,EMP0180,  Fawry  ,Completed,1494.0,850.0
ORD0004003,2024-11-30,20241130,CUS00980,11,EMP0168,  Fawry  ,Completed,414.0,220.0
ORD0007929,2024-11-30,20241130,CUS01524,6,EMP0121,  InstaPay  ,Cancelled,1853.0,920.0
ORD0011934,2024-11-30,20241130,CUS01475,3,EMP0066,Credit Card,Completed,10112.0,7700.0
ORD0000598,2024-11-30,20241130,CUS00507,5,,Credit Card,Completed,27300.0,21440.0
ORD0010248,2024-11-30,20241130,CUS01734,2,EMP0036,Fawry,Completed,2412.0,1940.0
ORD0009225,2024-12-01,20241201,CUS02335,10,EMP0153,Vodafone Cash,Completed,2050.0,1200.0
ORD0004252,2024-12-01,20241201,CUS00834,13,EMP0189,Debit Card,Completed,161.5,90.0
ORD0007298,2024-12-01,20241201,CUS01106,3,EMP0055,Vodafone Cash,Completed,539.0,280.0
ORD0004803,2024-12-01,20241201,CUS02080,15,EMP0208,  Fawry  ,Returned,127.5,70.0
ORD0002158,2024-12-01,20241201,CUS01189,10,EMP0162,InstaPay,Completed,5644.0,4710.0
ORD0011443,2024-12-01,20241201,CUS01534,2,EMP0051,Vodafone Cash,Completed,520.0,240.0
ORD0008502,2024-12-01,20241201,CUS00846,12,EMP0181,Fawry,Completed,970.0,540.0
ORD0002493,2024-12-01,20241201,CUS02170,6,EMP0116,Debit Card,Completed,324.0,170.0
ORD0004404,2024-12-01,20241201,CUS01025,4,EMP0083,  Credit Card  ,Completed,5829.5,4390.0
ORD0010397,2024-12-01,20241201,CUS00815,5,EMP0101,Debit Card,Completed,1534.0,790.0
ORD0010547,2024-12-01,20241201,CUS00228,6,EMP0113,Debit Card,Completed,1221.5,620.0
ORD0002949,2024-12-01,20241201,CUS00274,8,EMP0143,InstaPay,Completed,392.0,280.0
ORD0009916,2024-12-01,20241201,CUS02856,5,EMP0106,Credit Card,Completed,260.0,130.0
ORD0011979,2024-12-01,20241201,CUS00335,8,EMP0141,Vodafone Cash,Completed,1720.0,850.0
ORD0004454,2024-12-02,20241202,CUS01725,6,EMP0122,InstaPay,Completed,4930.0,4580.0
ORD0004709,2024-12-02,20241202,CUS00567,5,EMP0108,Fawry,Completed,1328.0,760.0
ORD0002705,2024-12-02,20241202,CUS00832,13,EMP0189,Vodafone Cash,Completed,798.0,390.0
ORD0001702,2024-12-02,20241202,CUS02925,1,EMP0021,InstaPay,Completed,350.0,170.0
ORD0010326,2024-12-02,20241202,CUS00312,1,EMP0001,Fawry,Completed,1194.5,630.0
ORD0003153,2024-12-02,20241202,CUS01066,1,EMP0009,Vodafone Cash,Returned,5006.5,2970.0
ORD0001573,2024-12-02,20241202,CUS02211,2,EMP0039,  Fawry  ,Completed,36404.0,28700.0
ORD0001543,2024-12-02,20241202,CUS01907,2,EMP0041,Debit Card,Completed,30320.0,24050.0
ORD0007383,2024-12-02,20241202,CUS02796,2,,Cash,Completed,1390.0,680.0
ORD0000414,2024-12-02,20241202,CUS00180,3,EMP0062,Credit Card,Completed,720.0,360.0
ORD0011762,2024-12-02,20241202,CUS01422,12,EMP0183,Cash,Completed,810.0,440.0
ORD0002836,2024-12-02,20241202,CUS02004,6,EMP0115,InstaPay,Returned,13339.5,12280.0
ORD0006417,2024-12-02,20241202,CUS00815,6,EMP0126,Vodafone Cash,Cancelled,1318.5,900.0
ORD0006717,2024-12-02,20241202,CUS00063,2,EMP0033,Cash,Completed,775.0,460.0
ORD0004952,2024-12-02,20241202,CUS01436,1,EMP0010,Cash,Completed,1755.0,910.0
ORD0002427,2024-12-02,20241202,CUS00405,15,EMP0206,Fawry,Completed,713.5,380.0
ORD0009934,2024-12-02,20241202,CUS02326,3,EMP0072,  Fawry  ,Completed,440.0,200.0
ORD0004764,2024-12-02,20241202,CUS00887,9,EMP0150,  Debit Card  ,Completed,126.0,70.0
ORD0001919,2024-12-02,20241202,CUS02741,10,EMP0154,Debit Card,Cancelled,1084.0,520.0
ORD0009926,2024-12-02,20241202,CUS00118,3,EMP0062,Cash,Completed,18600.0,14900.0
ORD0010825,2024-12-03,20241203,CUS02057,6,EMP0121,Fawry,Completed,14832.0,11320.0
ORD0007445,2024-12-03,20241203,CUS02175,2,EMP0042,InstaPay,Completed,578.0,320.0
ORD0006998,2024-12-03,20241203,CUS01257,14,EMP0197,  Credit Card  ,Cancelled,1000.0,470.0
ORD0004305,2024-12-03,20241203,CUS00661,1,EMP0019,Fawry,Completed,13995.0,12980.0
ORD0000168,2024-12-03,20241203,CUS00025,1,EMP0007,  Debit Card  ,Completed,520.0,230.0
ORD0005191,2024-12-03,20241203,CUS00537,12,EMP0182,  Cash  ,Returned,1280.0,640.0
ORD0003803,2024-12-03,20241203,CUS01329,2,EMP0048,Cash,Completed,90.0,40.0
ORD0000843,2024-12-03,20241203,CUS01070,5,EMP0110,Fawry,Completed,1052.5,560.0
ORD0007328,2024-12-03,20241203,CUS02600,2,EMP0036,  InstaPay  ,Completed,49004.5,42690.0
ORD0009275,2024-12-03,20241203,CUS01042,3,EMP0070,Debit Card,Completed,556.0,270.0
ORD0001359,2024-12-03,20241203,CUS01729,6,EMP0116,Vodafone Cash,Completed,117.0,60.0
ORD0008366,2024-12-04,20241204,CUS01739,9,EMP0151,Vodafone Cash,Completed,11050.0,10400.0
ORD0001334,2024-12-04,20241204,CUS00637,7,EMP0132,Cash,Completed,210.0,100.0
ORD0010929,2024-12-04,20241204,CUS00060,11,EMP0171,InstaPay,Completed,1179.0,640.0
ORD0003024,2024-12-04,20241204,CUS02363,1,EMP0018,  Credit Card  ,Returned,413.0,290.0
ORD0000279,2024-12-04,20241204,CUS00985,3,EMP0065,Vodafone Cash,Completed,27023.0,21300.0
ORD0003568,2024-12-04,20241204,CUS01774,6,EMP0119,Vodafone Cash,Completed,1209.5,620.0
ORD0001970,2024-12-04,20241204,CUS02939,4,EMP0086,InstaPay,Completed,1697.0,1040.0
ORD0007959,2024-12-04,20241204,CUS01223,6,EMP0123,Cash,Completed,575.0,320.0
ORD0001551,2024-12-04,20241204,CUS00244,14,EMP0199,InstaPay,Completed,720.0,400.0
ORD0010286,2024-12-04,20241204,CUS00865,14,EMP0196,InstaPay,Completed,11581.0,8880.0
ORD0004561,2024-12-04,20241204,CUS01251,9,EMP0148,InstaPay,Completed,180.0,90.0
ORD0008801,2024-12-04,20241204,CUS00160,2,EMP0051,  Fawry  ,Completed,133.0,60.0
ORD0003080,2024-12-04,20241204,CUS01789,3,EMP0063,Fawry,Returned,2920.0,1440.0
ORD0009289,2024-12-04,20241204,CUS01229,1,EMP0007,Vodafone Cash,Completed,862.0,460.0
ORD0011971,2024-12-04,20241204,CUS01576,15,EMP0204,InstaPay,Completed,1680.0,840.0
ORD0006603,2024-12-04,20241204,CUS01479,2,EMP0051,  InstaPay  ,Completed,307.0,170.0
ORD0003715,2024-12-05,20241205,CUS02149,12,EMP0182,Credit Card,Completed,2620.0,1550.0
ORD0000518,2024-12-05,20241205,CUS02739,3,EMP0062,Credit Card,Returned,12800.0,10300.0
ORD0004672,2024-12-05,20241205,CUS01796,6,EMP0116,Cash,Completed,1087.0,570.0
ORD0006340,2024-12-05,20241205,CUS00959,4,EMP0082,Fawry,Completed,430.0,220.0
ORD0009130,2024-12-05,20241205,CUS00334,4,EMP0093,Debit Card,Returned,2620.0,2210.0
ORD0008979,2024-12-05,20241205,CUS00264,4,EMP0084,Credit Card,Cancelled,1058.5,540.0
ORD0001127,2024-12-05,20241205,CUS00600,8,EMP0139,Fawry,Completed,2899.5,1740.0
ORD0008019,2024-12-05,20241205,CUS02003,4,,InstaPay,Completed,95.0,50.0
ORD0009005,2024-12-06,20241206,CUS00684,5,EMP0100,  Debit Card  ,Completed,525.0,260.0
ORD0007192,2024-12-06,20241206,CUS00653,3,EMP0058,Cash,Completed,1740.0,870.0
ORD0002182,2024-12-06,20241206,CUS02836,11,,Credit Card,Completed,1710.0,1030.0
ORD0008607,2024-12-06,20241206,CUS02252,3,EMP0057,  Vodafone Cash  ,Completed,234.0,120.0
ORD0007492,2024-12-06,20241206,CUS01597,1,EMP0010,Fawry,Completed,13965.0,11800.0
ORD0002203,2024-12-06,20241206,CUS02485,7,EMP0128,InstaPay,Completed,340.0,200.0
ORD0002548,2024-12-06,20241206,CUS00124,1,EMP0013,Cash,Completed,800.0,390.0
ORD0001373,2024-12-06,20241206,CUS02165,1,EMP0004,Vodafone Cash,Completed,1783.5,920.0
ORD0002692,2024-12-06,20241206,CUS00115,2,EMP0051,Credit Card,Completed,910.0,430.0
ORD0002381,2024-12-06,20241206,CUS02468,2,EMP0053,Vodafone Cash,Completed,1746.0,860.0
ORD0007548,2024-12-07,20241207,CUS01090,12,EMP0177,Vodafone Cash,Completed,956.0,480.0
ORD0002601,2024-12-07,20241207,CUS00624,3,,Cash,Completed,20551.0,15950.0
ORD0002561,2024-12-07,20241207,CUS01042,3,EMP0074,Credit Card,Completed,1759.5,880.0
ORD0007087,2024-12-07,20241207,CUS02629,9,EMP0148,Vodafone Cash,Completed,486.0,240.0
ORD0004434,2024-12-07,20241207,CUS00134,2,EMP0052,Cash,Completed,670.5,370.0
ORD0011366,2024-12-07,20241207,CUS01053,4,EMP0085,Cash,Completed,1100.0,560.0
ORD0008853,2024-12-07,20241207,CUS02614,12,EMP0174,Debit Card,Completed,120.0,70.0
ORD0003860,2024-12-07,20241207,CUS02646,7,EMP0128,Fawry,Completed,464.0,290.0
ORD0005270,2024-12-07,20241207,CUS00693,8,EMP0143,InstaPay,Completed,1500.0,720.0
ORD0003380,2024-12-07,20241207,CUS00710,12,EMP0174,Fawry,Completed,2288.0,1140.0
ORD0002211,2024-12-07,20241207,CUS02087,14,EMP0203,Vodafone Cash,Completed,514.0,250.0
ORD0010287,2024-12-07,20241207,CUS00489,12,EMP0184,Fawry,Completed,13410.0,11240.0
ORD0006429,2024-12-08,20241208,CUS00712,4,EMP0094,Fawry,Completed,1619.5,830.0
ORD0011756,2024-12-08,20241208,CUS02461,10,EMP0159,Debit Card,Completed,661.5,400.0
ORD0009387,2024-12-08,20241208,CUS00936,10,EMP0161,Fawry,Completed,1179.0,630.0
ORD0007606,2024-12-08,20241208,CUS01901,2,EMP0045,Credit Card,Completed,769.5,390.0
ORD0008317,2024-12-08,20241208,CUS00027,6,EMP0113,Credit Card,Completed,974.0,520.0
ORD0003929,2024-12-08,20241208,CUS01229,8,EMP0144,Cash,Completed,1425.5,760.0
ORD0008221,2024-12-08,20241208,CUS01262,1,EMP0014,Vodafone Cash,Completed,14373.0,11530.0
ORD0005896,2024-12-08,20241208,CUS02598,2,EMP0038,Cash,Completed,144.0,70.0
ORD0000618,2024-12-08,20241208,CUS00013,12,EMP0180,Fawry,Completed,361.0,180.0
ORD0006606,2024-12-08,20241208,CUS02666,10,EMP0155,Credit Card,Completed,494.0,250.0
ORD0007206,2024-12-08,20241208,CUS02425,2,EMP0046,Cash,Completed,603.0,300.0
ORD0011373,2024-12-08,20241208,CUS01070,10,EMP0152,InstaPay,Completed,22278.0,22010.0
ORD0010135,2024-12-08,20241208,CUS00003,7,EMP0132,InstaPay,Cancelled,312.0,180.0
ORD0003039,2024-12-08,20241208,CUS02731,1,EMP0016,Debit Card,Completed,963.0,500.0
ORD0011633,2024-12-08,20241208,CUS02956,2,EMP0032,  Credit Card  ,Completed,522.5,270.0
ORD0001350,2024-12-09,20241209,CUS01034,7,EMP0127,InstaPay,Completed,14145.5,11640.0
ORD0009371,2024-12-09,20241209,CUS02539,1,EMP0009,Vodafone Cash,Completed,647.0,380.0
ORD0003992,2024-12-09,20241209,CUS00352,2,EMP0036,Credit Card,Cancelled,9392.0,7140.0
ORD0006569,2024-12-09,20241209,CUS02215,5,EMP0112,  Credit Card  ,Completed,513.0,270.0
ORD0007483,2024-12-09,20241209,CUS01462,10,EMP0157,Credit Card,Completed,1473.0,780.0
ORD0002657,2024-12-09,20241209,CUS01160,8,EMP0140,  Credit Card  ,Completed,578.0,320.0
ORD0003623,2024-12-09,20241209,CUS02111,5,EMP0099,Cash,Completed,266.0,140.0
ORD0005021,2024-12-09,20241209,CUS00349,5,EMP0105,Credit Card,Completed,954.0,500.0
ORD0003858,2024-12-09,20241209,CUS02738,3,EMP0072,Fawry,Completed,700.0,350.0
ORD0003044,2024-12-10,20241210,CUS02558,2,EMP0031,  Cash  ,Completed,578.0,320.0
ORD0006842,2024-12-10,20241210,CUS00203,15,EMP0212,  Credit Card  ,Completed,285.0,140.0
ORD0009990,2024-12-10,20241210,CUS00565,1,EMP0026,InstaPay,Completed,830.0,410.0
ORD0002873,2024-12-10,20241210,CUS00784,7,EMP0129,Cash,Completed,961.5,550.0
ORD0009854,2024-12-10,20241210,CUS00254,5,EMP0098,  Fawry  ,Completed,648.0,360.0
ORD0006191,2024-12-10,20241210,CUS00519,13,EMP0187,InstaPay,Completed,387.0,210.0
ORD0001444,2024-12-10,20241210,CUS01872,4,EMP0094,Cash,Completed,2254.0,1110.0
ORD0011734,2024-12-11,20241211,CUS02892,8,EMP0139,  Debit Card  ,Completed,105.0,70.0
ORD0004957,2024-12-11,20241211,CUS01565,7,EMP0128,Debit Card,Completed,240.0,120.0
ORD0008458,2024-12-11,20241211,CUS02207,3,EMP0059,Vodafone Cash,Completed,2775.0,1360.0
ORD0003046,2024-12-11,20241211,CUS00234,10,EMP0154,InstaPay,Returned,5864.0,4540.0
ORD0006579,2024-12-11,20241211,CUS02984,1,EMP0007,Vodafone Cash,Completed,2222.5,1140.0
ORD0004951,2024-12-11,20241211,CUS01333,14,EMP0200,InstaPay,Completed,10825.5,10730.0
ORD0004571,2024-12-11,20241211,CUS01368,3,EMP0074,Cash,Completed,838.0,450.0
ORD0006045,2024-12-11,20241211,CUS01699,4,EMP0091,InstaPay,Cancelled,170.0,90.0
ORD0003460,2024-12-11,20241211,CUS00587,3,EMP0064,  Cash  ,Completed,560.5,290.0
ORD0008050,2024-12-11,20241211,CUS00054,2,EMP0042,Debit Card,Completed,622.5,370.0
ORD0009973,2024-12-11,20241211,CUS01133,11,EMP0165,Cash,Completed,207.0,110.0
ORD0007201,2024-12-11,20241211,CUS02788,5,EMP0096,Cash,Completed,1580.0,770.0
ORD0011685,2024-12-11,20241211,CUS00320,10,EMP0152,Cash,Returned,900.0,420.0
ORD0000181,2024-12-11,20241211,CUS00427,1,EMP0018,Vodafone Cash,Cancelled,2328.0,1160.0
ORD0000738,2024-12-11,20241211,CUS00100,10,EMP0162,Vodafone Cash,Completed,27572.0,23160.0
ORD0010211,2024-12-11,20241211,CUS00557,8,EMP0142,Debit Card,Completed,650.0,370.0
ORD0006507,2024-12-11,20241211,CUS02264,1,EMP0011,  InstaPay  ,Completed,333.0,180.0
ORD0006230,2024-12-11,20241211,CUS01648,9,EMP0148,InstaPay,Completed,336.0,210.0
ORD0008222,2024-12-11,20241211,CUS00358,4,EMP0093,InstaPay,Returned,506.0,280.0
ORD0009452,2024-12-11,20241211,CUS00215,10,EMP0161,InstaPay,Completed,582.0,290.0
ORD0007028,2024-12-12,20241212,CUS02872,13,EMP0193,  Credit Card  ,Completed,1430.0,700.0
ORD0007467,2024-12-12,20241212,CUS02796,4,EMP0082,Debit Card,Completed,908.0,450.0
ORD0002865,2024-12-12,20241212,CUS02311,9,EMP0146,  InstaPay  ,Completed,16940.0,13270.0
ORD0004124,2024-12-12,20241212,CUS02320,12,EMP0174,Debit Card,Completed,3785.0,2340.0
ORD0011602,2024-12-12,20241212,CUS02132,2,EMP0048,InstaPay,Completed,660.0,320.0
ORD0005064,2024-12-12,20241212,CUS00597,2,EMP0050,InstaPay,Completed,629.0,360.0
ORD0008321,2024-12-12,20241212,CUS02792,6,EMP0125,Cash,Completed,3288.0,1880.0
ORD0000557,2024-12-12,20241212,CUS02076,3,EMP0075,Credit Card,Completed,503.5,250.0
ORD0000478,2024-12-12,20241212,CUS00721,5,EMP0095,  InstaPay  ,Completed,160.0,70.0
ORD0003987,2024-12-12,20241212,CUS01636,4,EMP0087,Debit Card,Completed,1390.5,690.0
ORD0007980,2024-12-12,20241212,CUS01675,6,EMP0119,  Credit Card  ,Returned,2013.5,1200.0
ORD0003521,2024-12-12,20241212,CUS00797,2,EMP0044,  Credit Card  ,Completed,1995.0,1480.0
ORD0001266,2024-12-12,20241212,CUS00225,4,EMP0080,Vodafone Cash,Completed,320.0,140.0
ORD0004145,2024-12-12,20241212,CUS01582,14,EMP0202,Fawry,Completed,1559.0,790.0
ORD0003194,2024-12-12,20241212,CUS01337,14,EMP0194,Debit Card,Completed,140.0,70.0
ORD0011383,2024-12-12,20241212,CUS00799,3,EMP0055,Credit Card,Completed,300.0,140.0
ORD0001542,2024-12-12,20241212,CUS01168,5,EMP0107,Vodafone Cash,Completed,780.0,390.0
ORD0009324,2024-12-12,20241212,CUS00866,6,EMP0113,Vodafone Cash,Completed,260.0,130.0
ORD0009581,2024-12-12,20241212,CUS01900,11,EMP0164,Fawry,Completed,6584.0,5030.0
ORD0004917,2024-12-12,20241212,CUS00253,8,EMP0142,  Vodafone Cash  ,Completed,2600.0,2000.0
ORD0006519,2024-12-12,20241212,CUS02245,5,EMP0110,Cash,Returned,860.0,420.0
ORD0002935,2024-12-13,20241213,CUS02540,4,EMP0081,Debit Card,Completed,178.5,100.0
ORD0007665,2024-12-13,20241213,CUS01875,6,EMP0116,InstaPay,Completed,1224.0,680.0
ORD0004054,2024-12-13,20241213,CUS00517,5,EMP0107,Credit Card,Cancelled,502.5,310.0
ORD0007525,2024-12-13,20241213,CUS02101,4,EMP0087,Debit Card,Completed,1998.0,990.0
ORD0000732,2024-12-13,20241213,CUS00091,14,EMP0200,  Debit Card  ,Completed,880.0,440.0
ORD0007813,2024-12-13,20241213,CUS00157,1,EMP0025,  Cash  ,Completed,3590.0,1910.0
ORD0007566,2024-12-13,20241213,CUS01142,8,EMP0141,Debit Card,Completed,30732.0,26930.0
ORD0001709,2024-12-13,20241213,CUS01808,11,EMP0167,Credit Card,Completed,1194.5,650.0
ORD0010596,2024-12-13,20241213,CUS00691,4,EMP0092,InstaPay,Completed,15900.0,12700.0
ORD0010867,2024-12-13,20241213,CUS01049,11,EMP0170,Fawry,Completed,565.5,310.0
ORD0008094,2024-12-13,20241213,CUS02913,3,EMP0058,  Credit Card  ,Completed,17045.0,14270.0
ORD0007782,2024-12-13,20241213,CUS02679,5,EMP0111,Cash,Completed,469.0,240.0
ORD0007257,2024-12-13,20241213,CUS01002,6,EMP0116,Debit Card,Completed,11242.0,8640.0
ORD0005359,2024-12-13,20241213,CUS01396,1,EMP0019,InstaPay,Completed,1594.0,820.0
ORD0003693,2024-12-13,20241213,CUS01860,8,EMP0144,InstaPay,Completed,382.5,220.0
ORD0007212,2024-12-14,20241214,CUS01187,3,,Debit Card,Completed,4295.0,2280.0
ORD0002915,2024-12-14,20241214,CUS02262,5,EMP0105,InstaPay,Completed,8930.0,8540.0
ORD0000144,2024-12-14,20241214,CUS01470,5,EMP0106,Vodafone Cash,Completed,744.0,380.0
ORD0011852,2024-12-14,20241214,CUS02729,9,EMP0145,Credit Card,Cancelled,1080.0,510.0
ORD0007078,2024-12-14,20241214,CUS00700,4,EMP0090,Vodafone Cash,Completed,4500.0,3600.0
ORD0005579,2024-12-14,20241214,CUS01436,3,EMP0075,Fawry,Completed,6539.5,5820.0
ORD0003430,2024-12-14,20241214,CUS00570,6,EMP0116,Debit Card,Completed,260.0,120.0
ORD0005519,2024-12-14,20241214,CUS02056,4,EMP0087,Debit Card,Cancelled,271.0,150.0
ORD0008678,2024-12-14,20241214,CUS01944,6,EMP0119,  Vodafone Cash  ,Completed,279.0,150.0
ORD0005414,2024-12-14,20241214,CUS01096,4,EMP0084,InstaPay,Completed,2680.0,1510.0
ORD0008423,2024-12-14,20241214,CUS01163,14,EMP0196,InstaPay,Completed,1287.0,650.0
ORD0004808,2024-12-14,20241214,CUS01850,12,EMP0182,Debit Card,Completed,355.0,180.0
ORD0000743,2024-12-14,20241214,CUS01110,10,EMP0160,Fawry,Completed,300.0,140.0
ORD0009235,2024-12-15,20241215,CUS02849,4,EMP0089,  Cash  ,Completed,28135.0,25400.0
ORD0011432,2024-12-15,20241215,CUS00906,13,EMP0189,Credit Card,Completed,637.5,330.0
ORD0002295,2024-12-15,20241215,CUS01867,10,EMP0161,Cash,Completed,315.0,170.0
ORD0002238,2024-12-15,20241215,CUS02814,7,,Credit Card,Completed,1615.5,830.0
ORD0007498,2024-12-15,20241215,CUS01474,6,EMP0119,Debit Card,Completed,1607.5,810.0
ORD0001975,2024-12-15,20241215,CUS00791,2,EMP0054,InstaPay,Cancelled,1440.0,720.0
ORD0008754,2024-12-15,20241215,CUS01072,2,EMP0051,Credit Card,Completed,5010.0,4200.0
ORD0006099,2024-12-15,20241215,CUS01846,14,EMP0202,Credit Card,Completed,420.0,210.0
ORD0010503,2024-12-15,20241215,CUS00465,2,EMP0034,Cash,Completed,1593.0,770.0
ORD0004476,2024-12-15,20241215,CUS02751,5,EMP0102,InstaPay,Completed,31680.0,31500.0
ORD0007358,2024-12-15,20241215,CUS01890,3,EMP0065,Fawry,Completed,777.0,430.0
ORD0006666,2024-12-15,20241215,CUS01942,10,EMP0153,Debit Card,Completed,288.0,140.0
ORD0002854,2024-12-16,20241216,CUS00504,12,EMP0183,  Cash  ,Completed,210.0,100.0
ORD0003007,2024-12-16,20241216,CUS02904,5,EMP0103,Fawry,Completed,807.5,420.0
ORD0009262,2024-12-16,20241216,CUS00784,4,EMP0086,Fawry,Completed,2312.0,1880.0
ORD0008352,2024-12-16,20241216,CUS02568,1,EMP0007,Cash,Completed,728.0,420.0
ORD0001157,2024-12-16,20241216,CUS01751,5,EMP0103,Credit Card,Completed,180.0,80.0
ORD0009156,2024-12-16,20241216,CUS00246,3,EMP0076,Fawry,Completed,330.0,160.0
ORD0011583,2024-12-17,20241217,CUS02917,4,EMP0091,InstaPay,Completed,133.0,70.0
ORD0007971,2024-12-17,20241217,CUS00161,4,EMP0081,Credit Card,Completed,207.0,110.0
ORD0008757,2024-12-17,20241217,CUS01697,11,EMP0171,Debit Card,Completed,1067.0,570.0
ORD0010334,2024-12-17,20241217,CUS02728,12,EMP0181,Vodafone Cash,Completed,260.0,130.0
ORD0009763,2024-12-17,20241217,CUS00300,4,EMP0082,Debit Card,Completed,1044.0,570.0
ORD0001597,2024-12-17,20241217,CUS01739,10,EMP0160,Cash,Completed,1543.0,770.0
ORD0007337,2024-12-17,20241217,CUS02666,2,EMP0030,Cash,Completed,1552.0,850.0
ORD0011086,2024-12-17,20241217,CUS01663,4,EMP0091,  Credit Card  ,Returned,2547.5,1280.0
ORD0008976,2024-12-17,20241217,CUS02885,12,EMP0176,Vodafone Cash,Completed,432.0,210.0
ORD0010719,2024-12-17,20241217,CUS02279,3,EMP0069,Cash,Completed,757.5,520.0
ORD0007696,2024-12-17,20241217,CUS02885,11,EMP0172,Fawry,Completed,3085.0,2320.0
ORD0007646,2024-12-17,20241217,CUS01176,1,EMP0024,Vodafone Cash,Completed,442.0,260.0
ORD0003872,2024-12-17,20241217,CUS00178,1,EMP0021,InstaPay,Completed,2754.0,1470.0
ORD0001057,2024-12-17,20241217,CUS02230,11,EMP0169,  Cash  ,Completed,1156.0,640.0
ORD0010999,2024-12-17,20241217,CUS01080,4,EMP0091,Fawry,Completed,1960.5,1530.0
ORD0010931,2024-12-17,20241217,CUS02231,3,EMP0062,Fawry,Completed,9318.5,6400.0
ORD0008553,2024-12-17,20241217,CUS01601,11,EMP0169,  Vodafone Cash  ,Completed,594.0,320.0
ORD0003112,2024-12-17,20241217,CUS00804,3,EMP0064,InstaPay,Completed,112.0,70.0
ORD0002973,2024-12-18,20241218,CUS00846,11,,Debit Card,Completed,2242.0,1330.0
ORD0011157,2024-12-18,20241218,CUS00524,12,EMP0178,Debit Card,Cancelled,945.0,580.0
ORD0010870,2024-12-18,20241218,CUS00363,4,EMP0093,Credit Card,Completed,252.0,140.0
ORD0008093,2024-12-18,20241218,CUS01868,1,EMP0026,  Credit Card  ,Completed,510.0,250.0
ORD0008454,2024-12-18,20241218,CUS00486,4,EMP0093,Fawry,Completed,30280.0,24030.0
ORD0006751,2024-12-18,20241218,CUS02206,3,EMP0071,Credit Card,Completed,450.0,250.0
ORD0002933,2024-12-18,20241218,CUS01998,2,EMP0040,InstaPay,Completed,9410.0,7690.0
ORD0006161,2024-12-18,20241218,CUS02997,13,EMP0192,Cash,Completed,3043.0,1580.0
ORD0010514,2024-12-18,20241218,CUS02862,9,EMP0149,  Credit Card  ,Completed,1459.5,770.0
ORD0005421,2024-12-18,20241218,CUS02999,6,EMP0114,Credit Card,Completed,1956.0,1100.0
ORD0000695,2024-12-19,20241219,CUS01499,3,EMP0064,Cash,Returned,142.5,70.0
ORD0006388,2024-12-19,20241219,CUS02328,2,EMP0033,Debit Card,Completed,189.0,100.0
ORD0005684,2024-12-19,20241219,CUS00534,6,EMP0124,Vodafone Cash,Completed,756.0,370.0
ORD0011693,2024-12-19,20241219,CUS02163,11,EMP0166,Cash,Completed,315.0,210.0
ORD0010855,2024-12-19,20241219,CUS00784,3,EMP0072,Cash,Completed,4500.0,4000.0
ORD0008183,2024-12-19,20241219,CUS00304,11,EMP0169,Fawry,Returned,540.0,260.0
ORD0006277,2024-12-20,20241220,CUS01099,3,EMP0061,Vodafone Cash,Completed,562.5,280.0
ORD0001517,2024-12-20,20241220,CUS00278,5,EMP0109,Cash,Completed,9787.5,8460.0
ORD0005075,2024-12-20,20241220,CUS02630,11,EMP0166,Credit Card,Completed,1328.0,680.0
ORD0001252,2024-12-20,20241220,CUS02785,1,EMP0002,Credit Card,Completed,1383.0,820.0
ORD0002041,2024-12-20,20241220,CUS02644,10,EMP0157,Debit Card,Completed,112.0,70.0
ORD0009687,2024-12-20,20241220,CUS01802,7,EMP0134,Fawry,Completed,296.0,180.0
ORD0010168,2024-12-20,20241220,CUS02395,2,EMP0035,Vodafone Cash,Completed,798.0,420.0
ORD0010932,2024-12-20,20241220,CUS01172,13,EMP0193,Vodafone Cash,Completed,29280.0,29400.0
ORD0005770,2024-12-20,20241220,CUS00392,2,EMP0046,  Credit Card  ,Completed,441.0,240.0
ORD0005884,2024-12-20,20241220,CUS02215,3,EMP0067,Fawry,Completed,480.0,240.0
ORD0007116,2024-12-21,20241221,CUS02926,2,EMP0054,Cash,Completed,715.0,370.0
ORD0011550,2024-12-21,20241221,CUS02404,7,EMP0130,Cash,Completed,672.0,390.0
ORD0010106,2024-12-21,20241221,CUS00158,7,EMP0135,Cash,Completed,280.0,140.0
ORD0001397,2024-12-21,20241221,CUS02961,3,EMP0073,  InstaPay  ,Completed,730.0,360.0
ORD0009221,2024-12-21,20241221,CUS00306,1,EMP0004,Fawry,Completed,5250.0,4240.0
ORD0003065,2024-12-21,20241221,CUS01186,2,EMP0045,  InstaPay  ,Cancelled,2556.0,1350.0
ORD0006828,2024-12-21,20241221,CUS02589,5,EMP0111,Credit Card,Completed,1040.0,580.0
ORD0001904,2024-12-21,20241221,CUS01342,3,EMP0065,Cash,Completed,480.0,240.0
ORD0009091,2024-12-21,20241221,CUS01184,3,,Vodafone Cash,Cancelled,150.0,70.0
ORD0003956,2024-12-21,20241221,CUS00120,3,EMP0063,  Fawry  ,Returned,1410.0,720.0
ORD0007486,2024-12-21,20241221,CUS00918,12,EMP0180,Cash,Completed,1236.0,610.0
ORD0003598,2024-12-21,20241221,CUS02382,2,EMP0050,Debit Card,Completed,59792.0,50970.0
ORD0010434,2024-12-21,20241221,CUS00713,5,EMP0111,  InstaPay  ,Cancelled,2343.0,1150.0
ORD0000532,2024-12-22,20241222,CUS02554,11,EMP0171,Fawry,Completed,840.0,420.0
ORD0002624,2024-12-22,20241222,CUS01448,10,EMP0152,Debit Card,Completed,38959.5,32520.0
ORD0011527,2024-12-22,20241222,CUS00844,4,EMP0088,Cash,Completed,1054.0,550.0
ORD0011389,2024-12-22,20241222,CUS01757,3,EMP0063,Fawry,Completed,280.0,120.0
ORD0005429,2024-12-22,20241222,CUS00433,3,EMP0074,Fawry,Returned,1435.5,730.0
ORD0007830,2024-12-22,20241222,CUS00633,5,EMP0095,Debit Card,Completed,2215.0,1160.0
ORD0011081,2024-12-22,20241222,CUS00166,2,EMP0043,Credit Card,Completed,7866.0,5970.0
ORD0003459,2024-12-22,20241222,CUS00065,1,EMP0019,Cash,Completed,280.0,140.0
ORD0007671,2024-12-22,20241222,CUS01869,13,EMP0190,Debit Card,Returned,1072.5,620.0
ORD0001871,2024-12-22,20241222,CUS02426,3,EMP0072,Credit Card,Completed,540.0,260.0
ORD0010750,2024-12-22,20241222,CUS01176,2,EMP0046,  Credit Card  ,Returned,880.0,420.0
ORD0005743,2024-12-22,20241222,CUS00229,4,EMP0092,Debit Card,Returned,1410.0,730.0
ORD0006912,2024-12-23,20241223,CUS00412,13,EMP0187,Debit Card,Completed,915.0,480.0
ORD0000291,2024-12-23,20241223,CUS02652,1,EMP0021,Fawry,Completed,574.0,290.0
ORD0004146,2024-12-23,20241223,CUS00474,9,EMP0146,Vodafone Cash,Completed,1490.5,750.0
ORD0002468,2024-12-23,20241223,CUS00049,12,EMP0175,Vodafone Cash,Completed,280.0,140.0
ORD0008006,2024-12-23,20241223,CUS02293,14,EMP0197,Debit Card,Completed,6711.0,5380.0
ORD0008091,2024-12-23,20241223,CUS00640,14,EMP0198,  Fawry  ,Returned,2223.5,1110.0
ORD0001316,2024-12-23,20241223,CUS02515,2,EMP0047,Fawry,Completed,260.0,130.0
ORD0007485,2024-12-24,20241224,CUS02882,1,EMP0021,Vodafone Cash,Completed,324.0,160.0
ORD0010568,2024-12-24,20241224,CUS01682,4,EMP0091,  Credit Card  ,Completed,408.0,240.0
ORD0005545,2024-12-24,20241224,CUS00790,4,EMP0085,Vodafone Cash,Completed,12880.0,10120.0
ORD0009697,2024-12-24,20241224,CUS00227,2,EMP0044,  Debit Card  ,Completed,19920.0,16480.0
ORD0007363,2024-12-24,20241224,CUS02536,14,EMP0196,Credit Card,Completed,228.0,110.0
ORD0003240,2024-12-24,20241224,CUS00267,13,EMP0191,  Vodafone Cash  ,Completed,279.0,150.0
ORD0003729,2024-12-24,20241224,CUS01136,14,EMP0197,Credit Card,Completed,1770.0,1280.0
ORD0007416,2024-12-24,20241224,CUS02486,11,EMP0170,Credit Card,Completed,75120.0,59830.0
ORD0006919,2024-12-24,20241224,CUS01515,1,EMP0015,Credit Card,Completed,408.5,210.0
ORD0008409,2024-12-25,20241225,CUS00113,5,EMP0096,Credit Card,Completed,1182.0,610.0
ORD0008805,2024-12-25,20241225,CUS00826,15,,Fawry,Completed,5865.0,4940.0
ORD0011051,2024-12-25,20241225,CUS02102,7,EMP0133,Vodafone Cash,Completed,1262.0,610.0
ORD0009455,2024-12-25,20241225,CUS00946,3,EMP0056,Credit Card,Completed,144.0,80.0
ORD0011396,2024-12-25,20241225,CUS02575,5,EMP0097,Cash,Cancelled,289.0,160.0
ORD0007718,2024-12-25,20241225,CUS00520,2,EMP0040,Fawry,Returned,747.0,410.0
ORD0005888,2024-12-25,20241225,CUS00290,8,EMP0137,Fawry,Completed,3284.0,1770.0
ORD0010056,2024-12-25,20241225,CUS00316,6,EMP0122,InstaPay,Completed,313.5,150.0
ORD0010360,2024-12-25,20241225,CUS02097,3,EMP0063,Cash,Completed,684.0,350.0
ORD0005615,2024-12-25,20241225,CUS02386,2,EMP0040,Fawry,Completed,19308.0,16760.0
ORD0003493,2024-12-25,20241225,CUS00148,4,EMP0080,Vodafone Cash,Completed,661.5,360.0
ORD0000388,2024-12-25,20241225,CUS02801,6,EMP0119,Cash,Completed,16575.0,15600.0
ORD0010441,2024-12-25,20241225,CUS00293,3,EMP0078,Cash,Completed,55747.0,59330.0
ORD0001896,2024-12-25,20241225,CUS00260,1,EMP0020,Cash,Completed,2385.0,1220.0
ORD0010960,2024-12-26,20241226,CUS02439,3,EMP0073,Vodafone Cash,Completed,1087.5,580.0
ORD0006996,2024-12-26,20241226,CUS02435,12,EMP0174,Cash,Completed,9595.0,8100.0
ORD0007095,2024-12-26,20241226,CUS00123,11,EMP0170,Credit Card,Completed,600.0,300.0
ORD0005926,2024-12-26,20241226,CUS01111,6,EMP0124,  Fawry  ,Completed,1072.0,690.0
ORD0002473,2024-12-26,20241226,CUS02147,1,EMP0002,Vodafone Cash,Completed,315.0,220.0
ORD0004126,2024-12-26,20241226,CUS00829,5,EMP0110,Cash,Completed,97.5,60.0
ORD0003523,2024-12-26,20241226,CUS01054,11,EMP0173,Fawry,Completed,845.5,480.0
ORD0003206,2024-12-26,20241226,CUS00319,14,EMP0198,Vodafone Cash,Completed,1652.0,850.0
ORD0006451,2024-12-26,20241226,CUS02892,4,EMP0093,InstaPay,Completed,570.0,280.0
ORD0010887,2024-12-26,20241226,CUS02889,7,EMP0132,Fawry,Completed,780.0,390.0
ORD0009761,2024-12-26,20241226,CUS02559,2,EMP0046,  Debit Card  ,Completed,768.0,400.0
ORD0011466,2024-12-27,20241227,CUS02074,3,EMP0075,Fawry,Completed,772.0,430.0
ORD0007728,2024-12-27,20241227,CUS01159,4,EMP0086,Vodafone Cash,Completed,216.0,130.0
ORD0008217,2024-12-27,20241227,CUS02194,4,EMP0090,InstaPay,Completed,9908.0,9360.0
ORD0002087,2024-12-27,20241227,CUS01664,10,EMP0152,  Cash  ,Completed,1470.0,690.0
ORD0000155,2024-12-27,20241227,CUS01159,4,EMP0091,InstaPay,Completed,625.0,380.0
ORD0008176,2024-12-27,20241227,CUS01619,6,EMP0126,InstaPay,Completed,1108.5,600.0
ORD0003466,2024-12-27,20241227,CUS02585,1,EMP0002,  Cash  ,Returned,45450.0,38170.0
ORD0006720,2024-12-27,20241227,CUS00948,9,EMP0145,  InstaPay  ,Completed,648.0,360.0
ORD0002999,2024-12-27,20241227,CUS02456,5,EMP0103,InstaPay,Returned,112.5,70.0
ORD0003950,2024-12-27,20241227,CUS02495,1,EMP0012,  Credit Card  ,Completed,1912.0,1030.0
ORD0008745,2024-12-27,20241227,CUS02125,11,EMP0168,Cash,Completed,456.0,240.0
ORD0006623,2024-12-27,20241227,CUS01136,4,EMP0093,  Vodafone Cash  ,Completed,279.0,150.0
ORD0001158,2024-12-27,20241227,CUS02429,12,EMP0174,InstaPay,Completed,9425.0,8770.0
ORD0000540,2024-12-28,20241228,CUS00166,1,EMP0013,Cash,Completed,731.5,390.0
ORD0005714,2024-12-28,20241228,CUS00846,4,EMP0091,Fawry,Completed,1642.5,930.0
ORD0004852,2024-12-28,20241228,CUS00682,8,EMP0138,Debit Card,Returned,272.5,140.0
ORD0008817,2024-12-28,20241228,CUS01253,6,EMP0120,Fawry,Completed,848.0,520.0
ORD0003960,2024-12-28,20241228,CUS01704,14,EMP0203,Credit Card,Completed,136.0,70.0
ORD0001301,2024-12-29,20241229,CUS01886,1,,Credit Card,Completed,368.0,220.0
ORD0002147,2024-12-29,20241229,CUS02513,7,EMP0130,Vodafone Cash,Completed,744.0,400.0
ORD0011351,2024-12-29,20241229,CUS02192,1,EMP0005,Cash,Completed,830.0,450.0
ORD0000546,2024-12-29,20241229,CUS01907,2,EMP0031,Fawry,Completed,2709.0,1420.0
ORD0003744,2024-12-29,20241229,CUS02446,12,EMP0175,  Vodafone Cash  ,Completed,370.5,180.0
ORD0003293,2024-12-29,20241229,CUS01814,14,EMP0195,InstaPay,Completed,684.0,380.0
ORD0004517,2024-12-29,20241229,CUS00913,3,EMP0062,  Vodafone Cash  ,Completed,252.0,140.0
ORD0011277,2024-12-29,20241229,CUS01638,2,EMP0044,Debit Card,Completed,2060.0,1110.0
ORD0008341,2024-12-29,20241229,CUS00324,4,EMP0079,Cash,Completed,504.0,280.0
ORD0008796,2024-12-29,20241229,CUS02804,12,EMP0176,InstaPay,Completed,330.0,160.0
ORD0007630,2024-12-29,20241229,CUS02367,5,EMP0099,Cash,Completed,402.0,210.0
ORD0008918,2024-12-30,20241230,CUS01015,15,,Cash,Completed,686.0,480.0
ORD0008182,2024-12-30,20241230,CUS01889,13,EMP0191,Cash,Completed,32700.0,25900.0
ORD0003016,2024-12-30,20241230,CUS00304,10,EMP0157,Vodafone Cash,Completed,6321.0,4910.0
ORD0011070,2024-12-30,20241230,CUS00078,2,EMP0031,Debit Card,Completed,2432.0,1810.0
ORD0002733,2024-12-30,20241230,CUS00161,7,EMP0131,  InstaPay  ,Cancelled,2120.0,1080.0
ORD0007011,2024-12-30,20241230,CUS02989,12,EMP0179,Fawry,Completed,924.0,490.0
ORD0005587,2024-12-30,20241230,CUS00158,12,EMP0180,  Fawry  ,Completed,720.0,340.0
ORD0011495,2024-12-30,20241230,CUS01842,9,EMP0149,Credit Card,Completed,1062.0,580.0
ORD0001791,2024-12-30,20241230,CUS02785,1,EMP0016,InstaPay,Returned,1440.0,690.0
ORD0001717,2024-12-30,20241230,CUS02413,6,EMP0120,  Credit Card  ,Completed,323.0,160.0
ORD0009672,2024-12-31,20241231,CUS01967,1,EMP0011,Debit Card,Returned,886.5,500.0
ORD0010182,2024-12-31,20241231,CUS02253,1,EMP0014,Fawry,Completed,4640.0,4280.0
ORD0009178,2024-12-31,20241231,CUS01105,6,EMP0126,Vodafone Cash,Completed,1786.0,960.0
ORD0005079,2024-12-31,20241231,CUS02998,3,EMP0058,Vodafone Cash,Completed,135.0,70.0
ORD0007304,2024-12-31,20241231,CUS01198,15,EMP0208,Cash,Completed,1815.0,940.0
ORD0005982,2024-12-31,20241231,CUS02327,7,EMP0128,Fawry,Completed,798.0,400.0
ORD0010786,2024-12-31,20241231,CUS02472,2,EMP0049,Debit Card,Completed,3019.0,1800.0
ORD0003760,2024-12-31,20241231,CUS01976,3,EMP0066,  Debit Card  ,Completed,17700.0,14100.0
